id,price,moonRank,ðŸ’Ž score (%),storeURL,Background,Baloons,Crystals,Dome,House,Lower Floor,Original,Upper Floor
5,1.7,9,83.6,https://magiceden.io/item-details/ApYAyNyTtHVg6ZYj6vZTgbXv82q7CGShb5wxQcsDA2Nd,Inverted Moving Red Stars,Balloons Variant,Tanzanite,Cracked Dome,House & Store GM,Purple & Green,,Bluish Lava
23,0.35,1764,65.45,https://magiceden.io/item-details/D1MXE37MFZtoBkYRTgD8dGdDEG6HAT9thq7LCBzrZHeL,Space With Planets,None,None,None,Blue Portal,Blue,,Pyramid & Gold Markings
51,0.5,1584,67.19,https://magiceden.io/item-details/87YQLgy5rDu8ttV27xYFBvAhkFrTXDZYCzzR4qEcy5jW,Heatwave Chroma,None,None,None,Sword,Golden Crystal,,Solana City Orange
53,6.969,244,26.67,https://magiceden.io/item-details/FAD5yRq6qt2PtR4dhzqRYmWmDZR6ZqQe8GiNAd5SrmwJ,Comet,None,None,Water Dome,Blue Mushroom,Brown & Blue Shaded,,Basic Stones
84,0.08,1960,64.61,https://magiceden.io/item-details/CbveNmwJgEf8RQ2acuJjhDTjn9KkohzSmJsgw4W6Noa2,Cold Wave Lightning,None,None,None,Sold!,Pink & Green Shaded,,Green Lava
97,0.4,1825,63.85,https://magiceden.io/item-details/FJegoeNbSyvrn1mArGiQxQNrg77brf6AvC1dpwUvvMmz,Heatwave,None,None,None,Hobbit,Goldand Blue,,Green & Pink Lava
116,0.278,1756,66.31,https://magiceden.io/item-details/8wv2eMwKHk93Z1s23tdKKVQ1Ej8Wj13YyhcPkMe6csYm,Moving Space,None,None,None,Beast Sword,Green & Purple,,Orange Rush
117,0.35,1248,74.75,https://magiceden.io/item-details/6p4p328Kf17GMqLizxW2zF3No1pcBfrwceeWr79LPMF6,Dark Moon,None,None,None,"House, Store &Tree Bloom Bluish",Blue & Brown Shaded,,Golden Snow
120,2,941,63.79,https://magiceden.io/item-details/HuEBXtZNEcpFTTWKDNhxRFdMAuZrpGLqvzVXWR3Xjqop,Space & Stars,None,None,None,Dimensional Portal,Red Crystal,,Orange & Purple
142,0.31,529,88.12,https://magiceden.io/item-details/7Tk3ca5XUxxedGQ7rVLSq9uT46pDH63F4Wt1F7fVsox4,"Space, Stars, Planet",None,Tormaline,None,"House, Store &Tree Bloom",Redish Blue,,Green & Pink Lava
143,1.69,696,71.31,https://magiceden.io/item-details/Fghpw4VttdGvYNdvAWbqftbVCNNzfEDFP7dzJZmD5XVA,Clouds & Light,None,Ice,None,Sword,Purple & Green,,Basic Green
150,5,77,49.37,https://magiceden.io/item-details/2JDRubuSmetJHTB5vHkJ8KJKZmWyNcxvUm9HK6UdrmT6,Space With Planets Variant,Big Baloons,Tormaline,None,Portal,Redish Blue,,Blue Snow
156,0.28,1059,78.86,https://magiceden.io/item-details/34NbkZKdgSGWjgBYB7LNty3QHM1Vb43MGcHXPvDUo7jt,Comet,None,None,None,Blue Mushroom,Brown,,Golden Rush
168,0.14,1202,77.68,https://magiceden.io/item-details/AspRGmuCsMa2rWuZnFMGfsXsseTv8AQyzp3c78ezLsxK,Space & Planet,None,None,None,A-Frame,Ground & Gold,,Stones Markings
173,0.1,1950,64.59,https://magiceden.io/item-details/3QL48GqybU4u6kN6VoRcaKwsX8i6ZaWyMzqcnZdoECKj,Moving Space,None,None,None,A-Frame,Brown & Blue Shaded,,Stones
183,0.35,576,86.87,https://magiceden.io/item-details/3YhXFAnkAmew6xfPafDvAmUJ2DR1A4orf6mKv4bavGEo,Space & Planet Moving,None,Tormaline,None,Pink Tent,Blue,,Golden Snow
195,0.97,160,88.17,https://magiceden.io/item-details/BczsVm3pJoBcqjCnLAHDrQnWQ5JSUDriLMB2gt3ShCpN,Dark Moon,None,Gold,None,Sold!,Purple Crystal,,Pyramid & Markings
196,1,747,77.29,https://magiceden.io/item-details/DAyEHC39SH2QNMhdkhG6j1HHwSZnzbwTXAi11iXEqj8v,Dark Moon,None,None,None,House & Store Purple,Gold Crystal,,Pyramid
201,0.15,1433,73.42,https://magiceden.io/item-details/GfER9EhK7erxzT6VURJrnhSrWGZh5dnnTnsox7UeLjz6,Moving Space,None,None,None,"House, Store &Tree Bloom Bluish",Brown & Bluish Shaded,,Solana City Orange
211,1,179,87.53,https://magiceden.io/item-details/H4jhXRM25EHuJAviz8yVyLh6rrfnVAuEj4sv45iX52tU,Red Sky Dark,None,None,Water Dome,Sold!,Redish Crystal,,Orange Rush
212,1.8,30,82.22,https://magiceden.io/item-details/QQ8wuHFprkoTSxR5mv9iRS6QfBwKu1xU9roLnioid7M,Black Hole,Big Baloons Variant,None,Dome,House & Store Redish,Redish Crystal,,Blue Snow
214,1.7,573,73.43,https://magiceden.io/item-details/BbWVBqvcorK292EmeZNRMkQR1wqJQrvSTXi5hCEFCsVB,Red Sky,None,Ice,None,Yellow Mushroom,Blue & Brown,,Lava
215,0.39,2142,58.23,https://magiceden.io/item-details/CT4UJWBm31CfzhofJT9ZmqmNFUrKEKLX4nEWv5XUjqr2,Heatwave,None,None,None,Hobbit & Gnome,Green & Purple Shaded,,Lava
228,0.11,2168,60.56,https://magiceden.io/item-details/fZQEKv68eoejLgidYQ2fgszHDm6AJyNkc2zztmFb9Fp,Space & Stars,None,None,None,Hobbit,Purple & Green,,Basic Blue
241,0.45,733,83.04,https://magiceden.io/item-details/FJQSFeBTKg35jfYtq4meDPevkcL5X49afQ4BC4u8DiYJ,Trippy Space,None,None,None,Blue Portal,Gold and Purple Crystal,,Pink Stone
248,0.3,1766,65.91,https://magiceden.io/item-details/C1kZwRRQJcDTyA3SSUTf2EznPWwkDGXL63uErRE2tfWy,"Space, Stars, Planet Moving",None,None,None,On Sale!,Yellow Crystal Ground,,Lava
253,0.175,1903,64.69,https://magiceden.io/item-details/5sHEtasQ1pPHhaJe71ftVzrfkTjRfejh6bQM4UmP5sEP,Clouds & Light,None,None,None,Portal,Pink & Green Shaded,,Blue Basic
270,0.999,1270,67.87,https://magiceden.io/item-details/FbKrZGt61f2JQTUxxsvM5NeFsPPfL29eMCvGciPy2Qs,Inverted Moving Red Stars,None,None,None,Sold!,Rare Crystal,,Gold Rush
280,0.5,1631,66.35,https://magiceden.io/item-details/FRg13G55Xa4DLNH5KGvAzpGq2vwTC79YraXxQnjCH82Q,Heatwave,None,None,None,Yellow Mushroom,Brown Shaded,,Pyramid
281,0.6,1843,61.52,https://magiceden.io/item-details/8cLdd1epT3hwXVd5fY7LPZBhQQbHLbPc7LD68fb3XLtv,Meteors,None,None,None,Orange Tent,Blue,,Golden Rush
282,0.97,1463,64.68,https://magiceden.io/item-details/7B79SXznkztzL1d2y9fGtXBpSYVvMrWdy9d9JpJ8LXVf,Space With Planets,None,None,None,A-frame Blue,Ground & Amathyst,,Solana City
302,0.36,1671,67.02,https://magiceden.io/item-details/CzHCcGomU4QTZHziMqWqyoYT5UoJbR4NccH5zDR8XVkV,Black Sky,None,None,None,House & Store Purple,Goldand Blue,,Basic Blue
319,0.14,1479,72.69,https://magiceden.io/item-details/7NEEQ8FmWwA1iVt23WH1zpD8b85e62ne3G5BBUFAnavw,Blue Clouds,None,None,None,Lit Hammock,Pink & Green Shaded,,Basic Green
325,0.69,1323,70,https://magiceden.io/item-details/CaXCRtwiu7LhWBxRn2qYcYGMGgS8GmFDnxhyrqhJckmk,Clouds & Light,None,None,None,Lit Hammock,Green & Purple Shaded,,Pink Stone
330,0.15,527,89.76,https://magiceden.io/item-details/9Q6WEv5usHUoTwpS8zG4j5SscGLFH8DzHQivvSrVoC8D,Space & Planet,None,Ice,None,Lit Hammock,Green & Purple,,Stones Marking Purple
331,0.35,396,90.12,https://magiceden.io/item-details/7bpwy2iGL8CB5Xh7yjgc45AxYkaP5wh7MBsDVUn2y6Rq,Black Sky,Big Baloons Variant,None,None,Gm,Purple & Green,,Golden Rush
333,2,154,77.98,https://magiceden.io/item-details/HdK4BS3QirvPmT77cEC91wdgLXank3C6xP1xhcebyJEN,Meteors,All Big Baloons,None,None,Orange Light Tent,Brown & Bluish Shaded,,Green Lava
339,0.25,749,84.75,https://magiceden.io/item-details/8J4JgRMNZdXnoSW9jjSkBMyZ54k8C9VJUY1jxPgmt7Ai,Space,None,Black Crystal,None,Hobbit & Gnome,Blue & Brown Shaded,,Orange Lava
344,0.6,1163,73.79,https://magiceden.io/item-details/GgwzdJSpoAdP1kEkVg2hu6j7ND6LhxruUdwUsxNduWe3,Black Sky,None,None,None,House & Store,Ground & Amathyst,,Pink Rush
350,1.2,26,88.29,https://magiceden.io/item-details/5pm6CtevcWcn3E7jagE8VjbyHJfszshZAJEE6GvBQpPN,Space Movement,Big Baloons,None,Cracked Dome,House & Store Orange,Redish Blue,,Purple Stones
357,0.25,1234,76.01,https://magiceden.io/item-details/4R13xwcKPX4i9QU1qNDLoY6SpRJ1FxFFvKCCcAKUCwDg,"Space, Stars, Planet",None,None,None,Hammock Purple,Pink & Green,,Pyramid
363,0.4,194,93.26,https://magiceden.io/item-details/Epr1RkgS6sQ9LqphLBb4SAY6EVJa3ugfmqjctuC8mPqp,Moving Red Stars,None,Tanzanite Rare,None,House & Store Purple Variant,Rare Crystal,,Pyramid & Gold Markings
373,1.12,212,85.74,https://magiceden.io/item-details/UuvYAJi62PVwFAP4JtbLLfkZ3wYbkbp44sYfcDPV87P,Space & Planet,None,Stibnite,None,House & Store GM,Ground & Amathyst,,Basic Blue
382,0.5,1010,77.55,https://magiceden.io/item-details/69jAdeNQgVftdttbzsc1CGAwh3TztjX9fiPWVcGGuegP,"Space, Stars, Planet Moving",None,None,None,Gm,Blue Crystal,,Green Lava
401,0.45,964,78.87,https://magiceden.io/item-details/9JxPzYoHn2XKugQRDLi4a9SVjCtyEm6EZzz13YV1B9RK,Blue Clouds,None,None,None,A-frame Blue,Redish Blue,,Pink & Blue Lava
411,1,1653,60.95,https://magiceden.io/item-details/B8g43YkWoVuSLQXnTM3ZAYhfyZ2XCSJgrgebPYtZEHRk,Red Stars,None,None,None,On Sale!,Bluish,,Golden Rush
436,4.2069,1128,38.35,https://magiceden.io/item-details/7aUcczpFERyVvM7Qnoq9qa5xxiXHn9BjsBUt9yemT6tR,Space & Stars,None,None,None,Gm,Blue,,Gold Rush Chroma
437,0.45,385,89.32,https://magiceden.io/item-details/HRkcePkkhBAkX8hgNsSynKrsGFi6nYD8AyxbjVXL5LtU,Space With Planets,Big Baloons,None,None,House & Store Redish,Redish Crystal,,Pyramid & Markings
441,0.2,968,81.3,https://magiceden.io/item-details/9MVXMDxKWWJYwTdxCdcrwvSBCgbeEjeTrbxWUKwuYoXV,Comet,None,None,None,"House, Store &Tree Red",Red Crystal,,Purple Lava
452,1.2,190,85.33,https://magiceden.io/item-details/G56Xfm9e8zrRk3AyzdLaKNyH5zyChQP3EqRpE7TYQQPw,Moving Red Stars,Balloons Variant,None,None,Golden  Hobbit,Brown Shaded,,Green Lava
494,0.21,1174,77.49,https://magiceden.io/item-details/7qYAtJwdX3P7KGdwrJBPhtA6w59EQ8m4iJDx9xusBWsi,Clouds,None,None,None,A-frame Blue,Pink & Green,,Gold Rush
520,0.85,1931,57.44,https://magiceden.io/item-details/CPdpuDwcFjLqEXrugbZ6JHFBKVYNdsV5LhRCpXNUVPpQ,Black Hole,None,None,None,On Sale!,Blue & Brown Shaded,,Solana City Orange
524,1.75,2053,46.24,https://magiceden.io/item-details/BnVFiPsDZSPhnAnyHBqdtsf1Zmfxtksgs2wzhzPXyqEM,Moving Space,None,None,None,Orange Tent,Blue & Brown Shaded,,Pyramid Rare Light Green
525,0.12,1468,73.09,https://magiceden.io/item-details/CyFYr8urtmDFde32dQzEy9Fun5DKMpyKQvLQDbCnjAEr,Meteors,None,None,None,Hobbit,Brown & Bluish Shaded,,Gold Rush
529,0.573,386,88.07,https://magiceden.io/item-details/9yZim63r4zNDYxA9Byy95ncNgPSQnk63H6w5LBrD1h2K,Space With Planets Variant,None,Tormaline,None,Blue Sword,Rare Crystal,,Solana City Blue
531,0.4,148,94.09,https://magiceden.io/item-details/4F3haXf1JbRwEzGc2HtAEiVf1HbXL2KAdeaZvDMNXhjy,Meteors,None,Tanzanite Rare,None,Hobbit,Blue Crystal,,Pink & Blue Lava
534,1,241,86.41,https://magiceden.io/item-details/9N2r4rMeHuasEX2zkpV1GGRuZeo4mYcCZPToXarG1W1m,Red Sky Dark,None,Black Crystal,None,House & Store Purple,Gold Crystal,,Purple Lava
540,0.15,2110,61.21,https://magiceden.io/item-details/74UV2MKQyCxJYH4FNmDqvWEByire9wE8sptEytk5W7K7,Clouds & Light,None,None,None,Orange Tent,Blue & Brown Shaded,,Pink Rush
559,0.55,595,84.53,https://magiceden.io/item-details/3KuGsu72UieiH3GL64E8otX3zdwDZU8t66yP8wqhTzFS,"Space, Stars, Planet Moving",None,Tanzanite Rare,None,Sold!,Purple & Green Shaded,,Golden Rush
561,0.35,1097,77.48,https://magiceden.io/item-details/5VxLf3wNcr9oqjVnzp82ZAyA4RYuFLAtS8miTr11h4t4,Space & Planet,None,None,None,Lit Portal,Redish Crystal,,Stones Marking Purple
571,0.9,119,89.61,https://magiceden.io/item-details/DfJAm41EPiu4omtfV8EiwJevgDssrUwFFtvoTR5RSHxA,Space & Stars,All Big Baloons,None,None,House & Store Orange,Redish Crystal,,Autumn Snow
586,1.25,135,85.83,https://magiceden.io/item-details/A9dz54FWu43x8QSPc2kiVjbDaM3CGcY9dP85QH3sE5de,Heatwave Chroma,None,None,Dome,House & Store Verynicely,Purple & Green,,Stones Markings
594,2,173,77.64,https://magiceden.io/item-details/2QrkN4ekGc8xDRd4irxGfwoJuYbZV1nPSp7MLXhF46Nw,Comet,None,None,Cracked Dome,HammocK,Blue Crystal,,Stones Marking Purple
603,0.2,2104,60.82,https://magiceden.io/item-details/C1M67YGNJjogcpGtXV1wgKdmitp48gMeEeqkCdF7tYYF,Space,None,None,None,Golden Sword,Purple & Green Shaded,,Basic Ground
609,0.3,1580,69.27,https://magiceden.io/item-details/8hcnnBpivqCErf6asGmCTTYg4Ttq191jkFTjgzA8rwRd,Moving Red Stars,None,None,None,Orange Tent,Redish Crystal,,Pink & Blue Lava
611,1,488,81.96,https://magiceden.io/item-details/Bw1MwTCYbsnm6TkeRDKbS7CyUEuMgYKhLGxFp6XFn7Zf,Space,None,Tanzanite,None,Blue Sword,Brown & Blue,,Basic Blue
618,0.8,967,75.32,https://magiceden.io/item-details/4wMPpmaUtVDhHWmw4Y2M6BNCV8uWWWaahXQoKR2wGSuK,Inverted Moving Red Stars,None,None,None,Yellow Mushroom GM,Yellow Crystal Ground,,Solana City
640,0.9,1478,65.11,https://magiceden.io/item-details/G5VZurvsWdPQiksLXGH9Y5CM7Qzom6m9fGiqpXP6VcA5,Space With Planets,None,None,None,Golden Sword,Blue & Brown,,Golden Snow
650,2.45,1844,43,https://magiceden.io/item-details/CfCMJACAjWnpRmPZR2ANCbMDzR2vTErDX72u9LY7QBXz,Space,None,None,None,"House, Store &Tree Red",Goldand Blue,,Purple Lava
664,0.35,800,82.83,https://magiceden.io/item-details/8PDQU2h4bEVoKbzZBE91BWztCYHySPL3UrMGQ9Q2KWor,Comet,None,None,None,Hammock Purple,Goldand Blue,,Pyramid Rarelight
671,1.5,1177,64.53,https://magiceden.io/item-details/2MJ18eJ5e4nknwaqH3ZFvgNMx1RcypfaHHNHCLx4naQc,Moving Space,None,None,None,Gold Mushroom Complete,Pink & Green,,Purple Lava
672,0.6,1744,63.31,https://magiceden.io/item-details/DNppDDLTbFa6DCYodg7pejfPqQVNTmkNTy2aPabEouDr,Heatwave,None,None,None,Lit Portal,Blue & Brown Shaded,,Pink Rush
680,0.4,1225,74.67,https://magiceden.io/item-details/6BEzoj2qbXetKWJGbwLBvUT9UGQfu6fuw3xChyEhCrGw,Inverted Moving Red Stars,None,None,None,House & Store Redish,Purple & Green,,Golden Snow
682,0.4,2135,58.26,https://magiceden.io/item-details/6aX4jApoX37GhLwuKC5H6cA68Wv954uCwoDYhDaZY46L,Space With Planets Variant,None,None,None,Orange Tent,Green & Purple,,Pyramid
686,0.75,1736,61.95,https://magiceden.io/item-details/BfQstC4P1T1KL6THQS7EsNN7344rn5siuKyy364YhdRW,Red Sky Dark,None,None,None,House & Store,Pink & Green Shaded,,Snowy
688,0.666,375,87.34,https://magiceden.io/item-details/EmwTxvHaddKDfCa3WRH6mzyCetCcwJ29xXTivX4QFE3Q,Space With Planets Variant,None,Tanzanite Rare,None,"House, Store &Tree Purple",Pink & Green,,Stones
693,5,1495,23.8,https://magiceden.io/item-details/FM25WSUVofPh7ss5ZS4swLkeTjcPLKdtNVMjmuQ6TJ6Q,Heatwave Chroma,None,None,None,Blue Sword,Golden Crystal,,Basic Stones
718,0.6,915,78.26,https://magiceden.io/item-details/BrHncdhUogYMA6keeCiCzwxxsV1GDa4EaeWi5kZPyum,"Space, Stars, Planet",None,None,None,House & Store Purple,Bluish,,Basic Green
723,0.61,1027,76.14,https://magiceden.io/item-details/72XSiwBHNGWjSKEVi7HogBREv4VZ4TV6oQhEHo2Bq4pN,Moving Space,None,None,None,Gold Mushroom Complete,Green & Purple Shaded,,Autumn Snow
724,0.15,1946,64.17,https://magiceden.io/item-details/3BGunBjMJvvLQhyAhQtdwMEJzrZAX5N9NNDnEr4Z44x6,Cold Wave Lightning,None,None,None,Orange Tent,Green & Purple,,Stone Tower
735,0.39,716,83.95,https://magiceden.io/item-details/AHosxCDZLjNUVq6QUUCwc8t8aExSzbrkLRxDBZyRbKeu,Moving Space,None,None,None,House & Store Verynicely,Gold Crystal,,Gold Rush Chroma
739,1.9,1659,51.84,https://magiceden.io/item-details/2ofMTHPLg5xV6R1296Z1CugghPhAMU2ExKs6gvMWKgDt,Space With Planets,None,None,None,Beast Sword,Ground & Ice,,Solana City
752,7,18,30.44,https://magiceden.io/item-details/AbxYfTap4z1qHJubvQQiZiqNroHHEgoPbJFU4bsY6Zv,Space With Planets Variant,Balloons Variant,Gold,None,Gold Mushroom Complete,Purple Crystal,,Basic Stones
767,0.12,2160,60.61,https://magiceden.io/item-details/BuH1VPfgBNgnQSrvuGGAtE48wnyouoZmdW2HaJ2twq25,Space,None,None,None,Orange Light Tent,Blue Shaded,,Basic Stones
768,0.15,2101,61.37,https://magiceden.io/item-details/4CY9MKMoZUL76vceK758w6jDTmhWvsvNZAn5tvuodmZE,"Space, Stars, Planet Moving",None,None,None,Hobbit & Gnome,Green & Purple Shaded,,Purple Lava
771,1,1116,70.63,https://magiceden.io/item-details/A3wgCNMSgoE75BMeAmP4tPuaxTjkYjWDcyPTXbzAqBPg,Space & Stars,None,None,None,House & Store,Redish Crystal,,Gold Stone
781,0.45,105,94.37,https://magiceden.io/item-details/Gr9XBej4qYYsPAjGVndbd8fqDUGfq5RFNEsHhF4G6FCG,Black Space,None,None,Water Dome,"House, Store &Tree Purple",Blue & Brown,,Blue Snow
787,1,977,73.14,https://magiceden.io/item-details/CVJUCt1UsQ72CXhZFALxe3UzuhHtv1fxjjjV2MKWkLEY,Clouds & Light,None,None,None,Dimensional Portal,Blue Crystal,,Golden Rush
789,0.33,960,80.15,https://magiceden.io/item-details/DF3QRDUUMQ2cEWVYopxqfPScZ1YmHVu1caihAxRU5FUV,Red Sky Dark,None,None,None,Gm,Brown Shaded,,Orange Rush
808,0.4,1072,77.43,https://magiceden.io/item-details/Gd2bMXWDV3o3cJajmP6KUJiUpNVXxfBfp9vSdSDzqCFe,Moving Red Stars,None,None,None,Lit Hammock,Gold Crystal,,Blue Lava
810,0.4,384,89.83,https://magiceden.io/item-details/9k7PNeQLXWUErbnjnExptzPfSSE4ncmfonNuq4ABqY8y,Moving Space,None,Tanzanite,None,"House, Store &Tree Bloom Bluish",Gold and Purple Crystal,,Blue Lava
813,0.385,127,94.62,https://magiceden.io/item-details/C7LErUbk4P81qTgUXaK7WKsBbKMRckDa1mAHGjpiy6ET,Trippy Space,None,None,Sphere,Hobbit,Redish Crystal,,Gold Rush
843,3,1015,52.46,https://magiceden.io/item-details/Dq8qXDUPvrZ9h6FjVqLfniy4omQKp6BHAwACfmnVGkaM,Inverted Moving Red Stars,None,None,None,Gold  Mushroom,Purple & Green,,Purple Stones
845,0.1995,315,93.08,https://magiceden.io/item-details/B1rXcNAFZ6GRDnzmzQbLhYjsZ4iuSpLNCJMNVnZfQySy,Moving Red Stars,None,None,Dome,Golden Sword,Ground & Ice,,Pyramid & Gold Markings
849,1.25,281,83.19,https://magiceden.io/item-details/5P3JnGFAzo7VBsbJjkgjpDTQjG3Fv6hd7Somkic9GFdF,Space & Planet Moving,Balloons Variant,None,None,Portal,Golden Ice,,Purple Lava
853,1,402,83.51,https://magiceden.io/item-details/F7dEDYawTmYuS2Eeh4XFzqsaG3uAbqQCZRAcvmSGy3Cp,"Space, Stars, Planet Moving",Big Baloons Variant,None,None,Pink Tent,Purple & Green,,Orange & Purple
860,0.85,445,84.23,https://magiceden.io/item-details/FAEbJhRXZ6cirYTCNLAu3iHjBiPtmRhBnCELSV3yddnQ,Space,None,None,Water Dome,Beast Sword,Ground & Tourmaline,,Basic Stones
863,0.7,140,91.24,https://magiceden.io/item-details/53X8gieEC1sYaGTtFP4qpmbR2nj7GXXftvYzdNYrYt6x,Heatwave Chroma,None,Ice,None,"House, Store &Tree",Bluish,,Gold Stone
882,0.14,2155,60.5,https://magiceden.io/item-details/9HQpu4e8VDHYwwFxmQzPS41ssHeh1MWwDzad6nQ4TNe6,Space,None,None,None,Orange Tent,Redish Blue,,Stones Marking Purple
891,0.5,1983,60,https://magiceden.io/item-details/38q5tqKZTBnsScq3qBmhkwgiPV2mdiLChVZ3dgHDm5BN,Cold Wave Lightning,None,None,None,Hobbit & Gnome,Pink & Green,,Purple Lava
900,4.69,83,52.36,https://magiceden.io/item-details/5Y2gyz6aPKnCR5snmfDtokM8mmwQ3ich3HQ2WdjvdL4T,Black Hole,None,Black Crystal,Dome,On Sale!,Red Crystal,,Basic Blue
907,4,1193,39.25,https://magiceden.io/item-details/B7yGX4efc6617mCbJxwm6RypMRrFGWndhNjWYQ9vmrbb,Moving Red Stars,None,None,None,Dimensional Portal,Green & Purple Shaded,,Solana City Green
912,0.39,40,96.14,https://magiceden.io/item-details/8VBKkTn4kK6xx6geYGjnHwUES995TFaMadvyvAX8w2Xy,Space Movement,Balloons,Tanzanite,None,"House, Store &Tree Bloom Bluish",Brown Shaded,,Orange Rush
913,0.6,1088,75.14,https://magiceden.io/item-details/BBuvizrg5U8P59b2BYbneFRVhWhxoKZCr3bKxt1BfsP7,Space With Planets Variant,None,None,None,"House, Store &Tree",Golden Crystal,,Solana City Blue
918,1.69,2171,44.71,https://magiceden.io/item-details/4SC3hHUGctuvjCJBUsEnRsp6NtjojgAGo5DputzdND2A,Space & Planet Moving,None,None,None,Hobbit & Gnome,Purple & Green Shaded,,Pyramid & Markings
932,0.7,1563,65.57,https://magiceden.io/item-details/97NC2UoNUTnQ9Bmea5PadZRAgxjiMNisRvQvUGo6AQ7q,"Space, Stars, Planet",None,None,None,House & Store,Redish Crystal,,Solana City Green
934,1.25,523,78.83,https://magiceden.io/item-details/47ts3e7frkMMFJoNUZ7vnXUSSvEAco6aPnmssLcLWWBt,Moving Space,None,None,Dome,Sword,Green Crystal,,Autumn Snow
935,0.85,979,74.6,https://magiceden.io/item-details/BUxvG2YA9sFWNvcGKWXKdU2t5TSZY8PmmJ3pVtp1Roo4,Inverted Moving Red Stars,None,None,None,"House, Store &Tree Purple",Golden Ice,,Blue Lava
937,1,333,84.75,https://magiceden.io/item-details/EWTsVLUb1Wz45Q9YozFCc36B4dPW7hFMoYqWPhihRh9t,Space With Planets,None,None,Dome,Blue Portal,Brown,,Stone Tower
946,0.4,1774,64.77,https://magiceden.io/item-details/5ESbMBXenE14WZv2mVz5wEfPFeX64hTp1g7wUKfrpAm4,Clouds,None,None,None,Sword,Blue,,Solana City Green
963,0.9,837,76.67,https://magiceden.io/item-details/DukLtUtWLHyEfoRoNGmf7rjVU1kBopj4iZzWUF6WrRGA,Inverted Moving Red Stars,None,None,None,House & Store Orange,Ground & Amathyst,,Green Lava
968,1.15,779,75.21,https://magiceden.io/item-details/86xhPb6gg2XD4sZMEZy6bxHn87VJokkYtu3KXBkBxg7R,Trippy Space,None,None,None,House & Store,Ground & Tourmaline,,Stones Markings
969,0.17,307,93.52,https://magiceden.io/item-details/3oVdXcP4rsujyupjBwAmRfZZnN3eSX4H1vdaPSX3K5Dp,Inverted Moving Red Stars,Big Baloons,None,None,"House, Store &Tree Bloom",Pink & Green Shaded,,Snowy
971,1.1,1611,60.71,https://magiceden.io/item-details/EHDpSD3g7eMmjwr6BHqhSmySDZbWN3yWVfX1GtRZNb1y,Cold Wave Lightning,None,None,None,A-frame Blue,Pink & Green Shaded,,Stones
984,0.15,1236,76.97,https://magiceden.io/item-details/14GXckS4i2bAGpWEhQP1ZH7urnrfxJrwTg14CjSCvmZt,Red Sky,None,None,None,House & Store Redish,Goldand Blue,,Pink Rush
1001,5,742,37.38,https://magiceden.io/item-details/AVi8f6z1AHkAtSxAoo827KB5mVnRjj9V9i4M7BG4QWNQ,Space Movement,None,None,None,"House, Store &Tree Bloom Black",Golden Ice Chroma,,Golden Rush
1013,4.1,493,50.87,https://magiceden.io/item-details/8E1YUMeLrSmPUvc99fu87Z742hC7ww91zptwp6UWpQB1,Heatwave,Balloons Variant,None,None,Sword,Golden Crystal,,Basic Ground
1018,0.185,531,89.33,https://magiceden.io/item-details/7UL3tD4hPqmJMdtx1tvGJQqk1rcdxEbatcYsghMyvqDm,Space,None,Black Crystal,None,Blue Mushroom,Pink & Green Shaded,,Gold Stone
1021,0.8,1143,72.15,https://magiceden.io/item-details/9feuQfHW15WgrseTUjW78Js7FxWkwwUxtZpaVitzp3L8,Space & Planet,None,None,None,Gold  Mushroom,Ground & Tourmaline,,Lava
1026,0.5,709,82.97,https://magiceden.io/item-details/9MUfUZGbHUKCQvdw9goHZabb1XoMi69tToEp5Q8C3zJh,"Space, Stars, Planet Moving",None,None,None,"House, Store &Tree Bloom Black",Gold Crystal,,Gold Stone
1042,0.25,1652,68.47,https://magiceden.io/item-details/95iSd9KbsyFrz4PERXLBybjNp4GJR4zBuuss3jA6Tg6u,Moving Red Stars,None,None,None,Gm,Blue & Brown Shaded,,Snowy
1054,0.14,578,88.94,https://magiceden.io/item-details/DCbUHe5cHDVYTLxVdH1fTwDCLKnrQEvj1U7onJKDSKPs,Red Sky Dark,None,Tanzanite,None,Sword,Redish Blue,,Basic Green
1065,0.55,1888,61.21,https://magiceden.io/item-details/9FAoB3eq1WBtWikm9w8UpaJwaLPWdA1q9YXEtFqi555Z,Space & Planet,None,None,None,House & Store GM,Purple & Green Shaded,,Stones
1073,0.4,1712,65.89,https://magiceden.io/item-details/EGhDu8GwE9geJdZbHNWSBVh24R9LDphdPzUiQBcRyjnv,"Space, Stars, Planet",None,None,None,Sword,Brown & Blue,,Pink Rush
1081,0.3,1930,62.95,https://magiceden.io/item-details/69EGWYfxicgiQXY2Jyqi8njVFggcZbsj8ac7PJKALeSD,Cold Wave Lightning,None,None,None,Blue Portal,Purple & Green Shaded,,Orange Lava
1084,0.28,1011,79.73,https://magiceden.io/item-details/6ub391DL1M1MBiB4gas8jBRSssSqSBmzT9w2mEPHD7cy,Space With Planets,None,None,None,Blue Portal,Gold and Purple Crystal,,Stones Marking Purple
1085,0.28,1639,68.4,https://magiceden.io/item-details/FBbLpWTphEoWax2P5n1aTRjrupJvJCATjrwmw7Jqc7yT,Red Stars,None,None,None,Beast Sword,Brown Shaded,,Purple Lava
1091,0.77,92,91.4,https://magiceden.io/item-details/EZnnqWNJq8wmMXETd5EtnEMnxAdH36RgSXDTr311AV2n,Comet,None,Gold,None,"House, Store &Tree Red",Redish Crystal,,Orange Rush
1103,1,873,75.02,https://magiceden.io/item-details/4Mh5NXM9csRVHHjp2Rg438yiXgZz8UtrhPL9zsx8EZdc,Black Sky,None,None,None,Blue Sword,Ground & Ice,,Pink Stone
1105,0.5,843,80.56,https://magiceden.io/item-details/5s4b2dL6ZBtyWHkVc9cbxkawukJ6Puy2zx16mLqVCEvt,Inverted Moving Red Stars,None,None,None,"House, Store &Tree Bloom Black",Purple & Green Shaded,,Pink & Blue Lava
1111,2,3,80.71,https://magiceden.io/item-details/2CMpRUUqX44BC3xz6h1DRDUxBYdMDb3rQJZKLQXhKwhr,,,,,,,1:1,
1112,1.9,922,65.13,https://magiceden.io/item-details/FqVTM5apaq1MyrmD2ZzXmVkR69gr3AmHQ7H4QiJbyoW3,Trippy Space,None,None,None,Orange Light Tent,Yellow Crystal Ground,,Pyramid & Markings
1124,0.28,1150,77.22,https://magiceden.io/item-details/9Zz9wmVXH6SSiefBf2iqtmE3cBLGCTL8ShF7VuqVYtJN,Red Stars,None,None,None,Gold  Mushroom,Golden Crystal,,Pyramid & Gold Markings
1128,1.3,676,75.57,https://magiceden.io/item-details/FZJoqjwaaUUn1o1s4ti64WYKQrCizGo2rzMfbtD74FSW,Heatwave Chroma,None,None,Cracked Dome,Hobbit & Gnome,Purple & Green Shaded,,Blue Lava
1177,1.5,1628,56.4,https://magiceden.io/item-details/GH2hgXihCpGKpzTH43eFQdRJkgoAiwMUobNrJUwZt94,Space With Planets,None,None,None,"House, Store &Tree Red",Redish Crystal,,Green Lava
1196,0.23,1559,70.34,https://magiceden.io/item-details/6KviMGStdDfpPY11pQhg2rn7xbMu3xorSp7tURAR4k4T,Space,None,None,None,House & Store Purple Variant,Brown Shaded,,Solana City Orange
1202,0.75,1467,66.8,https://magiceden.io/item-details/4rD68vhXAB1vnyiHZXFgEmtRWJx9dkj72koq4YWiUSYa,Space With Planets,None,None,None,House & Store Purple,Pink & Green,,Stones Marking Purple
1211,0.55,1187,73.85,https://magiceden.io/item-details/F9yS69nSgzsipp8g3SyJsz8NT37VTFp6NVBP96DQQsy9,Heatwave,None,None,None,House & Store GM,Brown,,Pink & Blue Lava
1222,5,19,50.42,https://magiceden.io/item-details/71JwciDo8BJG8YN6sa57AJohik9kGKXG9WWHcKGDgqqf,Red Stars,None,Tanzanite Rare,Cracked Dome,A-frame Blue,Bluish,,Solana City Orange
1270,0.17,1856,65.59,https://magiceden.io/item-details/DC3nLg8763o1mendnzkxbPQLFqMze2Ck7RsXKy4nhPS9,Moving Space,None,None,None,Yellow Mushroom GM,Purple & Green,,Pyramid & Markings
1273,0.14,707,86.61,https://magiceden.io/item-details/5CNq6TzBH2qFYGFyvHsKQytKHS5P9a5hCw6BcdfGzAEF,Blue Clouds,None,Ice,None,On Sale!,Blue & Brown Shaded,,Solana City
1284,1.9,46,80.93,https://magiceden.io/item-details/HqNhv6waJQtbzZLnBaCNrJtTKK4VNVekGHXdkyzJweUK,Heatwave Chroma,Big Baloons,Tanzanite,None,Hobbit & Gnome,Ground & Gold,,Stone Tower
1310,3,1837,37.63,https://magiceden.io/item-details/BJJpGqLtJg7RLcL5Ffs6uVXGrxhdmiWKFz9ZQNozCkDN,Space With Planets,None,None,None,Golden  Hobbit,Pink & Green Shaded,,Solana City
1317,0.15,1630,69.86,https://magiceden.io/item-details/Fqx3zeZ69FccphQPTzBpWTXRhQ8XymkRWDE1DsYpfDWy,Space,None,None,None,Blue Sword,Pink & Green,,Green & Pink Lava
1336,0.17,1687,68.64,https://magiceden.io/item-details/EPWpuWmW9hb58tQ9bAQN1BEvfFZeF4qJ9yCUbr618sMn,"Space, Stars, Planet",None,None,None,Yellow Mushroom GM,Purple & Green Shaded,,Gold Rush
1338,0.39,193,93.38,https://magiceden.io/item-details/DTMm6awTgHLbkdTtT3kdmCThV6dRFwpVcQVjKZeHDAak,Inverted Moving Red Stars,None,None,Water Dome,Yellow Mushroom,Pink & Green Shaded,,Purple Stones
1349,0.49,563,85.71,https://magiceden.io/item-details/3WzcLVZ1hFAA69FpyYM18dXGZKyMJExhJCMRQNChB1pF,"Space, Stars, Planet",None,Tanzanite Rare,None,Pink Tent,Pink & Green Shaded,,Pyramid & Gold Markings
1361,0.13,1948,64.33,https://magiceden.io/item-details/2AU2nbf4NpeZz9dAfSquK5Fu4ep1GcmRmfUVgFNLi51d,Moving Space,None,None,None,"House, Store &Tree Bloom Bluish",Brown & Bluish Shaded,,Orange Lava
1366,0.7,1627,64.42,https://magiceden.io/item-details/ADcMQ7pa5BDxrLuZTrNgftzoGbaD5J16JiuEgc3WoH6X,Space & Planet Moving,None,None,None,Sold!,Ground & Tourmaline,,Stones
1370,0.22,1095,78.81,https://magiceden.io/item-details/EepHojtBq6NgJMoypWbmYSA4dgzggRSSb7gyWGNcQi6p,Blue Clouds,None,None,None,Orange Light Tent,Ground & Tourmaline,,Basic Ground
1385,0.4,1936,61.85,https://magiceden.io/item-details/3ApuZ8CM8Mf5dw2vm4GjqZ76dNHBxy29oWwyjwxCjzuw,Space,None,None,None,A-Frame,Brown & Blue,,Blue Basic
1401,1,2075,53.34,https://magiceden.io/item-details/Dy2t7Xjc4RbLzw6XK76L9DN1V2Z9mePbExrUdsuW6S5y,Space & Planet,None,None,None,Orange Tent,Brown & Bluish Shaded,,Basic Ground
1408,2.5,1377,50.93,https://magiceden.io/item-details/H6rwYCUu3737H99Rf9hHYk8aTQnhBUkX3YUCnDFG3DWP,Red Sky Dark,None,None,None,HammocK,Brown & Bluish Shaded,,Basic Green
1411,0.36,1992,61.24,https://magiceden.io/item-details/DbUbGW2912jW3RAUZzJjSnqEWxRXi8JutytyVu6EmK1f,Space With Planets,None,None,None,Hobbit,Brown & Blue Shaded,,Basic Green
1423,0.5,33,95.16,https://magiceden.io/item-details/D7hjvbK12qoa5QPbqk5YE3ZxXUXAximmserFnKPRWPQS,Cold Wave Lightning,None,Black Crystal,Water Dome,Portal,Gold Crystal,,Pink Stone
1437,0.36,1883,63.2,https://magiceden.io/item-details/C5ukbDjQ5XKDtCKduS1gFFwmJ92mNYn2XLbcu7PQDDa9,Dark Moon,None,None,None,Portal,Purple & Green Shaded,,Basic Blue
1442,0.99,512,81.63,https://magiceden.io/item-details/CuGTyL98AgbBSSexzkUATif2Mkn3vTiybdCWARG9joJt,"Space, Stars, Planet Moving",None,None,Cracked Dome,"House, Store &Tree Bloom",Purple & Green,,Basic Ground
1449,0.36,1418,71.59,https://magiceden.io/item-details/FAZBvySRYqgDorUdNCdN6RxiJbxFGNFLknCW7w4MwsoD,Space With Planets Variant,None,None,None,Blue Mushroom,Redish Crystal,,Pink Stone
1450,1,2102,52.85,https://magiceden.io/item-details/6nYT7bxP1JbemDsTUrD4Lpga68quo4aeNXDoAct9V8ew,Red Sky,None,None,None,Sword,Blue & Brown,,Pyramid & Markings
1452,0.4,1813,64.06,https://magiceden.io/item-details/7TvEwD74vTGFmu9kx6y2UNu5mGers6FvcNWhWJuSeZds,Red Sky,None,None,None,Sword,Golden Ice,,Green Lava
1456,0.42,869,80.89,https://magiceden.io/item-details/5zuPG8d6eiKESwb8VK9d8z1E6T4PVy9CCkucHpa1ZWin,Red Stars,None,None,None,Yellow Mushroom,Gold Crystal,,Orange Rush
1473,0.7,2204,54.01,https://magiceden.io/item-details/9RFtLsug7fv8BFLiPy4Nd7dk9XLCoN3WpkQGGKX98Kz,Moving Space,None,None,None,Sword,Green & Purple,,Pyramid & Markings
1482,19,1105,0,https://magiceden.io/item-details/AEBYmJahP1E1ck497PsEb72X8odg7NUbcxAUwFN9P2AB,Dark Moon,None,None,None,Kryotonite Sword,Blue Shaded,,Orange Lava
1488,0.4,1008,78.58,https://magiceden.io/item-details/9VoFLnfN7n7Xf7vfCTYAx18GwZA9jWweKzbVGq7p2JGx,Moving Red Stars,None,None,None,Orange Light Tent,Gold Crystal,,Basic Ground
1498,0.65,982,76.55,https://magiceden.io/item-details/Bi5wThwwoepE2GcwYUAWJPJsLhezMyYLUE21zkV8GMN2,Meteors,None,None,None,Beast Sword,Green & Purple,,Pink & Blue Lava
1523,0.4,2186,57.34,https://magiceden.io/item-details/Hmox2KY5hT1EaZ6dRU1EXrLVHgmAkBR8bVURHkeMTugx,Space With Planets Variant,None,None,None,House & Store Blue,Blue & Brown Shaded,,Basic Stones
1525,0.12,2012,63.28,https://magiceden.io/item-details/9pKNcnJVjAiEc1G1ftcUw9dpW6GhxoTjHnqcBXysFWpB,Space With Planets,None,None,None,Golden Sword,Brown & Blue,,Basic Stones
1528,0.14,645,87.73,https://magiceden.io/item-details/21gBNedCnt2A27Wounp857CeS7kyqjRVTHxx8XEPs2Cn,Space,Big Baloons,None,None,Sold!,Brown & Blue Shaded,,Basic Stones
1532,0.31,2174,58.45,https://magiceden.io/item-details/FP43eeXJCRHTKSe78LD5UJsCDUr75zm1uzGR6HtHCEmN,Space With Planets Variant,None,None,None,Sword,Redish Blue,,Snowy
1535,1,66,89.57,https://magiceden.io/item-details/8vYtnagjTVNLVKJpoYcSSjNHwrSyBFXVFhGPGM1hbD1U,Heatwave,Big Baloons,None,Water Dome,Orange Tent,Blue,,Pyramid
1541,0.175,1470,72.5,https://magiceden.io/item-details/Bo4XTJHwUzVBwWkaqX69QZr5iJknje8yCtWC7tifzTAz,Moving Space,None,None,None,House & Store GM,Brown & Bluish Shaded,,Autumn Snow
1547,0.33,1055,78.43,https://magiceden.io/item-details/7waMUGEcJqXfBaumCrLv511gu4twVK2oPvPJneU5SwsB,"Space, Stars, Planet Moving",None,None,None,Blue Portal,Red Crystal,,Stone Tower
1551,0.35,965,79.86,https://magiceden.io/item-details/BFz6wikz8JDdWT5dr4CSbQWF5DweeHqchJRxVs63PzYN,Inverted Moving Red Stars,None,None,None,House & Store Orange,Green & Purple,,Blue Snow
1552,0.2,1355,74.32,https://magiceden.io/item-details/BVZem74XFXyzFJ2aJY18kwiXzaMwRbfuvMcLfVBmGc24,Clouds,None,None,None,Beast Sword,Red Crystal,,Golden Rush
1555,0.15,1505,72.12,https://magiceden.io/item-details/97JUL3ypGJPz58ghF92YK9KbdBguc1ReMvN5zy7hCYLB,Space & Stars,None,None,None,A-frame Blue,Blue Shaded,,Golden Rush
1562,0.15,1201,77.6,https://magiceden.io/item-details/BCT2QNLsTEWf9DkkBW7rjhQtUW8QtRUXZLj8fim9gYLp,Inverted Moving Red Stars,None,None,None,House & Store Purple,Redish Crystal,,Blue Basic
1563,0.24,1290,75.1,https://magiceden.io/item-details/ES8MsRzR66YuiUGkR2jphcHuzQE5Xi7jtqNyeYJ4LT61,Black Sky,None,None,None,Hobbit,Bluish,,Green Lava
1569,0.33,145,94.85,https://magiceden.io/item-details/FfLkNuN88MU9yxr3xNSNat2jZEZAQpEEz4qbK2V4BqRy,Cold Wave Lightning,Balloons,None,None,Dimensional Portal,Blue Shaded,,Solana City Red
1574,0.24,1342,74.16,https://magiceden.io/item-details/GD2MpNrt6RnKc37de4VSyQe9aZoBHK21RGS64FanzRzu,Space With Planets Variant,None,None,None,HammocK,Brown & Blue,,Pyramid Rarelight
1577,0.24,1870,64.64,https://magiceden.io/item-details/CKebfwmbHZmPtLYFinCdCXUiMg4RGhjEhcm4BPQ7Xj9X,Space & Stars,None,None,None,Sword,Blue,,Solana City Orange
1579,0.24,2218,58.36,https://magiceden.io/item-details/9qMbvgknjze2u4D1VRkhfZDJrL2qu1iKCeGdcDFUDvPS,Space & Planet,None,None,None,Sword,Blue & Brown Shaded,,Blue Lava
1584,0.15,1853,65.84,https://magiceden.io/item-details/HJBf6KRiLvUrFKkoGf4CYj1eysMJFVFc2Up9gxRxment,Red Sky,None,None,None,Orange Tent,Blue Shaded,,Orange Rush
1602,0.5,973,78.21,https://magiceden.io/item-details/CXvBrJ6JXm9CgDBa7r5RgturAzHKH3E5J8xrDehmnBdz,Moving Red Stars,None,None,None,Portal,Green Crystal,,Stones Marking Purple
1610,0.2,1923,64.08,https://magiceden.io/item-details/HaNTmCifYw9BPK38qxziX5cNdeNWxmV7y3J4tiRPyfjT,Space & Planet Moving,None,None,None,Orange Tent,Rare Crystal,,Stones
1636,0.5,60,94.68,https://magiceden.io/item-details/6CjGiQK4D3zUGxPcdtDtVi8F62LjTDS9SxYYmboKKAEG,Space,None,Tanzanite,Cracked Dome,House & Store GM,Golden Ice,,Pink & Blue Lava
1638,0.25,549,88.36,https://magiceden.io/item-details/9S1GH7WFdXqtcd8nsS4hDzcH5Nrrbmq6wAgfn2nyCtf6,"Space, Stars, Planet Moving",None,None,Dome,House & Store GM,Brown Shaded,,Blue Lava
1643,0.4,1937,61.83,https://magiceden.io/item-details/FmCT4j8uuhnYFxvz7x9LyPLsu7PTYBtZSN7k7mk62qYo,Space & Planet Moving,None,None,None,Dimensional Portal,Purple & Green Shaded,,Basic Blue
1649,0.5,1772,63.8,https://magiceden.io/item-details/HJyyNY8W21w89sPxMofBrQDNhg9tCh5zimvwGc3HhRD2,Moving Space,None,None,None,Lit Portal,Blue & Brown Shaded,,Solana City Red
1688,1,359,84.29,https://magiceden.io/item-details/BSnD6AKhDay3yRfM9o7V7i9exVVvFvRuJXijycNj24jY,Black Space,Balloons,None,None,Orange Tent,Redish Blue,,Green Lava
1690,0.8,236,88.5,https://magiceden.io/item-details/7KMR3mzn4GKQLQY2twgbAiHmhLVq2rQStFiKnHJahJa4,Inverted Moving Red Stars,Balloons Variant,None,None,A-Frame,Brown & Bluish Shaded,,Pyramid
1713,0.4,905,80.44,https://magiceden.io/item-details/ABRVKeWEE2eFFLPWtUHibbP4aifP3HpbrkpskypdtrbW,Trippy Space,None,None,None,Yellow Mushroom,Blue,,Gold Rush Chroma
1717,0.8,490,83.92,https://magiceden.io/item-details/5PkadqzadwEydh46U3wxRRt4NBHz3gpc9zV8WdjoMv4n,Heatwave Chroma,All Big Baloons,None,None,Hobbit & Gnome,Purple & Green Shaded,,Blue Lava
1750,0.125,970,82.02,https://magiceden.io/item-details/AS2NyC5UDBTwFF1mz4doMCV2pHt1KngJdoPCEbiF3T9W,Black Hole,None,None,None,House & Store Redish,Ground & Ice,,Stones
1758,7.5,460,17.46,https://magiceden.io/item-details/2ybEgo1awkrHe88HzVbi9deTPb7NJN8EJ1BVXwX4d4rf,Space & Planet Moving,None,Ice,None,"House, Store &Tree Bloom Bluish",Red Crystal,,Solana City Red
1762,5,858,35.29,https://magiceden.io/item-details/7jvreoXBMRJFCSrE87kDsSTMmK8JNfQUtoy51gvbRAjc,Blue Clouds,None,None,None,Gm,Rare Crystal,,Snowy
1782,0.38,373,90.23,https://magiceden.io/item-details/DP2sJWV1cotWQymXfdjbearHw1L51u3qFqKNYEfXReBn,Heatwave,Balloons,None,None,Sword,Ground & Gold,,Solana City Red
1812,1,1767,58.89,https://magiceden.io/item-details/F7LMu6dFhDNVH8JYhq8QFaDeF1p17VcemtcruJcFvtBe,Space & Planet,None,None,None,Gold  Mushroom,Purple & Green Shaded,,Green Lava
1815,0.69,1251,71.3,https://magiceden.io/item-details/FeZjsxBL9UFn3P4BiLWcQgKGBNhaJNJHVi8uwzySbPR4,"Space, Stars, Planet Moving",None,None,None,House & Store Redish,Brown & Blue,,Green Lava
1828,0.35,583,86.75,https://magiceden.io/item-details/FnuKvxhqKB2WJkc3g6xMpfBfCCXijfF5uF9mfpFvB2mT,Trippy Space,None,Black Crystal,None,Sword,Pink & Green Shaded,,Green & Pink Lava
1834,0.39,1012,78.61,https://magiceden.io/item-details/5tFMSLKx4jmvXb8q1eETXwaua7Zfuh9tVRyohcdDtoH6,Space With Planets Variant,None,None,None,Hammock Purple,Brown Shaded,,Pyramid Rare Light Green
1857,1,1122,70.53,https://magiceden.io/item-details/CZRhe5UnyToqGNcMNXiS9jvfZzPQH1EQSLXfCsWKGoBT,"Space, Stars, Planet Moving",None,None,None,A-Frame,Ground & Ice,,Orange Rush
1859,1.99,1838,47.71,https://magiceden.io/item-details/2YZhYhVB7n5gwsaEt3147R86Y5SBuhYnwMVMkCFfbiTz,Space & Planet Moving,None,None,None,Orange Light Tent,Purple Crystal,,Gold Rush
1866,0.076,308,94.45,https://magiceden.io/item-details/5UnYAeL5FbUSQt9B6Sw4VR2RyKXqHS3fAXXdpfkVYg2N,Heatwave,None,None,Dome,Dimensional Portal,Golden Crystal,,Basic Green
1868,0.49,1677,65.62,https://magiceden.io/item-details/Eckz8oLMGiUDujTTeeWEVQmXhN7EFLju3M7tHdWSfUM8,Space Movement,None,None,None,Sold!,Ground & Tourmaline,,Orange Lava
1875,0.49,1891,61.76,https://magiceden.io/item-details/BYaWbSea9iQFdxfePjRasNrEsSKB5cDTPiimFnG1Pzih,Space,None,None,None,Hammock Purple,Blue,,Solana City
1884,0.4,1577,68.32,https://magiceden.io/item-details/6PvsRGkqdm34ejfFmXJuamS1qrFzUhH6eK3qjJVkKwxf,Moving Red Stars,None,None,None,Yellow Mushroom,Blue & Brown,,Solana City
1886,0.3,1884,63.78,https://magiceden.io/item-details/F2SAjQnueJf7AzARZByUodATYAUr9odKGuMkm2q6ufjK,Space & Planet,None,None,None,Sword,Ground & Tourmaline,,Basic Ground
1927,0.99,299,85.47,https://magiceden.io/item-details/A6HiYw15h3KxM1KX9nbcYMPjrf6Ywfi8EoyxW8nVJLnX,Black Space,None,Ice,None,House & Store,Brown,,Bluish Lava
1929,0.99,424,83.21,https://magiceden.io/item-details/FNnKzKq6L4RNRsNovdjUqQfq6uFMWu2RSjTouv5KExrY,Space & Planet Moving,None,Tanzanite Rare,None,House & Store,Pink & Green,,Gold Rush Chroma
1936,0.99,1761,59.1,https://magiceden.io/item-details/7eYPzKKrvWFzdVFYenAns16tJzYmWwSA7Y6Q1NpoTKJc,Blue Clouds,None,None,None,Yellow Mushroom,Green & Purple Shaded,,Blue Basic
1937,2,348,74.48,https://magiceden.io/item-details/BfkSUxS1s3W6tK5tTnc46MZepy9QXFaFVPeQzkjTKT5,Clouds,None,None,Cracked Dome,Hobbit & Gnome,Red Crystal,,Golden Snow
1939,0.89,1965,56.42,https://magiceden.io/item-details/8i4ukhH8VvpDvTTSFGz1qW6iGuoRRUsnCLPvZkWEj3yR,Red Stars,None,None,None,Hammock Purple,Blue & Brown Shaded,,Blue Lava
1943,0.21,2040,61.87,https://magiceden.io/item-details/23HPkJkb5BNjkXq8i6sNvEVmLXNwgcDHUTEoUmgxwwwd,Heatwave,None,None,None,Portal,Purple & Green,,Stones
1961,0.25,774,84.3,https://magiceden.io/item-details/A6orfJ7yT49PmfcVvR2zgY5DE4nKPD2dshJVzNWezcxC,Meteors,None,None,None,Dimensional Portal,Brown & Bluish Shaded,,Pink Rush
1963,0.8,1451,66.59,https://magiceden.io/item-details/gnxs5h7RA5TKu2yV9M8HKmBptLB7dhmtM1e5icKpeb3,Heatwave,None,None,None,HammocK,Ground & Ice,,Basic Green
1964,694.2,35,0,https://magiceden.io/item-details/5AX7da1ijibYt1bvRWisNBas52Aw9zUEzdhgNA9q1Ub5,Space & Stars,None,Tanzanite,Sphere,Pink Tent,Blue,,Pyramid & Markings
1971,2.5,1915,41.22,https://magiceden.io/item-details/32GAxiNe1qgZzWi4TPZmhtrEuamKZZdvQev61ToSgKJF,Red Stars,None,None,None,Orange Tent,Green Crystal,,Orange Lava
1974,0.85,1393,67.14,https://magiceden.io/item-details/AMT7dBahxACFUbRgg9u7UwRvUwxoxi2nSAX4scsT1xe,Space & Stars,None,None,None,"House, Store &Tree Bloom",Ground & Ice,,Blue Lava
1996,2.5,1432,49.93,https://magiceden.io/item-details/31T9Q2v5bDMXtBqvSBTNHHrmFjcMwcHinBcn8STLVkdu,Blue Clouds,None,None,None,Portal,Blue Crystal,,Basic Blue
2002,0.19,1879,64.97,https://magiceden.io/item-details/9XG7uShY6hBRfUazWLSmYB2ZpjzNYSq8s2eEnFqbSRBK,Space Movement,None,None,None,Lit Portal,Purple & Green,,Basic Blue
2020,1.9,32,81.18,https://magiceden.io/item-details/CjfebwTAMF5s5r32GfVVuckbBHy16Nh9Do3djAYYcxix,Red Sky Dark,None,Tormaline,Sphere,Yellow Mushroom,Goldand Blue,,Lava
2024,0.15,1062,80.11,https://magiceden.io/item-details/J6QbvJxCY5mS5W4XLQxebLnhAZtF32iKB7pkVK8kBQMF,"Space, Stars, Planet",None,None,None,House & Store Verynicely,Green & Purple,,Basic Blue
2029,0.6,2073,57.37,https://magiceden.io/item-details/7vyH7VwTdsX4nMEYCGK8isweCyBKn6gbK8dRQXon97s1,Red Sky,None,None,None,Pink Tent,Redish Crystal,,Basic Stones
2039,1.5,111,83.76,https://magiceden.io/item-details/3uMFhxWHHD8T9jPKmD4yfZSAd5PkDiSkFB1b9K1AeQ9a,Meteors,Balloons Variant,None,None,House & Store Purple,Golden Crystal,,Bluish Lava
2040,0.5,1603,66.85,https://magiceden.io/item-details/8CPbVe6WKFWXCfJCNuTg9EjECPwpe86zFqK4H9zwyvPX,Red Stars,None,None,None,Orange Light Tent,Brown & Blue Shaded,,Purple Lava
2048,0.33,2091,59.75,https://magiceden.io/item-details/3BPGF9DuAAoiL3i2XiZqgKfwbF9aXbVvkKz9wkFwjmvN,"Space, Stars, Planet",None,None,None,Orange Tent,Brown & Bluish Shaded,,Pyramid & Gold Markings
2068,1.5,1827,52.81,https://magiceden.io/item-details/D9ytTpHzAR5Ezz1kGNq7A2Descmrc1xZjqbMprZUzWLf,Space With Planets,None,None,None,Blue Mushroom,Purple Crystal,,Gold Rush
2076,0.08,1947,64.85,https://magiceden.io/item-details/2JUd2knPMDiW1wzh1JqvhB6uGQBgW9SCvXyyiwqEp9Zp,Black Hole,None,None,None,Orange Tent,Brown Shaded,,Stones
2078,0.6,368,88.12,https://magiceden.io/item-details/HDkeXKvRfYSV3YNn4EM2QG72RGBCQWLoFBChHdDdCGyb,"Space, Stars, Planet Moving",None,Tanzanite Rare,None,House & Store Purple,Brown & Blue,,Basic Stones
2112,3.5,128,63.45,https://magiceden.io/item-details/9f2zzujuXHU8sbEvx5XuE2gtaZJU3ddAiEPf7HLLpXTU,Comet,None,Tanzanite Rare,None,House & Store Purple Variant,Golden Crystal,,Bluish Lava
2119,0.5,1320,71.95,https://magiceden.io/item-details/7oH34dwo66LxbhdDuR7tNz88gCkWMWC3QXf2C7ygWjMP,Space,None,None,None,House & Store Redish,Ground & Gold,,Autumn Snow
2122,2,1982,45.02,https://magiceden.io/item-details/F1JvoQejbDhQEWzFxqeAYX8qWYmujddrJx4wmZnfJip7,Cold Wave Lightning,None,None,None,Hobbit,Pink & Green Shaded,,Basic Ground
2125,0.175,1140,78.45,https://magiceden.io/item-details/CFYd6jfk5hMXbNhzgRmwHpv6uCepMffJUK2d4z2ckwaf,Space With Planets,None,None,None,Golden  Hobbit,Ground & Gold,,Snowy
2129,10,5,0.67,https://magiceden.io/item-details/7Sr9YZFNz6eDbvsPaTLGEaCJBtrAM2pM77mJLTR484GF,,,,,,,1:1,
2131,1,921,74.15,https://magiceden.io/item-details/8J2R6fw72GsjmmrbPTECMKsSd7njEbv1BCG8abURsaxc,Heatwave Chroma,None,None,None,Blue Sword,Blue & Brown,,Stone Tower
2132,0.32999,1272,74.52,https://magiceden.io/item-details/96cDJXFgBSUtQwSSLtifczn8YUgry5ZQ4sPynt9sgAMQ,Space & Planet,None,None,None,House & Store Blue,Brown & Blue,,Pyramid & Markings
2139,5,1037,32.06,https://magiceden.io/item-details/DRDAFoFP2vLgwG17jxdY326hffWXAEqsWETJJDsNfVaq,Clouds & Light,None,None,None,Kryotonite Sword,Redish Blue,,Bluish Lava
2144,1,1303,67.26,https://magiceden.io/item-details/XbJ85rSuPrAWbMAatrcfUbRn74CCLP9NCqTew7c2bLD,Blue Clouds,None,None,None,House & Store,Brown & Bluish Shaded,,Gold Rush Chroma
2180,0.3,1598,68.94,https://magiceden.io/item-details/EgPrb4CEQDcV16gBp3y4ScfcoxVVsM2F8duatxmpZxjj,Space Movement,None,None,None,A-frame Blue,Purple & Green,,Lava
2210,5,1153,29.97,https://magiceden.io/item-details/E11znKAHE6pAjbpVSJvJMx4i3mw3HX3utTSXSnmCYu1U,Red Stars,None,None,None,Lit Portal,Green & Purple,,Solana City Red
2212,1,1506,63.6,https://magiceden.io/item-details/D9GGAwA6Fh2jXQ3f9XitVvqg9rpBBQFgUGZmzTcL7hE4,"Space, Stars, Planet",None,None,None,Beast Sword,Blue Shaded,,Basic Green
2221,0.7,1231,71.56,https://magiceden.io/item-details/9LsQYu7n7pothFKJJXEynCDXgQJcmLTop9r4xLR3942t,"Space, Stars, Planet",None,None,None,Gm,Redish Blue,,Stones Marking Purple
