id,price,moonRank,ðŸ’Ž score (%),storeURL,Background,Character,Eyes,Eyewear,Facial Hair,Jewelry,Mouth,Mouth Item,Nose
2,50,3483,0,https://magiceden.io/item-details/8CkP4UDaV37yV7UnpYcYYLMG8KBZq54gVzXXiHpmnxTC,Blue,Light,Green,None,Leader Mustasche,None,Mouth,Gas mask,Standard
4,10,1683,0,https://magiceden.io/item-details/4Tmsdb3eKQbUoCjGciRYRkuqYdq3ZrmmKnNPa7NTWvru,Red,Soot,Brown,Regular Shades,Old Dutch,None,Mouth,None,Standard
21,10,4955,0,https://magiceden.io/item-details/X5cjxKQ6CMxpaFj6hL61w8CSodZ8ud1AQoQg2fsWyjb,Blue,Sahara,Green,Classic Shades,Mustache,None,Mouth,None,Standard
25,44.4,2624,0,https://magiceden.io/item-details/5cRS4U8pWiqFRJr4HCaHixasaM9TiLy2fsmwCEML6hmS,Red,Sahara,Brown,Classic Shades,Stubble,Gold chain,Mouth,None,Standard
41,4.2069,2351,49.12,https://magiceden.io/item-details/Fq7s59mFRZQDzuSdEyCeao53Xa57YtRj5stAX4b124h5,Blue,Light,Brown,3D Glasses,Handlebars,None,Mouth,None,Standard
45,20,341,0,https://magiceden.io/item-details/8Y9aJzXwfn8FV7rGa3WeVECK6Y3jYJbxX9bpWCwsMrof,Blue,Pale,Brown,VR,Leader Mustasche,None,Frown,Sheesha,Standard
60,8,1436,18.51,https://magiceden.io/item-details/D6AxQK2TnXzXHEqaWUoVoRW31hv4RN8yLr7pGavMHJYU,Blue,Soot,Green,Dark glasses,Full Beard,None,Smile,None,Standard
67,5,3509,31.92,https://magiceden.io/item-details/A4mfKS1gSxuBfj2uVY4zvZPRpZA9j3zgTeDZLabrTXbx,Blue,Light,Green,Eye Patch,Mustache,None,Mouth,Vape,Standard
82,4,586,65.31,https://magiceden.io/item-details/2otTicvn6imSgAgvoshSTQtqNR1ZRZ1Xt3DqTD8oytP8,Blue,Light,Green,Regular Shades,Long Stubble,Earring,Smile,Cigarette,Standard
93,5,3639,30.88,https://magiceden.io/item-details/5UjXdsUrjGzxwU8gkbb3G9omSAs2rQQyEsUWbZmFqk6e,Blue,Sahara,Green,Big shades,Chinstrap,None,Mouth,None,Standard
98,3.5,3167,49.65,https://magiceden.io/item-details/DtcD1uku9uGbzoGasbQccifRGCrgDdGCjgxr7Ycrkh5h,Blue,Pale,Green,3D Glasses,None,None,Mouth,Vape,Standard
99,3.8,4979,32.15,https://magiceden.io/item-details/41hFVC3fuvrMnJ4vdHjDvNhBxWjRXMZiyBEDsigxsoVm,Blue,Pale,Brown,Regular Shades,None,None,Mouth,None,Standard
143,1.25,3524,69.3,https://magiceden.io/item-details/2wnpoTTC2gsV8kPYEaNzEPwNRzJkCEDjkmn2Mp1P38qE,Blue,Sahara,Blue,None,Stubble,None,Mouth,None,Standard
221,10,4814,0,https://magiceden.io/item-details/96zGgW43Mb4jAWAvmSZf4bjDFD5wiT9c2jWe18EB9vr8,Blue,Sahara,Green,Regular Shades,Front Beard,None,Mouth,None,Standard
230,12,368,0,https://magiceden.io/item-details/8CQgmjHW8LADq5zQJCA7M531pa1TsY5GRYT5tohMhUpn,Purple,Pale,Brown,Regular Shades,Big Beard,Gold chain,Mouth,Cigarette,Standard
239,5,3039,35.68,https://magiceden.io/item-details/52tEcszaDXjtGruBd43YqHJ1bBBVXnNCn1AQkjHqoDSP,Blue,Sahara,Brown,Eye Patch,None,Gold chain,Mouth,Cigarette,Standard
248,2,3264,63.88,https://magiceden.io/item-details/7fF7UKdLo2fM135RSEVWvBAYyCw4wLqTDaKm3jS9CZGV,Red,Soot,Brown,Regular Shades,Normal Beard,None,Mouth,None,Standard
251,3.5,849,68.21,https://magiceden.io/item-details/8Cv9QKVtidpnUtRcLMqeTyhE6mo5upggbvumw9AUP9KM,Red,Sahara,Brown,None,Big Beard,None,Frown,Cigarette,Standard
257,8.8,3662,0,https://magiceden.io/item-details/9XE2jzMdL6qARF97ZmPwwCYSar1Wppf94jVBzZxbt47X,Blue,Pale,Green,Big shades,Chinstrap,None,Mouth,None,Standard
266,5,996,52.03,https://magiceden.io/item-details/5dKCBa9BF57uqm1PbZM649TLnzdiNatj3ytGAyxELxY4,Blue,Sahara,Brown,VR,Handlebars,Gold chain,Mouth,Cigarette,Standard
267,555,1472,0,https://magiceden.io/item-details/HCr921aJxMG1wJs3zXpMZEEas27DGM48w1yri8mV8FKu,Red,Sahara,Brown,None,Mustache,Earring,Mouth,None,Standard
274,4,634,64.93,https://magiceden.io/item-details/BwDwyCuPgahg4kudTWazTw8CGityaNBANQWMVmDysXyw,Red,Light,Green,Eye Mask,Full Beard,None,Mouth,Cigarette,Standard
280,1.4,1662,82.7,https://magiceden.io/item-details/6qNst61NpMSu1dBVrLWXXU4Pwqu29v2rqgVCEJDShJae,Blue,Soot,Brown,None,Handlebars,None,Mouth,Gas mask,Standard
289,5,3537,31.69,https://magiceden.io/item-details/5xqHpxKV6aAtiwfV6JxYcyiJbKHuV8YWgFMZDPiYT8DE,Blue,Sahara,Brown,Regular Shades,Soul Patch,None,Frown,None,Standard
294,10,4743,0,https://magiceden.io/item-details/DqR637VbkT5qrjbQQCrhW4CYiKxxusEUG6pvX7YvhdY4,Blue,Pale,Brown,Big shades,None,None,Mouth,None,Standard
309,150,1342,0,https://magiceden.io/item-details/5scAxgjVabeTc3821FrzhcCzNXWDgNrLPEffMHgP4zLz,Blue,Sahara,Brown,Blue glasses,Stubble,None,Frown,Covid Mask,Standard
338,1.49,1948,79.51,https://magiceden.io/item-details/D7jonkiWLpwf5Ad4bzQmSS5fqgJHbJZKWPL48MLcWkYz,Blue,Pale,Brown,None,Muttonchops,None,Mouth,Gas mask,Standard
348,1.5,4466,59.26,https://magiceden.io/item-details/H5fCBjPntb1yPba1bTZhL6jo9oAxBjQh2iVsYsK4TbFP,Blue,Light,Brown,Eye Patch,Normal Beard,None,Mouth,None,Standard
359,10,1398,0,https://magiceden.io/item-details/8jAXSD3UB8EipxgPvdv5hgZ42wQQkPW3wPkHrnnRcpYf,Blue,Light,Green,Classic Shades,None,Gold chain,Donkey Teeth,None,Standard
374,15,709,0,https://magiceden.io/item-details/69ZfA5idqK66uANN8xf4n5JL77Zzp9c6hRaxa4T3fLZF,Red,Light,Blue,Regular Shades,Anchor,None,Mouth,Covid Mask,Standard
404,1.75,4605,55.65,https://magiceden.io/item-details/AmSkRRHqWArqyaCAgF4K8oK2wPPC9JQuJRamoccTfJtV,Blue,Sahara,Brown,Dark glasses,Anchor,None,Mouth,None,Standard
417,3,982,72.14,https://magiceden.io/item-details/9cTs1Tw8GDjXRyKhWd9Jn9JfaYPAmSxiE4eS5fqryEd9,Blue,Soot,Green,None,Normal Beard,None,Donkey Teeth,Cigarette,Standard
419,15,4675,0,https://magiceden.io/item-details/H2WpmYCjNz5qxbt9R2e86JSCWQmtWYumEBaGzixgknL4,Blue,Sahara,Brown,Regular Shades,Long Stubble,None,Mouth,None,Standard
438,9999,4334,0,https://magiceden.io/item-details/DSmkfqbp9kast1TGtB7ekXfkHZpGeZDNYtv3fcPP7wmR,Blue,Light,Green,Dark glasses,Leader Mustasche,None,Mouth,Cigarette,Standard
446,777,2039,0,https://magiceden.io/item-details/FJ2gtA3nbiZvN2zbubT6GKM9Sod4kMXt82zBYRhAC6mB,Blue,Sahara,Green,Blue glasses,Handlebars,None,Frown,Cigarette,Standard
447,10,3124,0,https://magiceden.io/item-details/tr4xjXbgrfds43iZgfyi6DqCubSmGTfoip2snV7UR8b,Blue,Light,Green,Nerdglasses,Soul Patch,None,Mouth,Covid Mask,Standard
460,2.69,3763,52.98,https://magiceden.io/item-details/3Hte9cs6XX2LX1qNWpadsKZYsoeYxrpGr5kjaNhuPp1m,Blue,Sahara,Green,VR,Goatee,None,Mouth,None,Standard
478,3,776,73.79,https://magiceden.io/item-details/52My8VxU4XNAP8x4SJxw1KTmers4BxRApr4VCxp35Nx5,Purple,Sahara,Green,Unibrow,Full Beard,None,Mouth,None,Standard
490,10,3729,0,https://magiceden.io/item-details/9AL869MZNkaB2nx8pcDyfbo8JK84Kb7fhBBR8XBshZmK,Blue,Pale,Brown,Classic Shades,Chinstrap,None,Mouth,Cigarette,Standard
510,5,3997,28.01,https://magiceden.io/item-details/AvKeHq35kKjo517J3fcd4nJA7PTshebZf46CaZXhive4,Blue,Light,Brown,None,Normal Beard,None,Frown,None,Standard
513,44,1469,0,https://magiceden.io/item-details/3xob5uAMxga3iKf4USePs7h4FZX3vXG9QwaHNSEUP1bc,Blue,Light,Brown,Blue glasses,Goatee,Gold chain,Mouth,Cigarette,Standard
528,15,880,0,https://magiceden.io/item-details/5LoqHi5u77aJhoGPM6C6AbyoJWpsaA7CBr3KN5gig4kj,Red,Sahara,Brown,3D Glasses,Long Stubble,None,Mouth,Pipe,Standard
532,1.2388,4593,60.85,https://magiceden.io/item-details/8ijyzUxbNPmAjoYPmgs18kHxJTQZ5de3GRaT5VkSsBcz,Blue,Pale,Green,None,Goatee,None,Mouth,Cigarette,Standard
543,2.5,3968,53.24,https://magiceden.io/item-details/5NnDn6LDWREW2QahteNuhTf46ej48bLWedBJQ5DFWs74,Blue,Pale,Green,None,Goatee,None,Frown,None,Standard
544,5.5,313,52.49,https://magiceden.io/item-details/zMwEyAqV6nev5mrypHrKq47QUqqoJGCxzQHteGxdA6p,Red,Light,Green,VR,Chinstrap,Earring,Mouth,None,Standard
550,8,2562,9.5,https://exchange.art/single/DSkmrwF9Y5smFxBX8UhymimuFYGFE1S4JbynHvF7sw3w,Red,Pale,Green,Dark glasses,None,None,Frown,Pipe,Standard
563,4,4995,30.02,https://magiceden.io/item-details/2Z2m4SMBnjXBAxc7M1QM4dQG5DAjndMYRKbJMGB3sJNr,Blue,Light,Green,None,None,None,Mouth,None,Standard
580,3,4525,43.79,https://magiceden.io/item-details/6cSXavNrMxg5Pgw9gCpc9b43Rw8wGt7gP7wsxYRiX3k4,Red,Sahara,Brown,Dark glasses,None,None,Mouth,None,Standard
590,4.5,4308,30.52,https://magiceden.io/item-details/A11UF3ZrggJrLsygVXdtSuZitpGRXVyRJh9zHwvw7ViN,Blue,Sahara,Green,Unibrow,None,None,Mouth,None,Standard
651,1.125,4411,63.45,https://magiceden.io/item-details/HVDkdNk5N3ixqZzVYtmc5E5hbL3oS77YmBCZkZb8TAHn,Blue,Light,Green,None,Handlebars,None,Mouth,Cigarette,Standard
662,7,2387,20.9,https://magiceden.io/item-details/8HeiV5mQB1pKJXebhR26XaKVtEPm4W3HPPCW7BxpwRBf,Red,Pale,Brown,Regular Shades,Mustache,None,Mouth,Covid Mask,Standard
666,6.66,900,36.2,https://magiceden.io/item-details/HTYjqa9AzA8VCukktxvNfrauQYfHxY4p1cEYePzzaUeH,Red,Light,Green,Big shades,Leader Mustasche,None,Smile,Cigarette,Standard
668,5.4,3681,26.54,https://magiceden.io/item-details/c1E6i4kEQdVNizEBHJVoHWwm2ouhBvMw3Mnq2VqAtTk,Blue,Sahara,Brown,Big shades,None,None,Mouth,Vape,Standard
684,145,3181,0,https://magiceden.io/item-details/AV9Vf3rkYoju8opmHVb9wnNtyCvN6XfpY5pAsb4NYy9b,Blue,Sahara,Green,Blue glasses,Mustache,None,Mouth,Covid Mask,Standard
708,5000,4519,0,https://magiceden.io/item-details/m2Y5VPA7uJoKbEikwd7KF4xfQwWSNfhRvdvJWrF9wzk,Red,Sahara,Green,Blue glasses,None,None,Mouth,None,Standard
724,5,3109,35.12,https://magiceden.io/item-details/J7E9gwZb8a1X1ZCfJpemmLdaqvy728mmppYL77ofEYLk,Blue,Light,Green,Classic Shades,Normal Beard,None,Frown,Vape,Standard
730,3.69,4804,34.65,https://magiceden.io/item-details/2YUFszt9WPYtp6HM4kzX6ZkF4E4tu85sDunvev3MSc3P,Blue,Light,Green,None,None,None,Frown,None,Standard
731,5.5,3278,28.77,https://magiceden.io/item-details/2CJXuGDJ6JMexGCVbACQ4KrAGAiStXGCooNK26DRQg9Q,Blue,Pale,Green,Dark glasses,Mustache,None,Frown,Cigarette,Standard
733,230,1722,0,https://magiceden.io/item-details/ECv63aNTQH24pgDnmx5r27XAzcBpa5Eq3GRTP6K9S7W7,Purple,Light,Brown,Dark glasses,Front Beard,None,Mouth,Cigarette,Standard
748,25,2248,0,https://magiceden.io/item-details/Ho8FNBEKg2HRHGtGAUP7Y9h7kR5fgozvYNFHaPiCJzyo,Blue,Pale,Green,Dark glasses,Long Stubble,None,Frown,Vape,Standard
782,5.5,1611,42.11,https://magiceden.io/item-details/3jVFpAZGEYwgQSqwTQgAgrezEzam7YH5fzGDGjnMambJ,Blue,Soot,Green,None,Mustache,None,Smile,Vape,Standard
797,4,4227,36.17,https://magiceden.io/item-details/GJZvWD4dZNh5jzBkUtP9mZCvhmzhU32LRo1fEnPgW7QC,Blue,Pale,Green,Regular Shades,Anchor,None,Mouth,Vape,Standard
799,4,3349,43.2,https://magiceden.io/item-details/J6kixXsDAEN4bEfgyPT6fYKKZ6G6gVgpiB9GxvxPaGQN,Blue,Pale,Brown,Eye Patch,Goatee,None,Mouth,Cigarette,Standard
813,27,1579,0,https://magiceden.io/item-details/GBi8u4za98aXPSmh85tAuS4Lfxi79Kg4fRvLTxFVDLbM,Red,Gunpowder,Brown,Big shades,None,None,Mouth,Cigarette,Standard
834,1.25,3791,67.16,https://magiceden.io/item-details/FJWYRmAEgLVHR1zHYwGuNsnWtnbTjdQQKLe1PFwUebYq,Blue,Pale,Green,Big shades,Leader Mustasche,None,Mouth,Cigarette,Standard
836,6.9,4049,8.6,https://magiceden.io/item-details/5PZd8HbNvZtti6VveV1aSYwoHZakSpopSzzeZpJXMYBi,Blue,Sahara,Brown,Eye Patch,Front Beard,None,Mouth,None,Standard
837,4.5,1411,53.71,https://magiceden.io/item-details/GkkAdX2oPCjZwUwL8MsCQKDUuDqCuBSPMgeorfcnwQbM,Blue,Soot,Green,Regular Shades,Leader Mustasche,Gold chain,Frown,None,Standard
840,69,3395,0,https://magiceden.io/item-details/ELiwqsDF6j25KKkiVa6NX1PU2xBewaoVu2JaxBYzHb3T,Blue,Light,Green,Dark glasses,Leader Mustasche,None,Mouth,Covid Mask,Standard
845,3,1911,64.71,https://magiceden.io/item-details/A93ofuY4rgSnHpPVin9QxStjpGrxg6MhkPZqg13xitud,Blue,Sahara,Brown,3D Glasses,Full Beard,None,Mouth,None,Standard
846,2,1273,79.81,https://magiceden.io/item-details/7FkuxrFtZqxUV73Q7rB8JuR3dnisqSUZQwzpnppXMb5H,Red,Sahara,Green,VR,Front Beard,None,Frown,None,Standard
847,1.8,4206,58.34,https://magiceden.io/item-details/A7erFSHfccZm8vLNGXuHP1jgsURHwwgx4CJimNLPaqnM,Blue,Pale,Green,Blue glasses,Mustache,None,Mouth,Cigarette,Standard
848,6,669,44.65,https://magiceden.io/item-details/69MvHFyx6Li8SjdoWhkMtyqhNcXn7PP9jxjDn41A9qEY,Red,Sahara,Blue,Classic Shades,None,None,Smile,Pipe,Standard
853,50,532,0,https://magiceden.io/item-details/5eg3JFYyPcdHJe4243AF8BKYQq1N3Yy7uxWjjenTXiLG,Purple,Pale,Green,Unibrow,Mustache,None,Mouth,Covid Mask,Standard
866,6,2103,33.17,https://magiceden.io/item-details/5kZzcCQPHmnY7dTkanEUtuSLa6WVkiG6umY4Xnr8WP6Q,Blue,Pale,Green,Nerdglasses,Big Beard,None,Mouth,Vape,Standard
867,3.2,1880,62.95,https://magiceden.io/item-details/Bb2uVi9t4WfLGVVmBdRKGaggAoNNMBvAXPUvudFCnNof,Blue,Soot,Green,Big shades,Long Stubble,None,Frown,None,Standard
874,100,27,0,https://magiceden.io/item-details/CftNk7wMJuPt1YbDR8TyyUcLfmK66VbfRGaoPv1RiyfN,Blue,Light,Brown,Nerdglasses,Muttonchops,Gold chain,Donkey Teeth,Vape,Standard
876,5,4969,20.23,https://magiceden.io/item-details/Nduz4ovuoSuACMCBtcM4NJc8cFm2eVugXgATLJKM23V,Blue,Light,Brown,Regular Shades,None,None,Mouth,None,Standard
888,1.88,4851,52.38,https://magiceden.io/item-details/n7pJmRtGyzt5GPBJKWmGtyzBaewn4Cwhr4HN1381Q1N,Blue,Light,Green,Regular Shades,None,None,Mouth,Pipe,Standard
907,4.8,4998,22,https://magiceden.io/item-details/8AVwvnBPF4gVNjehLzfFF9jxuQQKcd5LYayJvG5kNZw1,Blue,Sahara,Green,Classic Shades,None,None,Mouth,None,Standard
911,8.569,2233,6.44,https://magiceden.io/item-details/5xYXpyeT3uz14eD4fVX65aYCCk8haXiZ9hZMFBH61X98,Blue,Soot,Brown,Classic Shades,Mustache,None,Frown,Cigarette,Standard
920,8,1271,19.83,https://magiceden.io/item-details/HmXeq11Sr5y7hPBome1wLLYjv4YE9PbGDnZ5vNNwwvAe,Purple,Pale,Green,Classic Shades,Goatee,Gold chain,Mouth,Cigarette,Standard
936,7,360,37.12,https://magiceden.io/item-details/3rWEuAs2eGk2SBP89s4JHNbuFXB9Hu3vuJWkmJQB5yBm,Blue,Light,Green,Regular Shades,Muttonchops,Gold chain,Smile,Vape,Standard
955,1077,1699,0,https://magiceden.io/item-details/6TM7cvAKDqwLq2KFJf3wQuAaEvoy7DpkpYXtzQLNNwVe,Blue,Light,Green,3D Glasses,Full Beard,None,Mouth,Cigarette,Standard
981,7.86,1283,21.13,https://magiceden.io/item-details/6TvYNpj3fF4ijXNMjXhTuBm4Z1qziTSyjaTaeNneGu3J,Blue,Sahara,Brown,VR,None,Earring,Mouth,Cigarette,Standard
985,6,1824,35.4,https://magiceden.io/item-details/EH7A43odZYMjSLuFi2RLvTw8rxrTeX55D3jMWj3mVBJ9,Red,Sahara,Brown,Classic Shades,None,None,Smile,Vape,Standard
996,4.9,4633,23.92,https://magiceden.io/item-details/4M4j78sFm6ATYqCVJvpxLuzK9bq3FTeYNbegRsquiHAj,Red,Pale,Green,None,Stubble,None,Mouth,None,Standard
999,4.2069,2561,47.43,https://magiceden.io/item-details/4tSX7KuzrWf9Sq64aGjrhe7PYrcHa5tw7nwSzXHUbwmR,Blue,Pale,Green,Eye Patch,Anchor,Gold chain,Mouth,Cigarette,Standard
1012,1.99,3106,65.24,https://magiceden.io/item-details/BTx6xUia4kiTgztGGbpPb9RPxaWtRypyJVSLx1mTKeYj,Blue,Pale,Green,None,Full Beard,Gold chain,Mouth,None,Standard
1015,15,244,0,https://magiceden.io/item-details/5LL4Zc3wuKecGaUzrA327fsULbbssPrBQrr3LnN9jotF,Blue,Sahara,Blue,Unibrow,Leader Mustasche,None,Smile,None,Standard
1021,50,934,0,https://magiceden.io/item-details/8KcKzoHoqwP2tcvF6dShEFJXNFGTzJNUx5ox8c8r6Y96,Purple,Pale,Green,Eye Patch,Anchor,Gold chain,Mouth,Cigarette,Standard
1030,5,4692,22.45,https://magiceden.io/item-details/CKYAmE7Y1UqHHHdmWDiidk23mMjSPAhnJ267pvceJSPR,Blue,Sahara,Green,Regular Shades,None,Gold chain,Mouth,None,Standard
1031,1.5,2105,78.15,https://magiceden.io/item-details/BC7kBXG1AjBCv78MGEvsex2ndEfk4reRM2qNXW8JhT7M,Blue,Light,Green,Classic Shades,Anchor,None,Frown,Gas mask,Standard
1033,5,4013,27.88,https://magiceden.io/item-details/8Q7tmxgg7HicLzjGsfCUc9j5Woc7SPhBLyVN6CAV1VmQ,Red,Sahara,Brown,None,None,None,Mouth,Pipe,Standard
1035,9.9,489,7.09,https://magiceden.io/item-details/4tsZB4VBybcH7YPiVfPQ8g4U2nh8kt1a1ZZVd4Hp6Wg9,Red,Sahara,Green,Dark glasses,Normal Beard,Gold chain,Smile,Pipe,Standard
1066,1.5,3415,67.67,https://magiceden.io/item-details/EyxCTR7zVA9McrPRHbTPtHjdHPFXWB8C9TMksk3Sb3sY,Blue,Soot,Blue,Classic Shades,None,None,Mouth,None,Standard
1081,1.5,4745,57.02,https://magiceden.io/item-details/2YY8nWDUGYozkZvgVMoyND31XcFrT1jZW118ApvwQ2No,Blue,Pale,Green,Regular Shades,Handlebars,None,Mouth,None,Standard
1086,2,1536,77.71,https://magiceden.io/item-details/oEBJzgPNVobhxgJY8YRycHhxG4jfpgYhmr5r7ZhRzY9,Red,Light,Blue,None,Mustache,None,Mouth,Cigarette,Standard
1100,1.4,4172,62.61,https://magiceden.io/item-details/E2s5fbeXmzhPnLTaMdpWUfqeYjoabTQFcshzdqVz7W8P,Blue,Pale,Brown,Classic Shades,None,None,Frown,Cigarette,Standard
1103,35,690,0,https://magiceden.io/item-details/58cry9oGMeYHnFiqr5hRybg6DkZiWwtZoCkvSysj7xqK,Red,Sahara,Green,Eye Patch,Long Stubble,Gold chain,Mouth,Covid Mask,Standard
1140,1.3,4148,63.8,https://magiceden.io/item-details/3kZHdhPnGRaYZMisqS3M7LggiFCvMh586XBYRhLNBSxa,Red,Light,Green,Classic Shades,Goatee,None,Mouth,None,Standard
1152,3.2,2375,58.99,https://magiceden.io/item-details/G7dZh8GmxJyhjqAty3btZ9Uje9NKAwq9NwPXBdsLYsV4,Red,Light,Blue,None,Normal Beard,None,Mouth,None,Standard
1158,2.5,1230,75.16,https://magiceden.io/item-details/3ZbB7W7nUkmX39dbQpSAqzU4dj4kxv1UVhHyCyvXvnjZ,Blue,Light,Brown,None,Big Beard,None,Smile,Cigarette,Standard
1177,4.2069,2723,46.14,https://magiceden.io/item-details/C63n7XGFyvb9TNh4Av1mo82y1RQQCcTtjW9YXJHq25gR,Blue,Light,Brown,VR,Soul Patch,None,Mouth,Cigarette,Standard
1178,4.2,795,61.64,https://magiceden.io/item-details/92feEkbYNKyPm5j4ekJx6kXTucaFy375tb3zbA5k8mNh,Blue,Soot,Green,VR,Leader Mustasche,None,Frown,Pipe,Standard
1181,15,570,0,https://magiceden.io/item-details/DjMDkvn83cXos5trSQS4JhCvwex63KLHZr3e1amD9Fs7,Blue,Light,Brown,Blue glasses,Anchor,None,Frown,Sheesha,Standard
1215,3,3457,52.33,https://magiceden.io/item-details/6T4W56EnCxBxAP5vtfcyJBkKSF2dhB9ffm5pT7f26biN,Blue,Pale,Green,Eye Patch,Anchor,None,Frown,None,Standard
1273,66.6,1907,0,https://magiceden.io/item-details/7mHYG82dnKavVdPapXo5rLuhcdVqjBVBtJSBsX9bYcPs,Blue,Soot,Green,Big shades,Leader Mustasche,None,Frown,None,Standard
1291,4,4527,33.77,https://magiceden.io/item-details/2Lwc8YmC5UijMTnvQENweM5NJNCYuobSYzxZm84cL3rG,Blue,Sahara,Brown,Eye Patch,Normal Beard,None,Mouth,None,Standard
1294,6,3545,21.63,https://magiceden.io/item-details/6h5MEpuMadoBX9UjU9RDsNx1XrZ9bEtWYJMVGqf3YnRq,Blue,Pale,Green,Eye Patch,Anchor,None,Mouth,Vape,Standard
1296,8,299,27.61,https://magiceden.io/item-details/4N8Hr48rXxtUH1TAzPu1gNWjK9BBczi1kE4mxi6fBE37,Purple,Light,Green,VR,Old Arab Beard,Gold chain,Mouth,None,Standard
1297,20,4028,0,https://magiceden.io/item-details/BWbminwx7h1gd9X6GsMUHoNyGcrUB1Ud87BNY5LoPi7e,Blue,Light,Green,Regular Shades,Soul Patch,None,Mouth,Vape,Standard
1305,7.69,4608,0,https://magiceden.io/item-details/E4acg7bqLnk1kyNc3LbyKZSb3xDnRHJW7qpKwAvEMxiV,Blue,Pale,Green,Eye Patch,None,None,Mouth,Pipe,Standard
1309,1.5,4198,61.4,https://magiceden.io/item-details/2E75fHQZejWZFFiDyihtDVq7rtf8KMRgkkrdkbHPzi7V,Blue,Sahara,Green,Regular Shades,Anchor,None,Mouth,Vape,Standard
1313,2.5,3991,53.06,https://magiceden.io/item-details/BHAg2VhJ8wP4A3sHeUCoWNMGvna2vwto3i6P8p7RcBb,Blue,Soot,Brown,Classic Shades,Front Beard,None,Mouth,None,Standard
1316,30,119,0,https://magiceden.io/item-details/4vebMaKofuweXPA92sBPUr5WpV5MNprh92MGCLkiMAtj,Blue,Pale,Blue,Unibrow,Old Dutch,Gold chain,Mouth,None,Standard
1319,1,2835,77.31,https://magiceden.io/item-details/5qMwAo9vSPhFJZFUTtwUEZo7Qihd2Q8n2iH1Sv3jje3U,Red,Gunpowder,Green,Classic Shades,None,None,Mouth,Pipe,Standard
1325,95,301,0,https://magiceden.io/item-details/6cEmisQ93HhJBw2MowHeuoQE63pe5wtkXTyoMkCQJDcJ,Blue,Sahara,Green,Eye Mask,Long Stubble,Gold chain,Mouth,Gas mask,Standard
1370,16,3633,0,https://magiceden.io/item-details/8smqQjxM4duEj92ZTgDVYFEd6YsYUArwJbx3HKJxccqk,Blue,Light,Green,Big shades,Long Stubble,None,Mouth,Cigarette,Standard
1376,3,1053,71.57,https://magiceden.io/item-details/AAQrPqAKLKWGMfzWV5T2NyJ318iyHpa4CSJixZnVFRMo,Blue,Light,Green,Dark glasses,None,Gold chain,Donkey Teeth,None,Standard
1377,1.2,2688,76.49,https://magiceden.io/item-details/8z9vcsZRPwZzqheHLjXXH7WoL34VQFEKnhBURuwJ4ReA,Blue,Light,Green,Big shades,Stubble,None,Smile,None,Standard
1378,6.69,2798,20.71,https://magiceden.io/item-details/AH4QxzkpiryEwudGYG2i8BguKtAAUWjoyw1PSg8Saokc,Blue,Pale,Green,Eye Patch,Long Stubble,None,Smile,None,Standard
1390,3,2650,58.79,https://magiceden.io/item-details/CobwdL1DHgQfyrSccCwaE5dvjPndKqpCkQuxgHETJW8s,Blue,Light,Green,Nerdglasses,Balbo,None,Mouth,Cigarette,Standard
1391,4,4815,31.46,https://magiceden.io/item-details/4Q9fcsFE2wEGBXNweKsTRtbuFLSm6gjozEGck6DJW2zw,Blue,Sahara,Brown,None,Anchor,None,Mouth,None,Standard
1397,3,3949,48.4,https://magiceden.io/item-details/J1sCbo5JnrcsJKMujfJTuAokEWEJDqUTEmkFKY5vboD2,Blue,Light,Brown,Regular Shades,None,None,Mouth,Gas mask,Standard
1404,1404,4166,0,https://magiceden.io/item-details/4SmgTu57Pa78g4uaM95DAB5LFyVJwmSErxpW3mwCW4DM,Blue,Light,Green,None,Stubble,None,Mouth,Covid Mask,Standard
1409,10,68,9.46,https://magiceden.io/item-details/471VJTgNU5NstSgss343tKdQZufPkYuQdxD3WzcsojaQ,Purple,Gunpowder,Blue,Big shades,None,None,Frown,Cigarette,Standard
1433,1.2,4185,64.51,https://magiceden.io/item-details/EBBtBZQokjjKHPiPfSgfBWqdPmShWUDVHkL8hjUdmsZW,Blue,Sahara,Green,Blue glasses,Mustache,None,Mouth,Cigarette,Standard
1434,2.5,1668,71.65,https://magiceden.io/item-details/9r75k1mQeQG9DpATz44LuAFgNZ14yU73zCMXR452hcTj,Blue,Sahara,Green,Big shades,Normal Beard,None,Frown,Covid Mask,Standard
1442,4,391,66.87,https://magiceden.io/item-details/J3dh5GzLfQuToEu7VsLfUfsmQ33Mw8zWvGVdEX4fkeV3,Red,Soot,Green,Classic Shades,Stubble,Gold chain,Mouth,Sheesha,Standard
1448,80,1223,0,https://magiceden.io/item-details/64qCXwnKvK4te4ZSwhN6Dv8Qof9ik6CrCdHojVu23Jpd,Red,Sahara,Green,Classic Shades,Anchor,None,Frown,Gas mask,Standard
1454,80,1708,0,https://magiceden.io/item-details/4DDzfr4Tsoz6CjiWf48LdeHrL2yxK4UahUBeUSEQVgeJ,Red,Light,Green,Dark glasses,None,Gold chain,Mouth,Covid Mask,Standard
1458,3.69,3834,42.42,https://magiceden.io/item-details/Bts29L1E3zhh7oHGbQxhEUEWm2DLy8p5wXaajrAwE9sY,Blue,Pale,Brown,VR,Stubble,None,Mouth,None,Standard
1459,50.505050505,1324,0,https://magiceden.io/item-details/3HcBp5H4VNSrGNFYMpJM4n4HLPgsTSFurvJ53hzx64BE,Red,Pale,Brown,Dark glasses,Stubble,None,Smile,Cigarette,Standard
1464,1.7,4670,55.63,https://magiceden.io/item-details/DimKBBrM6qjDnUwvCNUZqGCVfMYa2YCpqWc7zKVSZQX2,Red,Pale,Green,Nerdglasses,None,None,Mouth,None,Standard
1475,6.5,36,44.71,https://magiceden.io/item-details/HxduaqxZPVSzhDrqQatA8GZ4xeXqQceAiGxmvJrrTAyP,Purple,Light,Green,Big shades,Leader Mustasche,Gold chain,Smile,Gas mask,Standard
1481,100,1995,0,https://magiceden.io/item-details/DJFQUUhy4cg6kWbqR7oiTui5xep14Zy1uVvGHGYufm6z,Red,Sahara,Green,Blue glasses,Mustache,Gold chain,Mouth,None,Standard
1492,2,2728,68.17,https://magiceden.io/item-details/C2Dxi1L8xLdiqhyhhvGACyBPHSEac61b1hQKzHPDNXcz,Blue,Light,Green,Big shades,Full Beard,None,Mouth,Cigarette,Standard
1502,80,775,0,https://magiceden.io/item-details/CrzSu9uyKeC3K1L5dHyT16MSUDDwViCZiNP88bevjqyk,Blue,Light,Brown,3D Glasses,None,None,Frown,Gas mask,Standard
1503,10,4952,0,https://magiceden.io/item-details/3BBaP8M92jn7F2CuHM3JFH2uaPgbZGyNLvo8QuBYkx9r,Blue,Light,Green,Regular Shades,None,None,Mouth,Cigarette,Standard
1527,9,4449,0,https://magiceden.io/item-details/CJia2n8UzVLdBqaNVju8QQfrdoTHjM1wGWdahMX6amz6,Blue,Light,Green,Blue glasses,Leader Mustasche,None,Mouth,None,Standard
1528,2,3540,61.67,https://magiceden.io/item-details/5DHKvYZSeY2mWEV8zEQu87TQRL7bDSeCfDQ9ofdG8HzU,Blue,Pale,Brown,Nerdglasses,Front Beard,None,Mouth,Cigarette,Standard
1576,1.2,4115,65.07,https://magiceden.io/item-details/Gqbhwb2e8zTzs3wX17qPA3BGjvMDt54ZuhxVDTbUsaxr,Blue,Sahara,Green,Blue glasses,None,None,Mouth,Covid Mask,Standard
1578,20,1193,0,https://magiceden.io/item-details/BNab9SW3Ved9DncQpo5bBwExRgwPeTkLkUoJyCCgc3Le,Blue,Soot,Green,Regular Shades,Leader Mustasche,Earring,Mouth,Cigarette,Standard
1598,4.9,4445,25.43,https://magiceden.io/item-details/Fyat9UqjnqdXSG686iE16FE7UtddCJE3P1XsdkpfRybA,Blue,Pale,Green,Nerdglasses,Stubble,None,Mouth,Cigarette,Standard
1611,10,2487,0,https://magiceden.io/item-details/A7Lrarv6fJVHhXY6KjvaUeumMZFgwHyqWJCcrnmUUW6F,Blue,Pale,Green,Unibrow,Long Stubble,None,Mouth,Cigarette,Standard
1618,9,852,13.18,https://magiceden.io/item-details/BdQksnaQEBYVY33nZxkhkHR7MfoUbShNGzRfQEKCAE5B,Blue,Soot,Green,VR,Front Beard,Gold chain,Mouth,Cigarette,Standard
1632,4,4201,36.38,https://magiceden.io/item-details/3vM3qJJDQ1bthf3q1c4cPGCMUPSkFNpRgq8p3nn6GYMj,Blue,Soot,Green,Dark glasses,Soul Patch,None,Mouth,None,Standard
1651,4.5,1869,50.04,https://magiceden.io/item-details/FdjPk1pNUoiYcYzrLk4NyZuDKyefyAPXfHVYz9JAus6V,Blue,Sahara,Brown,Nerdglasses,Leader,None,Mouth,Cigarette,Standard
1657,3,1603,67.17,https://magiceden.io/item-details/8d8kajKHXJoZbmND5GXaqpMrhLU5cq8JkxaKE1HvVEr7,Blue,Gunpowder,Green,Blue glasses,Soul Patch,None,Mouth,Vape,Standard
1665,2.2,1543,75.65,https://magiceden.io/item-details/HhDosZNKNuQzg4tCMsRr7GieYbpu76jhZSus8CC9mZDH,Blue,Pale,Blue,Eye Patch,Chinstrap,None,Mouth,None,Standard
1669,9,2371,1.02,https://magiceden.io/item-details/FAHwqc2U22bVsyLCwTN8YUqBQhr2cj55X7HtuMCY2QDx,Blue,Pale,Green,Classic Shades,Soul Patch,Gold chain,Mouth,Covid Mask,Standard
1673,150,4317,0,https://magiceden.io/item-details/Fo3vXGUy5nMC6CHTGWH3GLxZ8scMUvvXyqMQKZRPSzxi,Red,Sahara,Brown,Nerdglasses,None,None,Mouth,None,Standard
1675,8.5,1339,14.28,https://magiceden.io/item-details/7vrNCqiDhxm6FTTkUNjChyzPDF7fqZLq9364rQpx6ATX,Blue,Gunpowder,Green,Classic Shades,Anchor,None,Frown,Vape,Standard
1680,5,3232,34.13,https://magiceden.io/item-details/3dgU3vfXYSDzA6CuZHCWBL4587cXHvhji221PnNhfTqi,Blue,Sahara,Green,Classic Shades,None,Gold chain,Smile,None,Standard
1681,9,2160,2.71,https://magiceden.io/item-details/CM67zrgunqPqLPAL7UrWJWfE9kNx5P5Vc46fbpduBYEd,Blue,Sahara,Blue,Big shades,Mustache,None,Mouth,None,Standard
1683,30,136,0,https://magiceden.io/item-details/FBMfdRo875gXSxkubNDD1Ewfjp52iD5bNQVKfRXzM7Hn,Purple,Gunpowder,Brown,Regular Shades,Handlebars,None,Frown,Vape,Standard
1686,1.89,968,83.35,https://magiceden.io/item-details/7eztASRTBTvRw4BKaD8C8yVtZ11ZUaAbqgSHR93duWGy,Red,Light,Green,Big shades,Anchor,None,Frown,Pipe,Standard
1690,40,340,0,https://magiceden.io/item-details/87EeEyXwDsd9yRQL6dAv6sSzBmeDjsRbnLkm1Sgw5eWd,Blue,Gunpowder,Green,Big shades,Full Beard,None,Smile,Cigarette,Standard
1691,35,545,0,https://magiceden.io/item-details/8wdxmvL7zYeyQywntCvCqyL6iHHNcYLryybC4qUkosoV,Blue,Soot,Green,None,Muttonchops,None,Redneck,Pipe,Standard
1692,25,1037,0,https://magiceden.io/item-details/HCru966BrTYmLbUFMsEiw5JaRRgQMQb6SgZwbBZRdXT3,Blue,Pale,Brown,Dark glasses,Chinstrap,Gold chain,Mouth,Vape,Standard
1719,8,2632,8.94,https://magiceden.io/item-details/C38WEbZAZLesvUT7j5wKWdp6jWTUexnZgby5F4AzTTP6,Red,Sahara,Green,Dark glasses,Stubble,None,Mouth,Covid Mask,Standard
1720,10,861,3.11,https://magiceden.io/item-details/8f7nYZdcB5tUWP1Fdp2qbPrH9gUQ62uRCdjtXAMH3A1V,Red,Pale,Brown,VR,Mustache,None,Mouth,Gas mask,Standard
1721,10,1215,0.28,https://magiceden.io/item-details/Cv3hPpbSDzjwuoPGm6AxNBdX3LfBptUCqYUC3xniCXJW,Blue,Pale,Brown,VR,Anchor,None,Smile,Cigarette,Standard
1728,15,632,0,https://magiceden.io/item-details/FnXDVdBYEDsBZVTixJwgrsW5S9gr3H6wxjqNSk6uTtLf,Blue,Sahara,Brown,Regular Shades,Front Beard,None,Redneck,Gas mask,Standard
1734,9.99,855,3.26,https://magiceden.io/item-details/FUqR9jj8nRZAgLZFA9yrxeodFHYeXMoXueVM8VrRXu7n,Purple,Sahara,Green,Classic Shades,Leader,None,Frown,None,Standard
1736,4,576,65.39,https://magiceden.io/item-details/7QuM2USPT74QHhYkbeUaYTvXFaRZWGZxpyconXSd7z1E,Blue,Gunpowder,Green,Classic Shades,Old Arab Beard,None,Frown,Vape,Standard
1738,19,57,0,https://magiceden.io/item-details/DBa1uT5E8uf3VzcXK3P9mQ4PGwpuPTQQ2HWsLMJ7Hq8q,Blue,Sahara,Blue,Blue glasses,Luxurious Beard,Earring,Mouth,Pipe,Standard
1739,50,3288,0,https://exchange.art/single/ET4nFsDa5MqQGheq7U7nmEgTGHWYVoHmZeKkXPJ8SWcy,Blue,Pale,Green,VR,None,None,Smile,None,Standard
1744,14,1556,0,https://magiceden.io/item-details/HpnvXJQHVchLc3sMHCEXXduDjDznxNTEsUYXJ4APN18x,Red,Pale,Green,3D Glasses,Normal Beard,None,Mouth,Pipe,Standard
1746,15,308,0,https://magiceden.io/item-details/HQQSAPyhBgJQg2kEmo4o9t76x2jzPJquqSn9QDwqBdgh,Purple,Pale,Green,Eye Mask,Front Beard,Gold chain,Mouth,None,Standard
1769,6.942,2418,21.23,https://magiceden.io/item-details/3TfDS5yqJpefo793VLRq1ie2o3WXEHdiV5i367toYVa6,Blue,Pale,Green,Eye Patch,Mustache,None,Smile,Cigarette,Standard
1770,19.9,696,0,https://magiceden.io/item-details/E9wViDJNC8uookyjKdLfweq3uNwueLQFe1igjhX3cZGr,Red,Light,Green,Blue glasses,Muttonchops,None,Mouth,Gas mask,Standard
1771,15,243,0,https://magiceden.io/item-details/Cf7uERtD3n7GxGYmS895Y5jbkRGqnij2JQ8CEdTRs2Rq,Purple,Sahara,Green,Eye Mask,Leader Mustasche,None,Frown,Cigarette,Standard
1809,40,4629,0,https://magiceden.io/item-details/CvuWL95QAHhoJRNnRnJbt9XhhgCJEDrmbnSadMx9qUbS,Blue,Light,Brown,Regular Shades,Long Stubble,None,Mouth,None,Standard
1816,7,1761,25.91,https://magiceden.io/item-details/FRAA6uiXjb4jza7ephMnf1RwfivvQziuNu8mUKN54oDj,Blue,Sahara,Blue,Classic Shades,None,None,Redneck,None,Standard
1820,15,289,0,https://magiceden.io/item-details/EZPo39NYyAKFKjpx4Ytnc1BdZhW4BtiTfaphBYQHfrqo,Purple,Pale,Brown,Regular Shades,Normal Beard,Gold chain,Mouth,Sheesha,Standard
1826,10,478,6.17,https://magiceden.io/item-details/FMR29hKCVBtTGD13cnDmM6TBENiR5BHBz5Bjg1aPh2tG,Blue,Gunpowder,Green,Regular Shades,Big Beard,None,Mouth,Sheesha,Standard
1838,40,270,0,https://magiceden.io/item-details/95QFKFeoZEUprd5Nc9dpiiUX4oLxxADWsCQDAQPBMaFK,Red,Soot,Green,Unibrow,None,None,Redneck,Cigarette,Standard
1850,22.5,1672,0,https://magiceden.io/item-details/8kgz4cdqMEkUiz4U6V1mhLouhM45bFi35n7XhyfhAjLL,Blue,Sahara,Brown,VR,Stubble,None,Mouth,Gas mask,Standard
1875,15,188,0,https://magiceden.io/item-details/2U98cK1Uc5jDuexU42UyJJXLWzbbcwHv6ikM8E24FqcD,Blue,Sahara,Green,None,Chinstrap,Gold chain,Redneck,Gas mask,Standard
1906,8,2792,7.66,https://magiceden.io/item-details/Cmy9dQebq6D2uMcA2jABouh9e86YugFTGgz3kicRBjMa,Blue,Pale,Brown,Dark glasses,Old Arab Beard,None,Mouth,Cigarette,Standard
1912,35,6,0,https://magiceden.io/item-details/4PgLH7q1HWsE4iR5pT8r31XRy6RVxqZqtTrasZLTzhBs,Red,Soot,Green,Classic Shades,Normal Beard,None,Smile,Cigarette,Clown
1938,5.5,1416,43.67,https://magiceden.io/item-details/ByLin6iBYSbnhLxipt3mRRHUJ26AVkYjbCJE9iNRGpSj,Blue,Soot,Green,Nerdglasses,Front Beard,Gold chain,Mouth,Cigarette,Standard
1942,2,1989,74.08,https://magiceden.io/item-details/Egu3EpYWbLvQ73dyUktV4dvPwVD3f9RsTJtBSR8mkogn,Purple,Pale,Green,Nerdglasses,Goatee,None,Mouth,Cigarette,Standard
1962,1.3,4888,57.88,https://magiceden.io/item-details/EzwFdQ4MxomBShQ5jdP1vjhngWyypSmF5ag6Er1qWuoS,Blue,Sahara,Green,Regular Shades,Soul Patch,None,Mouth,None,Standard
1987,1.5,3822,64.41,https://magiceden.io/item-details/5Ue2MtvQPbnS6EZjdPafsfskzt8dyadZ7SHzhhqFsX4i,Blue,Sahara,Brown,Dark glasses,Stubble,None,Mouth,Pipe,Standard
1990,2,4447,54.41,https://magiceden.io/item-details/GWRmhKXwEQqnR1T7ANvKdHthe5ZmEYFKXjr7hcwTmn1i,Blue,Light,Brown,None,None,Gold chain,Mouth,None,Standard
1993,5,2928,36.57,https://magiceden.io/item-details/3Y84LbmT9Sec2HdXJQ3TCKTtpBbhXHY9g8RfdnYscYd3,Red,Sahara,Green,Dark glasses,Muttonchops,None,Mouth,None,Standard
1994,1.5,3500,66.99,https://magiceden.io/item-details/ABHBHogyPWCufML9MAqEmvqPDyNTNrcUW18ud9FEgXbU,Red,Sahara,Green,Regular Shades,Stubble,None,Mouth,Pipe,Standard
2002,5,1006,51.95,https://magiceden.io/item-details/GiMq9LrS7XnSP7EAx4tBpzn78FZY1mZjttAvZQKEe8nz,Blue,Gunpowder,Green,Eye Patch,Handlebars,None,Smile,None,Standard
2003,10,3386,0,https://magiceden.io/item-details/H1hwoBVf6cikUGu6sBanU6yhKgKLxV3nPzNyNJ1B7ZLJ,Blue,Light,Brown,Regular Shades,Normal Beard,None,Smile,None,Standard
2031,1.2,4035,65.71,https://magiceden.io/item-details/5htNcM8i5AUNxaRvP28Gg1yWyvKZWXy97rCs1257yYwo,Blue,Soot,Brown,Regular Shades,Soul Patch,None,Mouth,None,Standard
2034,3,3955,48.35,https://magiceden.io/item-details/5SryiDvJe1dvZZLAtWHjArm3daWn7m7YnwRydK1MVWoQ,Blue,Pale,Green,Nerdglasses,Luxurious Beard,None,Mouth,None,Standard
2035,24,34,0,https://magiceden.io/item-details/5uvNgUbMMBkBvztNun8XXgAZ5yS8UmTUyzNz8ZWjcWBS,Purple,Pale,Green,Eye Patch,Anchor,Gold chain,Redneck,Gas mask,Standard
2041,6,3268,23.85,https://magiceden.io/item-details/5PCYqgUjz4xKFv1VuQMJgj1AJ51PnNbKcm79EoyWMvRr,Blue,Light,Brown,Eye Patch,Front Beard,None,Mouth,Cigarette,Standard
2058,10,537,5.7,https://exchange.art/single/4QBCZWq9cuATscNGSuM7KhCUoyGd7YckakKqYJMVJ8GF,Red,Sahara,Brown,Nerdglasses,Front Beard,None,Frown,Covid Mask,Standard
2060,5.99,2657,28.84,https://magiceden.io/item-details/yZPvUczrSZ5tnB14YesTBkMYDamYKesoqmG8HP33Mrh,Blue,Soot,Brown,Dark glasses,Anchor,None,Mouth,Pipe,Standard
2070,20,4205,0,https://magiceden.io/item-details/sNNMHBew8hdpJyeV17YXZJsgRJPmyoLWNtbnJ48jn35,Blue,Gunpowder,Green,Regular Shades,Normal Beard,None,Mouth,None,Standard
2074,50,96,0,https://magiceden.io/item-details/GHWcoGUDgL1n84mbBna8jthkEfvtxcGM1mE842RQMs8B,Blue,Light,Brown,None,Luxurious Beard,Gold chain,Redneck,Gas mask,Standard
2076,4.9,3273,34.81,https://magiceden.io/item-details/BoZWcAyX6YxwXBCQwzyLDN1MDPsCJoqXYwchUJYCAW1M,Blue,Sahara,Green,Dark glasses,None,None,Smile,Pipe,Standard
2085,3,4537,43.69,https://magiceden.io/item-details/Dv46utWxJGSdMtFLzCg2D4ZdgsFPNB7NKgdUByfm7UZ2,Blue,Soot,Green,Classic Shades,Long Stubble,None,Mouth,None,Standard
2117,3.5,260,72.92,https://magiceden.io/item-details/9pbXaLTUWsHSbayk7Gpu8h274NjEoRxxgxscsokdfpVQ,Blue,Soot,Brown,Big shades,Mustache,None,Frown,Sheesha,Standard
2127,4,3727,40.17,https://magiceden.io/item-details/63YoetAzLX4L4CWyBr86rsT4JwNffAx2tFp8CNe82h17,Blue,Sahara,Green,Regular Shades,Anchor,None,Smile,None,Standard
2134,4,2478,50.17,https://magiceden.io/item-details/8v5CC8Z1T8GdBpUDX2fhFyLRBzvNFj2pyoBKRCRFW779,Blue,Sahara,Brown,Nerdglasses,Old Arab Beard,None,Mouth,Cigarette,Standard
2140,5,4899,20.79,https://magiceden.io/item-details/2nGSnSooE9FxvTkKv26Ai9DsQCdKMvef14RH7PJok7sV,Blue,Light,Green,None,Leader Mustasche,None,Mouth,None,Standard
2146,8,4345,0,https://magiceden.io/item-details/5q7AGpuACUoonQef9tW3pbqibGLS3kt6sTxkauTwzT9a,Blue,Light,Green,Classic Shades,Mustache,None,Mouth,Vape,Standard
2169,5,1449,48.4,https://magiceden.io/item-details/Jb12U5RCWGkTe5gcxZNT3uv37eFeK1drGjp7zWcUqw4,Blue,Soot,Brown,Blue glasses,Muttonchops,None,Mouth,Cigarette,Standard
2181,4,2422,50.62,https://magiceden.io/item-details/9o48nSSjAbaYLzqTXQCYZpWuCTYdYVAf2T5PQxfV7zdL,Blue,Pale,Brown,None,Anchor,None,Frown,Vape,Standard
2182,99,4863,0,https://magiceden.io/item-details/M5CbuavKnRv49X9SQmfex96pkEcLGzW51VXuheCGPiD,Blue,Pale,Green,None,Goatee,None,Mouth,None,Standard
2200,20,3623,0,https://magiceden.io/item-details/D6coooTGtGpcoSJfczMR8hKrTU2Po7T4TFUqHCEuXpAP,Red,Sahara,Green,Regular Shades,Normal Beard,None,Mouth,Pipe,Standard
2219,3,3651,50.78,https://magiceden.io/item-details/8pW1MKUMorsEcpup1bUJeim86Nj3h6P3wr8NtJZuRK4y,Blue,Light,Green,Blue glasses,Mustache,None,Mouth,Pipe,Standard
2250,15.55,267,0,https://exchange.art/single/9AsNAEcAWqPNQcxpsWHCafLTRTL9vfK6GHbnXxngTYDz,Red,Gunpowder,Green,Regular Shades,Anchor,Gold chain,Frown,Cigarette,Standard
2251,4.2,4238,34.08,https://magiceden.io/item-details/2A5TfmGRhS7weYSYbExKmbn4j9LNf6Pc1UDRAUp6riow,Red,Light,Green,Regular Shades,Soul Patch,None,Mouth,None,Standard
2259,8,3686,0.5,https://magiceden.io/item-details/8euQcqBaZ3p3fPjkSNHShoMAp9GRYXeWbrfA5heeHvc6,Blue,Sahara,Green,Big shades,None,None,Smile,None,Standard
2285,20,1362,0,https://magiceden.io/item-details/6QLE3qTktTC6cAhScSJiEhv2ZZgxfEkRZ6YjAQEBxq8y,Red,Light,Brown,Classic Shades,Old Dutch,None,Frown,None,Standard
2287,20000,4769,0,https://magiceden.io/item-details/GJH3irWhr54Pq7vzi2DqAMc1v44HgYXrpYaKCjDyPjuo,Red,Sahara,Brown,Classic Shades,None,None,Mouth,None,Standard
2288,20,3993,0,https://magiceden.io/item-details/BMRP43awqHUGZW5qqYMTjEvq49pjS31VBM7SfNush8q8,Blue,Sahara,Brown,Eye Patch,Normal Beard,None,Mouth,Cigarette,Standard
2296,25,29,0,https://magiceden.io/item-details/HURN9aW9WsyD9LAgh1cKRub4SRkhHYh4h3uEJXf6NPqp,Blue,Soot,Green,Big shades,Old Arab Beard,Earring,Smile,Pipe,Standard
2297,100,3003,0,https://magiceden.io/item-details/oPW75tbeMb439rNPxJehvWAUFD2SgfRxRtnFUH6GzrG,Blue,Gunpowder,Green,None,Normal Beard,None,Mouth,Vape,Standard
2300,2.45,3579,56.86,https://magiceden.io/item-details/8vwRjUefVtaozis2ayjkhpTCxUJ6Aayxuff3wfhi9m4M,Blue,Gunpowder,Green,Classic Shades,Mustache,None,Mouth,Cigarette,Standard
2351,13,4371,0,https://magiceden.io/item-details/DR8c5yUPn9GWC38uMg1azTWBxePUA7FekbC2BB2e8zxM,Blue,Light,Green,Classic Shades,Old Dutch,None,Mouth,None,Standard
2416,2.8,232,80.14,https://magiceden.io/item-details/3f8tXC5rS6Ucuja2ebGQBMicXP4brCv86xWMypukgD5B,Blue,Pale,Blue,Unibrow,None,Gold chain,Frown,None,Standard
2427,100,1928,0,https://magiceden.io/item-details/CU51BBcxhuQSKALRCfp6uZNnEQGqUkfRswWaq1cRgDsb,Blue,Pale,Green,Regular Shades,Full Beard,None,Frown,Pipe,Standard
2436,4,272,67.82,https://magiceden.io/item-details/Aib1jbYMP64dJzKW3YPH2jpzzJgwJ1dfrnMj4KJvwqpv,Blue,Sahara,Green,Eye Patch,Stubble,Earring,Redneck,Cigarette,Standard
2441,2.4,1534,73.72,https://magiceden.io/item-details/EZLLGC68rGJ4cxqUhQEH2ycgKhNzBeN9aQisSi6R5UZk,Blue,Gunpowder,Green,None,Chinstrap,Gold chain,Mouth,None,Standard
2446,10,3410,0,https://magiceden.io/item-details/BAYXfeqQTFiNEpSLDkdxN7tydV9WiLkB8K8xuRw1oSJ8,Blue,Light,Green,Nerdglasses,Stubble,None,Mouth,Covid Mask,Standard
2450,8.8,2047,5.62,https://magiceden.io/item-details/H7XVdt4eWHmkDHaFqLvaacagxUiNP8jCty7d2KJbr3FS,Red,Sahara,Brown,Classic Shades,None,Gold chain,Mouth,Vape,Standard
2472,1.13,4599,61.89,https://magiceden.io/item-details/B6vfiuNmY1uQnGdtWTUHHdc6X1TY96qbKW9wz9TFa2Dh,Blue,Pale,Green,Eye Patch,Leader Mustasche,None,Mouth,None,Standard
2474,1,3151,74.78,https://magiceden.io/item-details/H2iKGi3HqzDQti1ZhLkt3zG5oFUnkETmdZbuncdpvruo,Blue,Soot,Brown,Big shades,Mustache,None,Mouth,None,Standard
2482,1.75,4703,54.86,https://magiceden.io/item-details/3NAXbEkW6zLAb8b1J3H9ECMsJDw8zzhkuHnc76nkoMPX,Blue,Pale,Brown,Regular Shades,Leader Mustasche,None,Mouth,None,Standard
2489,3.5,664,69.69,https://magiceden.io/item-details/Dk4v7RiDXDregZLcU5T1WySTh89PMjPocFKbf1ytEkRD,Purple,Sahara,Green,Nerdglasses,Front Beard,None,Smile,Cigarette,Standard
2493,2,2022,73.82,https://magiceden.io/item-details/8Nvs9WcSU5PAymbAcAM2nKKrxZwyZFDqrXvKbeA229Q,Red,Sahara,Green,Dark glasses,Chinstrap,None,Mouth,Pipe,Standard
2494,3,1763,65.89,https://magiceden.io/item-details/Fn5WALm2K27EpTCkMTTVsCfqYwobEceUsDFqdCRSgQJ9,Red,Light,Green,None,Long Stubble,None,Redneck,None,Standard
2498,15,3331,0,https://magiceden.io/item-details/8RbnFBZqgbVu3oru7go1Yyg7nmwoqiV9hKknkpviXgVv,Blue,Sahara,Brown,Regular Shades,Luxurious Beard,None,Mouth,Cigarette,Standard
2519,1.5,2725,73.19,https://magiceden.io/item-details/4fxquokTbukBDj8rrz9384YzE5HvQQjsjUDnuUfrCd3o,Blue,Sahara,Green,Blue glasses,None,None,Smile,Pipe,Standard
2527,1.2,4195,64.43,https://magiceden.io/item-details/5h3VT86vAaBDXGXao1Zn6RFi1SjJ9HGJE2LNNsUyZxiW,Blue,Soot,Brown,Classic Shades,Soul Patch,None,Mouth,None,Standard
2528,2,2080,73.35,https://magiceden.io/item-details/7F1qooW6t8CVmuzFqasbeTDmL7sp7YGbanjpiWuaXni,Blue,Pale,Green,Regular Shades,None,Gold chain,Frown,Vape,Standard
2529,4.9,3875,29.99,https://magiceden.io/item-details/5a1U3KMTtF9hfaW13Vv1GFGkWHSLt9gD4NSN1eLATXw5,Blue,Sahara,Brown,Regular Shades,Stubble,None,Mouth,Vape,Standard
2536,6,3879,18.96,https://magiceden.io/item-details/4gEvwesfKv7UorXs2HwouUMe7Zj16XnvE63FgkguCBzt,Blue,Sahara,Green,Classic Shades,Handlebars,None,Mouth,Vape,Standard
2537,1.75,1147,83.32,https://magiceden.io/item-details/AszpLyfg6DP9aS78rUSxKNKCDmxnvUW6G6eWHprjGktk,Red,Sahara,Green,None,Balbo,None,Mouth,Gas mask,Standard
2554,101,3876,0,https://magiceden.io/item-details/3GHJujyREfk3uBvFDJP1qyhYzMGKJze2cy4rEcpdUYKy,Blue,Light,Green,Classic Shades,Long Stubble,Gold chain,Mouth,None,Standard
2556,4,4640,32.87,https://magiceden.io/item-details/BDSo9dW9gPJL2iZ47yM6WYgHCM6tB6vA3FVBcwueuFTy,Blue,Sahara,Brown,Nerdglasses,None,None,Mouth,Cigarette,Standard
2562,3.9,2128,53.97,https://magiceden.io/item-details/3ijzNbh7Fqax9E2xRXYvnUY2jsaFL5fFudZeyj5PvewQ,Red,Pale,Brown,None,Old Arab Beard,None,Mouth,Cigarette,Standard
2570,2,1179,80.56,https://magiceden.io/item-details/CqHV2EwmgWRmk5rKvDuJf8JsJq4UxmpzBbjytY2JE2q1,Purple,Light,Green,Dark glasses,Mustache,Gold chain,Mouth,Cigarette,Standard
2572,80,189,0,https://magiceden.io/item-details/9tsy6P52x3AUkuUvb2zuzJgdwrH72sEge2sF1yDUDE1F,Blue,Pale,Green,None,Leader,Gold chain,Redneck,Pipe,Standard
2585,1.6,3200,68.39,https://magiceden.io/item-details/mvErDUHwG6EwXJ2R3wtUGx56cMgotuq5fcC8WTCgcnp,Blue,Light,Green,None,Goatee,None,Mouth,Gas mask,Standard
2609,7.6942069,3404,5.82,https://magiceden.io/item-details/35U4cz8C9UMGu4E1SbD3Q8yqw9WqPuWvhHnYQqYmVoND,Red,Light,Brown,Dark glasses,Leader Mustasche,None,Mouth,None,Standard
2611,5.5,4975,15.18,https://magiceden.io/item-details/3ZyKPWW8wa3AXo7MU2Zf7oLqSxj7qQJAWTgP7WHrv2Bu,Blue,Sahara,Green,Classic Shades,Normal Beard,None,Mouth,None,Standard
2614,80,3231,0,https://magiceden.io/item-details/5wyS4Q6nQ7o6vkwheJtgEjRQkeLsRr4cBySN1UhJ9ZaM,Purple,Pale,Green,Classic Shades,None,None,Mouth,Covid Mask,Standard
2627,15,31,0,https://magiceden.io/item-details/C6FV8ZtN8mRGveKs6tv69NYzvgDoFCmaVdoEkZX9Nc4Y,Red,Pale,Blue,VR,Normal Beard,None,Donkey Teeth,Cigarette,Standard
2639,11,1649,0,https://magiceden.io/item-details/AwfdPJbXhEwYfjnubjXhMHXQfHEKq8fB1ivrbM4oefeq,Purple,Soot,Green,Classic Shades,Stubble,None,Mouth,Vape,Standard
2650,6.5,3553,16.56,https://magiceden.io/item-details/AMs151Mkf7AYd6kWP1KaF2PjMuBsY7kUr1JNqSGE244Z,Red,Pale,Green,Dark glasses,None,Gold chain,Mouth,None,Standard
2667,3,302,77.58,https://magiceden.io/item-details/F2MvTk4Yt1EgJzG9wUFtdpPTTbSpDWkE8CZp24hWLaAJ,Blue,Pale,Brown,Eye Mask,Leader Mustasche,None,Smile,Vape,Standard
2670,3,500,76,https://magiceden.io/item-details/GZE6vgegugSk8ARYikT99HCyUQBWhaF8Ai7NeqpPCWGN,Blue,Soot,Green,None,Leader Mustasche,Gold chain,Redneck,Cigarette,Standard
2676,10,2707,0,https://magiceden.io/item-details/9Msn1HxCu8f5tikx4aPv4h8NwLBXbXiWgER6x9UF4Kqs,Blue,Light,Brown,Nerdglasses,Anchor,Gold chain,Mouth,None,Standard
2681,1.92,4408,55.52,https://magiceden.io/item-details/48Xv3ok2b1zzpcR41bRsgeMHsAtifLBQzzx7XT9nLCTD,Blue,Pale,Green,Big shades,Soul Patch,None,Mouth,None,Standard
2735,5,4706,22.34,https://magiceden.io/item-details/zXZs7Qi4AdBJ9iKM8CxWjkFiBfdbbYiRVucvuApRoug,Blue,Soot,Green,Regular Shades,None,None,Mouth,Cigarette,Standard
2746,2,3408,62.73,https://magiceden.io/item-details/24it9YMnTc2sUxeZJcVwPJVPEBUqbLWVzdg3Z3NwU2g1,Blue,Pale,Green,None,Front Beard,None,Mouth,Gas mask,Standard
2747,4,3286,43.7,https://magiceden.io/item-details/AFJfpC8sk3tcbE61hHqdfpykqsY9KunFBiyZgtniUgs4,Blue,Light,Green,Eye Patch,Stubble,Gold chain,Mouth,None,Standard
2775,2.5,4824,46.39,https://magiceden.io/item-details/F5JqrJzcQ5Hf5BD1X8WWZi3fnPpuqo2G6kbuLw1wyUvf,Blue,Light,Green,None,Goatee,None,Mouth,None,Standard
2777,4.069,460,65.63,https://magiceden.io/item-details/stkprmhmsbq3Rypcj7RRik4yexpy49N2ZW96Yb7WecS,Blue,Soot,Brown,Blue glasses,Full Beard,None,Frown,Pipe,Standard
2778,2,1419,78.64,https://magiceden.io/item-details/8QgEhftWAQJUtcqdppXWeu14MLtwgDSJuAEcRhSMw2CM,Red,Sahara,Brown,Regular Shades,Anchor,None,Redneck,None,Standard
2781,4.9,4579,24.35,https://magiceden.io/item-details/9e1wLACu9EhNw1b7zQ8ao6FVVTJiueoESMy7KWTD23jE,Blue,Pale,Brown,None,Mustache,None,Mouth,Cigarette,Standard
2785,3,3473,52.2,https://magiceden.io/item-details/C2bbkhjmBhr35iTXgUVTojbi9rtqE2TVAijMzkabMsUY,Blue,Light,Brown,Classic Shades,Front Beard,None,Mouth,Vape,Standard
2796,53,3372,0,https://magiceden.io/item-details/3HHA4V4CXpzqc5W18LyvstSJ27TL6TW2wiERn4C5yVG5,Blue,Light,Green,Blue glasses,Stubble,None,Frown,None,Standard
2798,10,3933,0,https://magiceden.io/item-details/GtYYPQmnhavUKH2StfanKYwwR3oNryMNTrF4ForS23yW,Blue,Pale,Green,Big shades,Anchor,None,Mouth,Cigarette,Standard
2811,15,526,0,https://magiceden.io/item-details/Fua9wcfsgEyA86nGV6VmqcKpfea13CPaQ9bxFCFLyxPo,Red,Pale,Green,VR,Stubble,Gold chain,Mouth,Covid Mask,Standard
2851,1.75,2084,75.82,https://magiceden.io/item-details/GScDACEfHmXTBYoZ82cM9kVQr7FsQtReA9Bp94aMsAvH,Blue,Pale,Brown,Classic Shades,Luxurious Beard,None,Mouth,Gas mask,Standard
2858,3.2,722,72.22,https://magiceden.io/item-details/2knDguVCoCcLxaHnTg2sZeGBeRkedcAEzQWAF8G9MY6y,Blue,Soot,Green,Eye Mask,Leader Mustasche,None,Mouth,Covid Mask,Standard
2868,5,3298,33.61,https://magiceden.io/item-details/J8mEdsW7sabv2jH9dQVgC7jN6WERir5idTxpbsv2HxXC,Blue,Soot,Green,None,Goatee,None,Mouth,Pipe,Standard
2876,95,2040,0,https://magiceden.io/item-details/9j7QMBBiMCcGYk69qxFAybnUSZo6N1Jo1E5HZdy2q5L,Blue,Sahara,Green,Big shades,Normal Beard,None,Mouth,Sheesha,Standard
2879,17,17,0,https://magiceden.io/item-details/DU1VTUDJL7ANLQxNcekHYiEfBmo6TAXYkLjqy2FBqsL6,Purple,Light,Brown,Unibrow,Normal Beard,Earring,Frown,Cigarette,Standard
2884,3,227,78.18,https://magiceden.io/item-details/4XUevfsUyTE7kpADL6MwNbwEPZJL6dKXL8Ukd5rKEDo4,Red,Sahara,Brown,Big shades,Leader Mustasche,None,Redneck,Vape,Standard
2887,4,1088,61.29,https://magiceden.io/item-details/9yvao4BEs2gRMxCBy7z1U6tNrfvJ6c1oN3xSSE3Ayp92,Red,Gunpowder,Green,Dark glasses,Chinstrap,None,Mouth,Cigarette,Standard
2894,5,1208,50.33,https://magiceden.io/item-details/hFdBoawaQ8tf2N9rMD7ihvrS7nNRhq5bw9qqjFr8mAD,Red,Sahara,Green,None,Leader,Gold chain,Mouth,None,Standard
2897,4,2197,52.42,https://magiceden.io/item-details/5tyD3aEQZjs17JF6hepWFc86hD9Bw571fcn67fGdnov1,Blue,Soot,Brown,Blue glasses,Goatee,None,Mouth,Cigarette,Standard
2902,1.25,3060,73.01,https://magiceden.io/item-details/6PdF8MmRX8ftSq385tYW7rLsNmLu9yahBtgVgPDdg2mH,Red,Light,Green,None,Front Beard,None,Mouth,Pipe,Standard
2906,3.33,3270,50.53,https://magiceden.io/item-details/Fwj15XTXn3zyjZsjMj7wRuGeXp21yoLso1ExoJv1EBVb,Blue,Sahara,Brown,None,Front Beard,None,Mouth,Covid Mask,Standard
2909,4.99,1158,50.83,https://magiceden.io/item-details/6o4VoyFK6sKPF35tkRvpCwtuHLr8sjmprSN16dRMNVEj,Blue,Pale,Brown,Dark glasses,Soul Patch,None,Donkey Teeth,None,Standard
2932,1.15,4581,61.84,https://magiceden.io/item-details/2wXsMFBr4iqVo9v1DB3iEwEa2gGGB1zFDc3vt7baHTmv,Blue,Sahara,Brown,None,Handlebars,None,Mouth,None,Standard
2945,5,606,55.15,https://magiceden.io/item-details/nMpncGA6fnPoDd4spXof5iS4Cf9Fn5nX7BnVcCNG4fA,Blue,Gunpowder,Green,Dark glasses,Mustache,None,Donkey Teeth,None,Standard
2958,4,903,62.77,https://magiceden.io/item-details/8KPbgVzh2Mr1EZWjxA2qm72JVLxqnyC5dGwp1U9MnVSQ,Blue,Soot,Brown,Dark glasses,Old Arab Beard,None,Smile,None,Standard
2961,2,2925,66.59,https://magiceden.io/item-details/6jWgtgXtr3xa63dotY6oacPutzKq8sgD3GfEqLzKuVzi,Blue,Light,Brown,None,Luxurious Beard,None,Mouth,Pipe,Standard
2967,5,4384,24.91,https://magiceden.io/item-details/HRrmNyMnK6sEzmCkLYqcG4AwZhfhhPC2hsnas4B2BFGs,Blue,Sahara,Brown,Dark glasses,Front Beard,None,Mouth,None,Standard
2968,15,67,0,https://magiceden.io/item-details/DdephXNqBySN6zGoWvQVzLAwZ451iwSJmmeA8gEG8eGN,Red,Sahara,Blue,Eye Patch,Luxurious Beard,Gold chain,Mouth,Pipe,Standard
2976,5,727,54.18,https://magiceden.io/item-details/HDt6PYxfCexvUGPfVQcq5Cd7advZwjzNdsqM5YTUyVEJ,Red,Sahara,Green,Unibrow,Leader,None,Mouth,None,Standard
2980,5,680,54.56,https://magiceden.io/item-details/4AyoL65G85B1m4A7GZrLSQKFBnyRHMLzdG7PysXUrbzN,Blue,Gunpowder,Brown,3D Glasses,Anchor,None,Mouth,Pipe,Standard
2986,5,312,57.5,https://magiceden.io/item-details/2CgKPSj4ZtzBX4M1Zm4MZfEjLAS4emHeP7pc3NNkfdQz,Blue,Pale,Brown,Eye Patch,Stubble,None,Donkey Teeth,Covid Mask,Standard
2991,5,854,53.17,https://magiceden.io/item-details/4rfw8zCZmtNw4UNJffwyN5arbafaVfKY3URGBFSQTN53,Red,Sahara,Green,None,Luxurious Beard,None,Smile,Pipe,Standard
2993,10,484,6.13,https://magiceden.io/item-details/3QniyCHSzvhVAHW2zNCQWmv33V8Zivy197j6TWDmQM2A,Red,Pale,Brown,Classic Shades,Muttonchops,None,Redneck,Cigarette,Standard
2994,9,122,19.02,https://magiceden.io/item-details/3ChF7CyqK6AMho9LcGHAys13kDkjofJiyQ8wjVnDS8kJ,Purple,Light,Green,Eye Mask,Long Stubble,None,Frown,Vape,Standard
2998,10,1828,0,https://magiceden.io/item-details/3wN5wSgHinGawrGrDKeXGkFShCFNJUSh21nzwh7fEb72,Blue,Light,Green,3D Glasses,None,None,Smile,Cigarette,Standard
3002,13,66,0,https://magiceden.io/item-details/RZxcEaEAeoDFbiPS5e9acoBnQpn6R26eXJ5cJjdJCRd,Purple,Light,Green,Nerdglasses,Leader,None,Donkey Teeth,None,Standard
3003,20,2389,0,https://magiceden.io/item-details/DrkT8w6j8r1mPw93cAdTnouKx5nfymL9KadXiryuC18v,Blue,Pale,Brown,Eye Mask,Long Stubble,None,Mouth,None,Standard
3004,8,149,28.81,https://magiceden.io/item-details/Hd3agkqGVjgMNuWCZAJMdik3FL2moocJ4CQwaKXYATZE,Blue,Pale,Blue,Regular Shades,Goatee,Gold chain,Frown,Vape,Standard
3012,2,2243,72.05,https://magiceden.io/item-details/549sSRPipBL8aF58B1YPKp8hJm7JqndSkSMcmEmck5Mj,Blue,Pale,Green,Blue glasses,Mustache,None,Frown,Pipe,Standard
3025,333,3013,0,https://magiceden.io/item-details/G3qhpRzJxBDtr6CXgDkS6D4Qu3JT9AkBRjURemE3fAyw,Purple,Light,Brown,Big shades,None,None,Mouth,None,Standard
3026,100,3921,0,https://magiceden.io/item-details/5hJTe3qSTQqxj75JUFsizGBW3GYPrpoQ86ZmKuLmJnk2,Blue,Pale,Brown,Blue glasses,Normal Beard,None,Mouth,Cigarette,Standard
3049,6,1244,40.04,https://magiceden.io/item-details/HphjU5AGXLDpFBQCLFD1XF2M15C3wcSaah4ADzypc6o2,Blue,Soot,Brown,Eye Patch,None,None,Smile,Vape,Standard
3059,6.6942069,4849,4.25,https://magiceden.io/item-details/5ag3KSXGLvjqNBUEdJK1yJdUcoyUCQGVhcNcTz96wKCU,Blue,Sahara,Brown,Eye Patch,None,None,Mouth,None,Standard
3094,1.9,4211,57.3,https://magiceden.io/item-details/AqHtbcJ4bRsobCxCZD38ToPKiFWto4UYuB6QT9u2imkL,Blue,Sahara,Green,Classic Shades,Long Stubble,None,Mouth,Vape,Standard
3096,4,4232,36.13,https://magiceden.io/item-details/BtxBqGx2bc9VnEiVrgB9ALrRqVF9mBH9ea26T6PoWXrM,Blue,Soot,Green,Classic Shades,Mustache,None,Mouth,Cigarette,Standard
3102,5.5,3347,28.21,https://magiceden.io/item-details/EidRWQVm9Q19GcsCe9JJ2BM2zhGPAvrg4AGYZxQyenBs,Red,Sahara,Green,Regular Shades,None,None,Frown,Cigarette,Standard
3104,2.7,439,79.49,https://magiceden.io/item-details/7o6Bs9TbQELXQpsFcUTLRfr23HcT7DUGSopqzTZ6tyi6,Blue,Light,Blue,VR,Front Beard,None,Mouth,Covid Mask,Standard
3117,15,3786,0,https://magiceden.io/item-details/Ai8HAd821hQ4aNipFY3jZyCsqgt1tZW8iDCbmNueNZ9W,Red,Pale,Green,Nerdglasses,None,None,Mouth,Pipe,Standard
3159,2.5,4902,45.77,https://magiceden.io/item-details/GN23deSf8DNUpBAYTh4Jvs2fjFuCmXDcNrBEHtoPEQHU,Blue,Sahara,Green,Big shades,None,None,Mouth,None,Standard
3167,1.249,3759,67.43,https://magiceden.io/item-details/7y7SSjkS92qixZpkPcjwT7XMrpKvBBKg5x6qaBCRUz1U,Blue,Sahara,Brown,None,Leader Mustasche,None,Mouth,Vape,Standard
3179,4,326,67.39,https://magiceden.io/item-details/e9kxuRVoXCd5cqQUiwSpK5FBwDdV1m72fgrLLXX9cS4,Blue,Soot,Blue,None,Soul Patch,None,Smile,Pipe,Standard
3185,13.69,1298,0,https://magiceden.io/item-details/2vJ2hQfDnFVu6hkeHX1nyUpqHcxqwEVzCEae1grA3joi,Red,Gunpowder,Brown,Regular Shades,None,None,Mouth,Gas mask,Standard
3187,80,2503,0,https://magiceden.io/item-details/5sLTgFAhVr4ce6MeYDsGgdt8uVH1GPYXW2VmaiFXdPLL,Purple,Light,Green,Big shades,Anchor,None,Mouth,None,Standard
3192,8.69,1923,7.71,https://magiceden.io/item-details/Dow9pt3X4nBpu2xwceWADhCMydtjZZ1uCSJJxZrpMmxM,Blue,Soot,Green,Eye Patch,Handlebars,None,Mouth,Vape,Standard
3211,24,583,0,https://magiceden.io/item-details/FhgGppY4bZnJobAJcEzyzTCLcYKwPhjnwnFR7De2Hdpd,Purple,Pale,Brown,Eye Patch,Normal Beard,Earring,Mouth,None,Standard
3218,9.7,1156,3.75,https://magiceden.io/item-details/CvQcCgTkKERhi6EYBraBwwQwHiyCJfVjxq9R5ohoTGLd,Red,Gunpowder,Brown,Dark glasses,Stubble,None,Mouth,Pipe,Standard
3255,5,4650,22.79,https://magiceden.io/item-details/FX8J83Yxq6NYRLAA1CsEAUkAKEWJHYbzXRyoCgtoh32F,Blue,Pale,Green,Big shades,Normal Beard,None,Mouth,None,Standard
3269,10,955,2.36,https://magiceden.io/item-details/Aecc6kRm8xZQn8LpQukY7S2zTgsqcAUgLwsiukj4KcwJ,Purple,Light,Green,None,Front Beard,None,Mouth,Sheesha,Standard
3284,18,64,0,https://magiceden.io/item-details/5KMXTUrbL3qDxSx4rVueyiCQCfg3wGTLkoHy8ca1QTWa,Purple,Gunpowder,Blue,Nerdglasses,Chinstrap,None,Mouth,Cigarette,Standard
3287,2.19999,2575,67.39,https://magiceden.io/item-details/5mActe4eTLU7k8RGPTrLU3BETojdUT5fW3A4snYoSapG,Blue,Sahara,Brown,None,Soul Patch,None,Redneck,None,Standard
3327,25,542,0,https://magiceden.io/item-details/8BfUjbJJB6iLETVBPq1ER13XrReKqBy7ARz9J75N3XPD,Purple,Sahara,Brown,Dark glasses,Big Beard,None,Frown,None,Standard
3359,6,2403,30.77,https://magiceden.io/item-details/9wcDS1xpxpXYv1b2kyPtgi6Lpx1i1fcKNah85GG4r6gW,Red,Sahara,Brown,Eye Mask,None,None,Mouth,None,Standard
3379,8,4616,0,https://magiceden.io/item-details/GKF6uUtSnWDGM9rus8ui4ZpSCj6Hh2wvdnTZcfXFTiwk,Red,Sahara,Green,None,Stubble,None,Mouth,None,Standard
3380,4,2642,48.86,https://magiceden.io/item-details/J1PwfBS7wsvA472N3KZM8CWWQvJ51X6f7PT3btzjteuf,Red,Sahara,Green,VR,Front Beard,None,Mouth,None,Standard
3390,17.5,1289,0,https://magiceden.io/item-details/Fx24nnvrTctaeL6dTLr55kqGQyUst27Az5NGTDiCCDZt,Blue,Pale,Green,VR,Normal Beard,None,Redneck,Cigarette,Standard
3392,8,1178,20.57,https://magiceden.io/item-details/52Kic73dxbrRygx21gjvT1pSaT7cM8APpv1R4YaJznRQ,Red,Pale,Green,Regular Shades,Mustache,None,Frown,Gas mask,Standard
3399,8.9,1515,8.88,https://magiceden.io/item-details/496xnWdoSBjFwC9r6Gm2nUFbuauywjLRGpyJ4LzRgVD9,Purple,Soot,Brown,None,None,None,Smile,None,Standard
3419,4.9,1127,51.98,https://magiceden.io/item-details/D6SStXqhRwoKpi8TcoSCtvMRFMFxb5HpTGcuGXAZHQLS,Blue,Pale,Green,None,Old Arab Beard,None,Frown,Gas mask,Standard
3427,3.8,2922,48.61,https://magiceden.io/item-details/bdEyBuDCj51bmaRqGm4NEoRf65G9tio3a1gefUhdu43,Red,Pale,Brown,Regular Shades,Mustache,None,Mouth,Pipe,Standard
3450,3,4218,46.24,https://magiceden.io/item-details/GyVD56M8doTrGPxCQg1piBFaAEp4km3bkHvYC2s5Z2G1,Blue,Pale,Green,None,Soul Patch,None,Frown,None,Standard
3459,6.5,3819,14.44,https://magiceden.io/item-details/4gPFmoyRSrhQXiMytoxrfHeN3eB76UdHf8jTpMaquYau,Red,Pale,Green,Dark glasses,Normal Beard,None,Mouth,Cigarette,Standard
3469,10,788,3.69,https://magiceden.io/item-details/DHhscHmzFwtgoXTjMA3FvkuRMRDn3R7qAxYvsER9xDVw,Red,Soot,Blue,Classic Shades,Long Stubble,None,Mouth,Cigarette,Standard
3476,110000,22,0,https://magiceden.io/item-details/HLpNXSaE4jEKQKWfRAhGNn4aeYYsvh9izw153HSL12Df,Red,Soot,Brown,VR,Front Beard,Gold chain,Redneck,Cigarette,Standard
3477,10,4892,0,https://magiceden.io/item-details/EqZBtjB5UyiMZeSA5qFpR9HvgShY6wqFLyYa82jnLA1i,Blue,Light,Green,Regular Shades,Anchor,None,Mouth,None,Standard
3483,5.5,777,48.78,https://magiceden.io/item-details/4Nijh8cYDCpdPpvALhac5htBgjPUUU3WmNT89GDGSkKj,Blue,Soot,Green,Eye Patch,Goatee,None,Frown,Covid Mask,Standard
3530,1.2,4132,64.93,https://magiceden.io/item-details/DWXwVxMK8AKb6BMxtKuJcMvW66pk4SWDmua9Ra8E3Jyg,Blue,Gunpowder,Brown,Dark glasses,None,None,Mouth,None,Standard
3534,4,2795,47.63,https://magiceden.io/item-details/5ASopxSfeD15pNq6yQGNkMwi96ocXpGrpL4C7YyL42j5,Blue,Sahara,Green,Dark glasses,Normal Beard,None,Mouth,Sheesha,Standard
3560,4.6,3769,33.84,https://magiceden.io/item-details/6mSj4iPRC9GsZsgUdNiDtbBuPM2naYwP3fQBoMrV4Rst,Blue,Pale,Brown,Blue glasses,Handlebars,None,Mouth,None,Standard
3580,9,461,16.31,https://magiceden.io/item-details/HLrudaKYETHXxoigkCP1oGVgUsS9TYoFHfWyNjJ9FueH,Red,Soot,Brown,Classic Shades,Normal Beard,Gold chain,Frown,Cigarette,Standard
3597,2.6,1343,73.25,https://magiceden.io/item-details/6ABizB9zuGkczEZCw672rNAZshKeHZUPkFtPr7as8VjC,Purple,Light,Brown,Classic Shades,Old Arab Beard,None,Mouth,Cigarette,Standard
3599,30,427,0,https://magiceden.io/item-details/S3LBGyT69aPdzcANXrXB1D8YAvbJC8p1DrApMje2Fyy,Purple,Light,Green,3D Glasses,Old Dutch,None,Mouth,Cigarette,Standard
3601,4,4012,37.89,https://magiceden.io/item-details/9oj2EP6HFVn1d35Hpfprgh3iDfkHUuruMhvoJAkUFWX2,Blue,Sahara,Brown,None,Old Dutch,None,Mouth,None,Standard
3624,6,3746,20.02,https://magiceden.io/item-details/7wkFDJG8TonYoxojqhH2XtzsJciwCq4BswKZx1KRhXPr,Blue,Sahara,Green,None,Goatee,None,Mouth,Covid Mask,Standard
3632,2.1,2572,68.42,https://magiceden.io/item-details/6AXxkY8qmnKTdnpdfdc2B6XWkgCecVJdRo3m7nLmkTRp,Purple,Soot,Green,Regular Shades,None,None,Mouth,Pipe,Standard
3633,150,3240,0,https://magiceden.io/item-details/CHp2PkE7Sxnok7ExhTwuiz1YqMP77v5M8xVfLM2DY92x,Blue,Pale,Brown,Classic Shades,Goatee,None,Mouth,Covid Mask,Standard
3635,5.99,4077,17.47,https://magiceden.io/item-details/EbNbPDfAyti7NDv1sNNFaXLRffu3WxC7JvurcFxGu8ym,Blue,Light,Green,Big shades,Goatee,None,Mouth,None,Standard
3639,170,2109,0,https://magiceden.io/item-details/9STH4dTfy7utaoakqcZPR7my3TkHvxivDFPNk5bcnwGX,Red,Sahara,Brown,Classic Shades,Stubble,None,Frown,Cigarette,Standard
3645,11,827,0,https://magiceden.io/item-details/8Ysyub997EmwdUjomBhBEnNjdQKLwpQSis7ttD5SpGi7,Purple,Pale,Green,None,Luxurious Beard,Gold chain,Mouth,Cigarette,Standard
3652,12,1252,0,https://magiceden.io/item-details/oCjU9CJnuT8MtdSmk2PK88Eozts4UZdv8WZMTtYNC1E,Red,Light,Green,Classic Shades,Old Dutch,None,Frown,Cigarette,Standard
3660,8.5,1982,9.14,https://magiceden.io/item-details/GpsbrpqaWWocnwnhzNbS17yWLDxGbY6iByFi9HAerQA9,Blue,Sahara,Green,None,Anchor,Gold chain,Mouth,Gas mask,Standard
3662,6,4207,16.33,https://magiceden.io/item-details/9Cx4352YrGmXzcivcVNkj1GYZq28Bcq8dhPSCM93XGSM,Red,Sahara,Brown,Classic Shades,Mustache,None,Mouth,None,Standard
3666,3.33,3642,47.55,https://magiceden.io/item-details/BYpgcQMd1X2n3ej5C1rwpgfgFxFhnW9d2Eq5dDGRSw4g,Blue,Pale,Green,VR,Handlebars,None,Mouth,None,Standard
3668,2.35,2278,68.27,https://magiceden.io/item-details/22mrEyv8jbUdAGtNhTsveQf49VDgAWwLz165GJDPYLCt,Blue,Light,Green,Regular Shades,None,None,Frown,Sheesha,Standard
3681,6,2701,28.38,https://magiceden.io/item-details/7LJrr4SPXv9A14eUU32w1hZEeaEuLSbmeU1xeVBx4roy,Blue,Sahara,Brown,Blue glasses,Leader Mustasche,None,Mouth,Vape,Standard
3682,2.5,3892,53.85,https://magiceden.io/item-details/Gah2TjnXKfHm6fXXHfmSTz5hghPFmFWkNu7wwcxaDFYG,Blue,Sahara,Green,Regular Shades,None,None,Mouth,Sheesha,Standard
3683,1.9,1184,81.52,https://magiceden.io/item-details/5Ba3zS2VN9KqFtmYTwATJQBk8eFLh7nAtrD4e4N5qNim,Blue,Sahara,Brown,Eye Patch,Anchor,Gold chain,Mouth,Covid Mask,Standard
3691,20,1357,0,https://magiceden.io/item-details/8uaQisfhBnYf9R25qMZCvYcipqYQbsqSGKogG36mWwNm,Blue,Pale,Green,Unibrow,Chinstrap,None,Mouth,Pipe,Standard
3692,4.6,4617,27.05,https://magiceden.io/item-details/Ddew8dHWJyvKaEzZEK2hJTvbt5RfWKWHMnePEDu3AkKT,Blue,Light,Brown,None,None,None,Mouth,Vape,Standard
3693,4.1,1371,58.03,https://magiceden.io/item-details/8WG5nrv5Szbpq7C6NSQt2kbh3cusCpWCrMZn5RdBdSit,Blue,Soot,Brown,Classic Shades,Leader Mustasche,None,Frown,Vape,Standard
3697,1100,2807,0,https://magiceden.io/item-details/CuuVZGqRfdH2kd9PdJ5SmGoYCRyU1a6h75gwBKjydEXf,Blue,Light,Green,Classic Shades,Normal Beard,None,Frown,Covid Mask,Standard
3717,15,315,0,https://magiceden.io/item-details/2ZmCbhrakEbZAAhJyvCActVma7vPE6MK1Q8AZ3X9bTav,Purple,Pale,Brown,Classic Shades,None,Gold chain,Frown,Gas mask,Standard
3721,13,293,0,https://magiceden.io/item-details/HSHwCxZ3JHW5EoPBjtYxMSky4Ferm3qPahrbUx1MRC4d,Red,Light,Green,3D Glasses,Leader Mustasche,None,Smile,Pipe,Standard
3729,9.7,4845,0,https://magiceden.io/item-details/6w7szxbUnT7yhnFgpnfrF4ZZNwoayAmYAxJtzVDkoaU,Blue,Sahara,Brown,None,Mustache,None,Mouth,None,Standard
3735,13,3174,0,https://magiceden.io/item-details/HCAf5Hea3PdBCJNtm4GjspAmF3dNeZDo9SVR16AqSMjR,Blue,Light,Brown,Dark glasses,Big Beard,None,Mouth,None,Standard
3743,5,346,57.23,https://magiceden.io/item-details/62ra1shRw8p8xsFPfaPQmFRxKhR841RHxhrTcutLHknN,Red,Pale,Brown,VR,None,None,Frown,Sheesha,Standard
3755,55,2944,0,https://magiceden.io/item-details/2NQiiHiTjBU6tq3G1rD7ZkHthivKnh4HCvwQuZTXgweD,Blue,Light,Green,None,Long Stubble,None,Smile,Cigarette,Standard
3767,6.18,4597,11.41,https://magiceden.io/item-details/EgkQhd6GkUppoj5WPgZQa1jn2ZmBE5FRe1txsRGbF5Ug,Blue,Light,Green,Classic Shades,Chinstrap,None,Mouth,None,Standard
3782,5.55,2577,33.88,https://magiceden.io/item-details/2o2ceXkNKCgBWa9pEaBmrQeAbozTt28WiZvcEArzmeiu,Blue,Soot,Brown,Eye Mask,None,None,Mouth,None,Standard
3823,1.02,2246,81.82,https://magiceden.io/item-details/4UaaGHYrQ7A2SjhoiWeiVJ1nAx66PKJpR6V4qrHcaJZg,Red,Soot,Green,Regular Shades,Handlebars,None,Mouth,Cigarette,Standard
3826,9,2440,0.47,https://magiceden.io/item-details/HA5Xg9PUwfWrHyjcei8Q6cdeAcMSGn8wmQK92qsYNFqk,Blue,Pale,Brown,Big shades,Chinstrap,None,Mouth,Cigarette,Standard
3860,6,3492,22.05,https://magiceden.io/item-details/9YxTqbAbxgZZ7dRj7xdjPAHrwjg4uZ69qkezvroeNtmD,Blue,Sahara,Green,Nerdglasses,Goatee,None,Mouth,Pipe,Standard
3864,2.5,475,81.2,https://magiceden.io/item-details/Gv914YBHm8KAnik7aAnKDgPJFG9JVPq15hJGhVGA6SiA,Blue,Soot,Brown,Eye Patch,Chinstrap,Earring,Mouth,None,Standard
3868,4.5,2528,44.77,https://magiceden.io/item-details/5eoBzdyhoUkWNtfaD7dpXYnrt1964goFGEReCPsZvDt9,Blue,Sahara,Green,Regular Shades,Normal Beard,Gold chain,Mouth,Covid Mask,Standard
3896,5,3018,35.85,https://magiceden.io/item-details/BcxTDTJnF1i5aGmW3i7uZqjPi7N59pc8DCxATgX9mzLi,Blue,Pale,Green,Blue glasses,Soul Patch,Gold chain,Mouth,None,Standard
3925,8,2880,6.95,https://magiceden.io/item-details/3exVukGobJEoRpTWJe7GRz4pWz3VMQTCJWYhbHA6tu9L,Red,Pale,Brown,Dark glasses,Soul Patch,None,Mouth,Cigarette,Standard
3929,15,99,0,https://magiceden.io/item-details/6XEqogum18SCVm13wiNV3bZ57VuiBh7x57pVbhVCcjNV,Purple,Sahara,Brown,Big shades,None,Earring,Redneck,None,Standard
3938,7,1346,29.23,https://magiceden.io/item-details/46NdiwkZYYshn44QUtX6DBYWkKYVMVQtuUMj1D1odzzf,Blue,Soot,Brown,Big shades,None,Gold chain,Mouth,Pipe,Standard
3942,250.69,45,0,https://magiceden.io/item-details/DaeX6ehGGb9idbvmFetqvneLq6tDZ4ptSWuvLRfCWyNy,Purple,Sahara,Green,Unibrow,Leader Mustasche,None,Frown,Sheesha,Standard
3945,18,919,0,https://magiceden.io/item-details/F2z7YKNRm9DWfHchCXT8xLLf2scwfXnFvvzfjDfq3FwR,Blue,Light,Brown,Regular Shades,None,Gold chain,Redneck,Pipe,Standard
3949,100,2127,0,https://magiceden.io/item-details/DBvMS9KV52Wt3ESkAVnGovUEowsa6YRF15NbyjPoN4uH,Blue,Pale,Green,Dark glasses,Mustache,None,Redneck,Cigarette,Standard
3950,3.141,2602,57.77,https://magiceden.io/item-details/d54mH2JLjBVdtyF5RpbsbCK1KhNfsibSQaETn3au5Rk,Blue,Pale,Brown,Eye Patch,Goatee,None,Mouth,Vape,Standard
3956,5,1747,46.02,https://magiceden.io/item-details/Fq7JS4zYjFJMvwonnaPLBUV3fGhfhk2HbqYrYV8BbXFo,Red,Pale,Brown,Eye Mask,None,None,Mouth,Cigarette,Standard
3958,5,3143,34.85,https://magiceden.io/item-details/FXczAomdrjywd14aBgsy3hamQHaAEwJM68j5Nqtsfr4r,Blue,Sahara,Brown,Blue glasses,Luxurious Beard,None,Mouth,None,Standard
3966,4.59,2413,44.79,https://magiceden.io/item-details/E3S9drC2MNhiaHyMNBXb37NDWBUnVXxwpBPSefk4cKUX,Blue,Gunpowder,Green,Big shades,None,None,Frown,None,Standard
3975,100,2974,0,https://magiceden.io/item-details/GT1EDCM6RERGS6y71APMCs4KYX9vPP9R5JKLEtzzDTF9,Blue,Sahara,Brown,Nerdglasses,Stubble,Gold chain,Mouth,None,Standard
3983,10,2446,0,https://magiceden.io/item-details/HPoHxuFhbNvwUnLc5vX2E8bAguaNQWd2yP35ErDWvimy,Blue,Pale,Brown,Eye Patch,Stubble,None,Mouth,Gas mask,Standard
3998,30,1429,0,https://magiceden.io/item-details/6kak7hDBKfpLupxLWpNbvYGsD8ESC1KykzhGzvCS2G2Q,Blue,Sahara,Brown,Dark glasses,Front Beard,Gold chain,Mouth,Vape,Standard
4033,2800,3285,0,https://magiceden.io/item-details/ENdnZSq7aBLa3TzJ5jmvniwayq4PCNNEtk8JyD3xHnAq,Blue,Sahara,Green,None,Long Stubble,Gold chain,Mouth,Cigarette,Standard
4081,555,1452,0,https://magiceden.io/item-details/5KD7oWG6Y74QDhvYnwTZedGCmb4HkBUriV7XKZxL2ZB,Blue,Gunpowder,Green,Classic Shades,Leader Mustasche,None,Redneck,None,Standard
4093,1,4679,62.55,https://magiceden.io/item-details/5dYVqyvoH6AdHB92raTC9SovTS79wBW6iHtGrnAnTPWS,Blue,Sahara,Green,None,Normal Beard,None,Mouth,Pipe,Standard
4106,5,2820,37.43,https://magiceden.io/item-details/2Nns3HMKHiLYomQnEXzNsCEbKsomknEhtnw1YwRtnhkp,Red,Sahara,Green,Blue glasses,Soul Patch,None,Mouth,Cigarette,Standard
4116,5,4660,22.71,https://magiceden.io/item-details/yWtHhSdVEQ2Xf7xWWg4oQKYgsB19yvnTC2jFTsK8aoH,Blue,Sahara,Green,Eye Patch,Anchor,None,Mouth,None,Standard
4117,20,4435,0,https://magiceden.io/item-details/GXZzLvewZq6NuddDuGHorh5ciSJuaJbxvmABV7qJzYN3,Blue,Sahara,Brown,Regular Shades,Mustache,None,Mouth,Cigarette,Standard
4130,2.9,1743,67.05,https://magiceden.io/item-details/8KLF3Gv4ynpvf2XjuyE2fZy7ZLt6o5NTGTcETBTYTNmt,Blue,Sahara,Green,None,Old Dutch,None,Mouth,Sheesha,Standard
4138,15,1323,0,https://magiceden.io/item-details/9A7UGiFjDmqQEt7qPQE8DJeQqB9upomfahGV4meuRt9m,Blue,Pale,Green,Regular Shades,Chinstrap,Earring,Mouth,Cigarette,Standard
4140,50,3606,0,https://magiceden.io/item-details/3ptq4ahSEFtCkGdsUazL8Lnn5dEB4cexq7AYvgH12rpg,Blue,Sahara,Green,Regular Shades,None,None,Smile,Pipe,Standard
4161,1.7,4756,54.94,https://magiceden.io/item-details/EdpVr2m3nFbYYpc1sXJaf6928ZcWHxaB5zEBBxeaosq6,Blue,Sahara,Brown,None,Leader Mustasche,None,Mouth,None,Standard
4169,108,1217,0,https://magiceden.io/item-details/2y1HjSjsusKWtw32w7nR1UoMBry4uyhC5hsu3YEwaMbr,Purple,Light,Brown,Regular Shades,Old Arab Beard,None,Mouth,Cigarette,Standard
4172,5,4945,20.42,https://magiceden.io/item-details/7d6vT7eggSum25oGQ3FZZxpz4N1mdJiTmJ56X4tU8sB2,Blue,Light,Green,Regular Shades,Normal Beard,None,Mouth,None,Standard
4179,9,2800,0,https://magiceden.io/item-details/5YupDWSVpE6UTV5ECwkprL2gAgQmTY2qjK32YmALjKSc,Blue,Light,Green,Blue glasses,Long Stubble,Gold chain,Mouth,None,Standard
4200,5,1328,49.37,https://magiceden.io/item-details/FgXbN6CXf1iBVnKBBy2MrmJy3qFcdGpbRwykUKWDtQEc,Purple,Sahara,Green,None,Chinstrap,Gold chain,Mouth,None,Standard
4216,1000,4004,0,https://magiceden.io/item-details/GLp5Un8c3VRbQ5QUJDs7fS4ReuiepKvnXN6aFgjGdJBu,Purple,Pale,Green,Classic Shades,Mustache,None,Mouth,None,Standard
4228,10,4916,0,https://magiceden.io/item-details/Du2CXFpMdQ6r3V9MKf8KEjkoARjwRmFDwEaKtnHt51pE,Blue,Sahara,Green,Dark glasses,None,None,Mouth,Cigarette,Standard
4258,10000,2996,0,https://magiceden.io/item-details/FK8SMH8UP6JLL9YhkAhfEmy7wGR9nJdoXvTUQms32sYY,Purple,Sahara,Green,Regular Shades,Anchor,None,Mouth,Cigarette,Standard
4277,5.5,4225,21.19,https://magiceden.io/item-details/JEGSzfhWZwtNYXgTSJoeHE32uhjxvgqPqYDuZSEr2JGU,Blue,Soot,Green,None,Mustache,None,Mouth,Cigarette,Standard
4280,1.85,3046,67.12,https://magiceden.io/item-details/FZgfQrnSPwhLRdPzEGSytMRczGyvJXvd73vw9hadxemr,Blue,Gunpowder,Brown,Regular Shades,None,None,Mouth,Vape,Standard
4286,5.5,4129,21.95,https://magiceden.io/item-details/5yJ9afeTBg34fCQEyioq81CXEKPDnCCSfejkwVgNBrbw,Blue,Soot,Green,Regular Shades,Stubble,None,Mouth,Cigarette,Standard
4302,5,4864,21.07,https://magiceden.io/item-details/GjgWE1W1GJFicwi1h6YxsrwmDvVCBDHjNpxUSKHz3jcA,Blue,Sahara,Green,Regular Shades,Long Stubble,None,Mouth,None,Standard
4309,17.86,222,0,https://magiceden.io/item-details/G6M5zr96sT9QHwtpmwAjQNdbY9VhE3JAGBJeH5fNSh3w,Red,Gunpowder,Green,Regular Shades,Old Dutch,Earring,Mouth,None,Standard
4310,48,535,0,https://magiceden.io/item-details/ETGVyS8yqKEQNF1b8xCZ4Q6dipkwxWVDbAsauJgufWF2,Red,Pale,Brown,Blue glasses,Normal Beard,Gold chain,Smile,None,Standard
4314,5.5,1562,42.5,https://magiceden.io/item-details/ESveL6xvxAFJorXvzhsBfRdTAzkAy8GuwiF6icqCwv2E,Blue,Sahara,Brown,Dark glasses,None,Gold chain,Smile,Cigarette,Standard
4317,5,3281,33.74,https://magiceden.io/item-details/6YrmheBNgfcdWia7KX4vRX55jms116cb7xWtQC3wdmXu,Blue,Gunpowder,Brown,Dark glasses,Stubble,None,Mouth,None,Standard
4318,6,3778,19.76,https://magiceden.io/item-details/CRPnMwqQvAWaXFahUexvZP3Vb1S4zLHmK8QotvBb3DBR,Blue,Pale,Green,Blue glasses,Mustache,None,Mouth,Pipe,Standard
4321,10,4120,0,https://magiceden.io/item-details/3oNfSbTR6vSRgxGZYyaS6dVYfs48wdpSSB5opY91UwZy,Blue,Pale,Green,Classic Shades,Full Beard,None,Mouth,Cigarette,Standard
4325,1.5,3793,64.64,https://magiceden.io/item-details/F7QB8Udfg21wuVyxYCkWrXQr74tXoMoXy5vpeBq8j8zo,Blue,Pale,Brown,None,Goatee,None,Mouth,Pipe,Standard
4327,1.5,1645,81.83,https://magiceden.io/item-details/AQosBBvxGUGrE2ohYmumFyHEYXRBSJ9yWw7c3cnkqUrN,Blue,Light,Brown,Eye Patch,Chinstrap,None,Mouth,Covid Mask,Standard
4328,4,3096,45.22,https://magiceden.io/item-details/ERPaMFkjJ5VvWXt1z9XGzCwv9JuqbxLDdpGjV51Y8tjq,Blue,Sahara,Green,Blue glasses,Anchor,None,Mouth,Covid Mask,Standard
4330,9,4431,0,https://magiceden.io/item-details/5n6MfP7nRMo8u5Ftad1nkV5H3NTSBNv3dWps9HK22BkQ,Blue,Pale,Green,Classic Shades,Long Stubble,None,Mouth,Pipe,Standard
4342,1.5,4090,62.27,https://magiceden.io/item-details/Fwt2K5KEED1xzcUBRUjv2AwGukQRy4zSWMc6JfesBpGT,Blue,Pale,Green,None,Stubble,None,Smile,None,Standard
4370,12,594,0,https://magiceden.io/item-details/J2CassyqVgBtSeLgyxGhvYCy8g7MsR9XMbafWBC2YvYg,Purple,Sahara,Green,Nerdglasses,Front Beard,None,Mouth,Sheesha,Standard
4379,7.77,658,27.03,https://magiceden.io/item-details/B4RT2WhTd8J4eXsf7dtvXBxVdr7vK2zAJDot1gdmDP3R,Blue,Pale,Brown,Eye Patch,Big Beard,None,Mouth,Sheesha,Standard
4393,25,2484,0,https://magiceden.io/item-details/3jPHAhBRsoCVuHrDVjxJrVGqT7g6u1vLUphTUGxnsEjv,Blue,Light,Brown,Regular Shades,Leader Mustasche,Gold chain,Mouth,Cigarette,Standard
4401,55,33,0,https://magiceden.io/item-details/874WkwiBVZuwXV7vHVrJfxRnpi7BAt2dz8wN8bdHeyRg,Blue,Pale,Brown,Eye Mask,Goatee,Earring,Frown,Vape,Standard
4432,3,1608,67.13,https://magiceden.io/item-details/Gs2bEmbZpbcnFe6h4Z1LNDXiuLZeUvfYDod4wVVexrWK,Blue,Light,Green,Nerdglasses,Handlebars,None,Mouth,Sheesha,Standard
4439,2,3226,64.18,https://magiceden.io/item-details/7StM7iMSXbp6Nf5rbLeuDka4BBzbbei6Hv2oKQXeJydV,Blue,Soot,Brown,None,None,None,Mouth,Gas mask,Standard
4479,10,508,5.93,https://magiceden.io/item-details/FW431mMKjhrMFGFEyDUvqpHFBnmnRTfrvMSpda43RbJw,Red,Gunpowder,Brown,Blue glasses,Anchor,Gold chain,Mouth,None,Standard
4481,3.99,1420,58.74,https://magiceden.io/item-details/5mqjRFXYumkL6XB9AYTFSAbuh6F8x7X6qx7EVwubmraq,Purple,Light,Brown,Dark glasses,Mustache,None,Frown,None,Standard
4495,10,578,5.37,https://magiceden.io/item-details/DzPr5Ftf8HxmKiuHvATRFxZXMf1DRzYe7MgwzVsyzef7,Blue,Pale,Brown,Blue glasses,Soul Patch,None,Frown,Sheesha,Standard
4538,4,250,68,https://magiceden.io/item-details/3gCuT5YoUBkeCsRaeZnu7xPmcPDhy3yRjVi4TQ32rUMU,Red,Gunpowder,Green,None,Full Beard,Gold chain,Mouth,Vape,Standard
4546,2,2383,70.93,https://magiceden.io/item-details/CrXEJeiGCdfSLyv6dpgxzukRuseGj8GioRXYBXmTAqET,Blue,Gunpowder,Brown,Regular Shades,Full Beard,None,Mouth,None,Standard
4556,6,670,44.64,https://magiceden.io/item-details/2knuG8Mit1HymZWpSVh7ti12ExEkYkq9jkQfZknM4mkx,Red,Sahara,Green,Big shades,Old Arab Beard,None,Smile,None,Standard
4561,1.5,3120,70.03,https://magiceden.io/item-details/B2Vrshfmajs69qtj9rBKgN4yCYsb6Ky2PxW78Kvq7rrf,Red,Soot,Green,None,Handlebars,None,Mouth,None,Standard
4581,20,1382,0,https://magiceden.io/item-details/38DgYr6YuF8uAAjBN3KD5Zcvg2X65ruEDqzZiDbFof6H,Red,Light,Brown,Classic Shades,Mustache,Gold chain,Mouth,Pipe,Standard
4596,4.5,176,63.59,https://magiceden.io/item-details/n2nQVvHBHMSKVe7EotX4mZLyTPUDUws3AK21Xpugg3b,Blue,Gunpowder,Green,Big shades,Luxurious Beard,Gold chain,Mouth,Covid Mask,Standard
4603,500,523,0,https://magiceden.io/item-details/rkzb4mND8PyXcKdF3bvwTK8jFTBfmgWSLp5reiSau4B,Red,Pale,Green,Big shades,Handlebars,Gold chain,Mouth,Vape,Standard
4637,4,2318,51.45,https://magiceden.io/item-details/7LmsHWk4iGjDCAhHhsyCPnR3RyYJ35mC3W5mD6dc65Ht,Blue,Pale,Green,Dark glasses,Stubble,None,Frown,Covid Mask,Standard
4649,2.2,1375,77,https://magiceden.io/item-details/GzLpgVWgUxVnboZXdiK26gEcQ93CJv2D8yzBNDhs8x87,Blue,Pale,Brown,Unibrow,Leader Mustasche,None,Mouth,Vape,Standard
4658,80,3054,0,https://magiceden.io/item-details/9RkkHgXDq8J1ta3yQcmMkUdkkT14Tef1MUmBJ6AdEJg7,Blue,Pale,Green,None,Leader Mustasche,None,Frown,Pipe,Standard
4660,100,3337,0,https://magiceden.io/item-details/2kN8f1c2WiZkQpP9UnNmPYhGeaA9GrM6ZECWNbnd6zMc,Red,Sahara,Green,None,Old Arab Beard,None,Mouth,None,Standard
4669,2,1146,80.83,https://magiceden.io/item-details/AknGDteqmFB2es5NBdnY1cGaJw9XAj6gChu9UTEhff7Q,Red,Light,Green,Dark glasses,Chinstrap,None,Frown,Cigarette,Standard
4674,5.5,552,50.58,https://magiceden.io/item-details/GM2VVp4NvMUstiaJvtDka1dcs1F6afLeF61GwBSfyH38,Blue,Sahara,Brown,Blue glasses,Soul Patch,Gold chain,Redneck,None,Standard
4677,4,2500,49.99,https://magiceden.io/item-details/CAkqCrFnaG7WNCa8QZa4QzmC4swkpdnC2tPCNh6yW3zR,Blue,Light,Green,Classic Shades,Goatee,Earring,Mouth,None,Standard
4705,6.9,600,36.2,https://magiceden.io/item-details/HVYAvgcEAxpPuVoJoeC7GDqXz3476r3NxpzW1hQaV87H,Blue,Pale,Green,Blue glasses,Handlebars,Earring,Frown,None,Standard
4715,80,2380,0,https://magiceden.io/item-details/9TgHQVo86rdRsCzSht8XzCDV84B2tPxLn7GhJKM7uD24,Blue,Pale,Green,Big shades,Soul Patch,None,Mouth,Gas mask,Standard
4743,9999,3010,0,https://magiceden.io/item-details/Htx7Aw82CaYFQjkwwAKrC4uG5LS6FVFb97eNu5RMUZbn,Blue,Gunpowder,Green,None,Luxurious Beard,None,Mouth,None,Standard
4760,6.9,4548,4.6,https://magiceden.io/item-details/2SuVyHjdNF9DtRAbXLkozKRXcEftZs71Ywop7TSXiX3A,Blue,Sahara,Green,Regular Shades,Chinstrap,None,Mouth,None,Standard
4766,3,224,78.21,https://magiceden.io/item-details/FHEfqyNPGn6tgiqsGLhkf7HTbqS8ojc5S5GSuSbF5JSL,Red,Pale,Green,Classic Shades,Luxurious Beard,Gold chain,Frown,Covid Mask,Standard
4772,10,231,8.15,https://magiceden.io/item-details/5eFkW5m4Vgu43oEhvuzFgfgCC7b8ut9RXgSzyxgiiGEC,Blue,Light,Green,Blue glasses,Handlebars,Earring,Smile,Cigarette,Standard
4788,2.6,559,79.53,https://magiceden.io/item-details/7aw8d3pmijNKUFAUGwi6q3X38cMUCYA6NiRQZVYBwL7M,Red,Soot,Brown,Nerdglasses,Old Arab Beard,None,Mouth,Pipe,Standard
4803,2,2051,73.59,https://magiceden.io/item-details/CsrWL4eRRB4G2EP61TVrqZdKUgLk2JoMwfxc1R7u2MBn,Purple,Sahara,Green,Classic Shades,Luxurious Beard,None,Mouth,Cigarette,Standard
4839,5,156,58.75,https://magiceden.io/item-details/BcP3spVznvFr3ovwAZK24xSj7vDYkey9Wy3wVbhQab7J,Purple,Soot,Green,Unibrow,None,Gold chain,Frown,None,Standard
4844,5,564,55.49,https://magiceden.io/item-details/HBqU45bJZfdRZvCBMstnhAAk55JA9xdgGmLd2865tnSR,Purple,Soot,Brown,Classic Shades,Old Arab Beard,None,Mouth,Pipe,Standard
4874,6,2250,31.99,https://magiceden.io/item-details/As75zR5jMtrCYvJZ5hhXXuDicJma8nB54Txsf9KYUo93,Blue,Pale,Brown,None,Chinstrap,None,Mouth,Gas mask,Standard
4899,5,1124,51,https://magiceden.io/item-details/632iXFcX9QNtYD5k3oPErais39fcAk92WmoHkr9RNAVm,Blue,Light,Brown,Regular Shades,Old Dutch,Earring,Mouth,None,Standard
4900,2.3,3935,55.51,https://magiceden.io/item-details/BEQUGw6bGRL8kXxYbRNsmXE9mqxmLg3sxDdmgkBzLrXg,Blue,Light,Green,Dark glasses,Leader Mustasche,None,Mouth,Pipe,Standard
4908,8.88,4776,0,https://magiceden.io/item-details/ENPDn2EiSTrNRLiBoWXJd36oNabhChCjRVAmxhbLZEsW,Blue,Sahara,Green,Nerdglasses,Stubble,None,Mouth,None,Standard
4911,4.69,4318,28.54,https://magiceden.io/item-details/2nW6suVHjYMeEVFLxq8NBkZVatk9mvzX5s84iRasXFwB,Blue,Light,Brown,None,Leader Mustasche,None,Mouth,Cigarette,Standard
4920,1.25,4603,60.66,https://magiceden.io/item-details/4btEcFYUcU2DuRwEpsYq7Heq9P5aMf5fEPMdapS7R8V1,Red,Pale,Green,Eye Patch,None,None,Mouth,None,Standard
4951,10,4459,0,https://magiceden.io/item-details/4ehnsf6SdHpC1AzL5JHhzBizhpNFrXTQS9stxD3rcZ4p,Blue,Pale,Brown,Regular Shades,Mustache,None,Mouth,Cigarette,Standard
4960,10,4647,0,https://magiceden.io/item-details/HfL4Kxr1f51uZmEhVycnBVEVZHULF5ZG2e7w1dXJyZWK,Blue,Light,Green,Classic Shades,Long Stubble,None,Mouth,Cigarette,Standard
4973,8,472,26.22,https://magiceden.io/item-details/BC1FYqL4rhiyv7kz59n8pLSsafo1WzQPWnoata7oAnnY,Blue,Gunpowder,Green,Nerdglasses,None,Earring,Smile,None,Standard
4987,6.9,1145,31.84,https://magiceden.io/item-details/BtrMBxZbYuzrRvcK4Lc8HTnqgXUQJNjELxWj24jkU6np,Red,Soot,Green,Regular Shades,Normal Beard,Gold chain,Mouth,Pipe,Standard
