id,price,moonRank,ðŸ’Ž score (%),storeURL,Background,Clothes,Earrings,Eyes,Fur,Hat,Mouth
18,26,1128,0,https://magiceden.io/item-details/6qHA6d1PPBddv2wHgKVdmGjKCpVjkkdb9irdxodGmFA4,Yellow,Bandolier,Gold Hoop,Neon Party,Black,Seaman Hat,Grin
23,35.53,4568,0,https://magiceden.io/item-details/nYq6fD7CvNnivWrhFNeh4aSUJwVkY8A5Xaupj2PvBFh,Mustard,None,None,Crazy,Golden Brown,Bandana,Bored
41,50,598,0,https://magiceden.io/item-details/Cs9cfttrGpmzUAhbMuHxfZGSAweno61xdhr8RwycqLau,Aquamarine,Caveman Pelt,Silver Stud,Scumbag,Dark Brown,Bunny Ears,Cigarette
45,35,299,0,https://magiceden.io/item-details/FF1RXBg5FXrb26HWir4QpjTvMWWAtzbfQmLe2sXrg3uk,Yellow,c22,None,Scumbag,Prism,Army Hat,Smile
72,20,2353,0,https://magiceden.io/item-details/HyuHfGokgpgfssQcyTYDRDPQVCxzc4etut4soxiK2vHf,Purple,Logo Black T,None,Eyepatch,Black,Seaman Hat,Ohhh
74,29.95,829,0,https://magiceden.io/item-details/2QM7MQsm8ZEgBFAHTD2sQ4ZAAiXcMqgpBHVt6EAFXuvB,Aquamarine,Space Suit,Silver Hoop,x_x,DMT,Camo Helmet,Bored
82,19.99,2365,0,https://magiceden.io/item-details/BLtA5uf5eudqHQ9KLAmym6YCZbD2Npi5hoy4pc84vApn,Mustard,Toga,None,Closed,Black,Spinner Hat,Smug
91,21.5,2328,0,https://magiceden.io/item-details/4xTrVvCxnU5mRCr8RMuofQE6LVj2PbwsmCPHKcCBdLXV,Dark Blue,Bones Necklace,None,Bored,Dark Brown,Black Hat,Cookie
93,18.88,1057,15.53,https://magiceden.io/item-details/W1YdcHKNsSfY42SrUB43r65vGvHhyRNJzujfj63cs5u,Dark Blue,Pimp Coat,Gold Hoop,Sad,Dark Brown,Prussian Helmet,Bored
107,12.5,3130,62.72,https://magiceden.io/item-details/FUMSu4bsLBLvWVVPS8VzCAgRvy3hKDREZw9ySQ7fbiGZ,Mustard,None,Gold Hoop,Bored,Black,Pengu,Grin
121,39.99,964,0,https://magiceden.io/item-details/8NdCsezjMfhY1TqjDopttT14vMe8Bp4A6UWjAHwGmxR2,Dark Blue,Black Suit,Gold Hoop,Heart Glasses,Black,None,Jovial
126,49.99,2285,0,https://magiceden.io/item-details/39KzB87CNfr33RtLzZmBydmv1xtxpRq7UYLt89rSZyEu,Orange,Tuxedo T,None,Steampunk,Black,Laurel Wreath,Bored
136,111,3993,0,https://magiceden.io/item-details/8PQYLtjFBoNoYyz2bRB995JxsACNVVUjhVsh6b9arEoX,Purple,Hip Hop,None,Bloodshot,Noise,None,Bored
137,20,4765,0,https://magiceden.io/item-details/Gp3KDBZHiM4nYnS2XfYq7NSPYwMskwviTXidFWVyCQXK,Mustard,c22,None,Bored,Black,Fez,Bored
139,60,2657,0,https://magiceden.io/item-details/2WHRW84fRPzRB3jzxAdEoNQKERnLu6GWGGFiBrrCaTrW,Yellow,Smoking Jacket,Silver Hoop,Sleepy,Dark Brown,None,Pacifier
159,26,4650,0,https://magiceden.io/item-details/26be4Fqp3mUdC1xjwJnUAZa1u4oVaxCxqAaqxgTskBox,Orange,None,None,Crazy,Blue,Halo,Bored
168,15,3118,37.82,https://magiceden.io/item-details/2Yk67sER6VdpPt8pH2bR5Mo4Qg6fCzM1TREfcNeVZrSY,Gray,Sailor Shirt,None,Bored,White,Camo Helmet,Pout
192,21,467,0,https://magiceden.io/item-details/Ba8jcy6pUcUpiivBKFJhjf1iCFVAHuMRgLM85YAsLYqK,Mustard,Hawaiian,Gold Hoop,Bored,Golden Brown,Baby's Bonnet,Rainbow Grill
197,23.45,4654,0,https://magiceden.io/item-details/BLbbemiuSjSuwEpfZ2LsSvR5mkKB99JTaRFCHJAadGKu,Dark Blue,Biker Vest,None,Closed,Cheetah,None,Bored
200,33,2825,0,https://magiceden.io/item-details/FPcGrAb4bgcmHBRazkX6GwEXJmuyv75jREmte7zFSZ53,Orange,Puffy Vest,None,Bored,Pink,Panda,Pout
201,24,1855,0,https://magiceden.io/item-details/CrGWz178DRfF8NKhGrhiqadsw5VuVYhaTmvga71TLAzs,Orange,Caveman Pelt,Silver Stud,Neon Party,Tan,Bowler,Bored
210,14.321,1582,56.92,https://magiceden.io/item-details/AedybrkbEb3zaiS3boFc6jeakFhw7PDRfbq4keQEJSHj,Gray,Black T,None,Angry,Golden Brown,Short Mohawk,Pipe
211,11.99,3754,62.83,https://magiceden.io/item-details/8ZY3utKWT86r4rmEb7MJYyzvbufZJ7aBfPBWFKWNV7w6,Orange,Hawaiian,None,Crazy,Gray,Ushanka,Bored
218,22,520,0,https://magiceden.io/item-details/BRVUY8dJvuKF5doaJoE2dfys2B1QDaBx8Ty6phqDq3Rp,Mustard,Army Jacket,None,Blindfold,Cream,Blue Party Hat,Tongue Out
222,42,369,0,https://magiceden.io/item-details/DXR4xrfZdFpSx57J3VjGDJeeBGbU18cA4z44aYPDWLDo,Purple,White Bib,Gold Stud,Bored,Red,Laurel Wreath,Pacifier
228,22.69,1858,0,https://magiceden.io/item-details/4StFnMqoP51sb3GC43mLzJ9tVyGqbvzC33Dr5jS5E7Xj,Purple,Bandolier,Gold Hoop,Sad,Black,Bunny Ears,Bored
233,65,466,0,https://magiceden.io/item-details/hCtGKj81cWQ3oEcsRq5SpWAbgSk1ssxcGm2kEQ2KRTi,Baby Blue,Space Suit,Cross,Roll,Robot,Seaman Hat,Bored
234,20,3338,0,https://magiceden.io/item-details/9rAS3XfN8J1y8PHd8uL9ksjGKSYX98wp6ud9JXURpK6q,Dark Blue,Black T Holes,None,Bored,Zombie,Beanie,Cigarette
236,15,2908,39.5,https://magiceden.io/item-details/3Dvbh4anT2MnLiz3HK2983wU98UTkurbHMjaSzncnWUm,Mustard,Cowboy Shirt,None,Eyepatch,Cream,Camo Helmet,Bored
237,25,2159,0,https://magiceden.io/item-details/CLbAYcPoCtAAmEG7pDzbPrZJMwReR8WVDLgyNTsfpTnR,Purple,None,None,Neon Party,Tan,Sushi Chef Headband,Party Horn
238,17.4,2970,15.01,https://magiceden.io/item-details/BNYjKG9m46pcAbtgxWQydN9yp8bJxztJ4eyTZh37hPTJ,Mustard,Tie Dye,None,Eyepatch,Cream,None,Pacifier
244,100,230,0,https://magiceden.io/item-details/F4MBh8Jv7aUtk1MJz8irToji8hk5tsfUzfFNFC7pTgAp,Gray,Army Jacket,Silver Stud,Wide Eyed,Brown,None,Pacifier
248,25,3138,0,https://magiceden.io/item-details/7chJ8puwYp5hzfmH6VeAXq28zJ6TLdMXdUr7Yg7HKVNq,Aquamarine,Tuxedo T,None,Bored,Cheetah,Bowler,Smug
255,80,1676,0,https://magiceden.io/item-details/7CF7RAA84gNNmyM59BDCQWiGCQ7wCVzkZjHQ2QkZfmJL,Purple,Tuxedo T,None,Blue Beams,Zombie,Irish Boho,Bored
256,24,1654,0,https://magiceden.io/item-details/77xaWijBqAjnftuU2us47yVzeaBqP4J2euTMpUMV31hQ,Yellow,Flannel Shirt,None,3D,Death Bot,Sea Captain Hat,Pout
262,13.37,3491,51.13,https://magiceden.io/item-details/EaBPb4WM5vpDkpS9ZgnL7ayHFw6rRWwbadc6wkjxyVZG,Yellow,Sailor Shirt,None,Scumbag,Dark Brown,Sushi Chef Headband,Bored
276,99.99,1089,0,https://magiceden.io/item-details/GoMRtzeWUG9NyNTH4C3FWqqqrUxJfuF3RmQcFC9CmwYm,Baby Blue,Tuxedo T,None,Zombie,Cream,King's Crown,Pout
286,18,2178,15.35,https://magiceden.io/item-details/3o726kaYonfQ3ZFujFn2jqSfbmUwaqmdN7VqkRQZjLPn,Orange,Tuxedo T,None,Closed,Tan,Bunny Ears,Pout
307,12,4018,60.61,https://magiceden.io/item-details/wSX7AzAQ45cZfVfuMiZZ3NEq3TUcHTb9E3nowU9Evcp,Gray,Striped T,None,Sleepy,Golden Brown,None,Rage
310,17.5,2550,17.37,https://magiceden.io/item-details/9D3WvBdosWvwam9gheh33QFbCcx77x3H2Fv7nB71tqcL,Orange,Sailor Shirt,None,Angry,Tan,Seaman Hat,Dumbfounded
331,55,4151,0,https://magiceden.io/item-details/3SHXVHLP1cZwsGJbn8gJx96sY1p7xQYS39P37aMBM11N,Purple,Striped T,None,Robot,Cream,Fez,Bored
335,20.22,4633,0,https://magiceden.io/item-details/HgqQz3ZwAvif6sKP97bGFY9NA46JP3LxQehX4EWiP3gm,Baby Blue,Wool Turtleneck,None,Bored,Golden Brown,Cowboy Hat,Bored
336,22,1497,0,https://magiceden.io/item-details/FQeEXqMU6o3jyEABsHEAofE3FTmMpYuQq29krFEcxYkx,Aquamarine,Tank Top,Gold Hoop,Angry,White,Army Hat,Bored
337,77.7,735,0,https://magiceden.io/item-details/4F49P5PfZHZZGYSv9WRDk4WC7PacHupTxNrgsCcTbpYD,Aquamarine,c22,None,<3<3,Tan,Army Hat,Grin Gold Grill
338,555,2,0,https://magiceden.io/item-details/BtThuBNd3jx4zZkuexzZ4tso4DojVGYXa3M1GwfjAopU,Monkey King,Monkey King,Monkey King,Monkey King,Monkey King,Monkey King,Monkey King
347,21,1152,0,https://magiceden.io/item-details/7HNr3xoAxjyhDVeRd4QJjsEURqtpq6WuefTh2wF1es1m,Baby Blue,Wool Turtleneck,None,Sad,Golden Brown,Camo Helmet,Kazoo
362,40,1616,0,https://magiceden.io/item-details/Azx9YaDzctVASJ7X17N8RuyR8bYGcFUB5X2vErQSFXVC,Baby Blue,Blue Bib,None,Bored,White,Sea Captain Hat,Blue Grill
376,12.5,2642,66.63,https://magiceden.io/item-details/FJK2cW891WqaFGskzFjWVduPskbSSie3wDJpsvhAXJhL,Baby Blue,Work Vest,Silver Hoop,Closed,Black,None,Smug
379,99,3347,0,https://magiceden.io/item-details/A6mHCLMEXdug7wBo1FJK7yJtwpNFPYeCe1PmVdf2aDFq,Mustard,Space Suit,None,3D,Gray,Short Mohawk,Bored
383,500,1077,0,https://magiceden.io/item-details/43LqLGJh1v1wP6b31g3JTqa67fcq7TnKrYsF837Zfwmn,Purple,Bones Necklace,Silver Hoop,Closed,Tan,Short Mohawk,Pout
386,200,873,0,https://magiceden.io/item-details/BFkyJ9xmdKJQMLCjCdpQEp6ZnPdKtejgaKySJW5ca4Gf,Purple,Caveman Pelt,None,Cyborg,Cream,Seal,Smug
403,13.7,2596,55,https://magiceden.io/item-details/ACCxEJVVPzCSJGVyrozKp6NoywNRiXJoFzj72jJtuM9C,Baby Blue,Striped T,None,Bloodshot,Tan,Panda,Pout
406,50,4872,0,https://magiceden.io/item-details/HhEZyjFdcSjDtd1XSLY56dx4n3x1ghWHSwWL44Gispna,Mustard,Bone Tee,None,3D,Dark Brown,None,Bored
408,65,3094,0,https://magiceden.io/item-details/55Fet6KTBUwjYSjbf4nspkfABXHdcc3rS2T59eC2HsSb,Orange,None,None,Zombie,Blue,Cat,Grin
451,16.5,2501,27.76,https://magiceden.io/item-details/HJZjAsY2uavteDEHWGNkUtz3AvjLpGC2Mzg9uQC954qQ,Mustard,Tank Top,None,Bored,Cheetah,Army Hat,Ohhh
455,39.69,4981,0,https://magiceden.io/item-details/Gxbhp7CoBkQkx6VPZQ4hUi1TF9BQgvSS5otTa5fANm4n,Mustard,None,None,x_x,Dark Brown,None,Bored
468,46.75,1096,0,https://magiceden.io/item-details/JBUcCP6nfQ6ST2dCg7bQk4ABkkDSMF7BmdVLn2rQxRX8,Mustard,Tank Top,None,Laser Eyes,Red,None,Candy Cane
502,24,1372,0,https://magiceden.io/item-details/7TH2kXW4Zwj6b1nbFTynLNkJJtzh4L1jKaasyBVCk1FN,Gray,Pink Dress,None,Bored,Tan,Halo,Candy Cane
518,12.4999,3337,61.07,https://magiceden.io/item-details/A3m8PGMqVTfgLsnZCVWmvSVi3YunGfeRvXS33mTQ2dL7,Yellow,Cowboy Shirt,None,Sad,Golden Brown,Bunny Ears,Bored
525,24,835,0,https://magiceden.io/item-details/3fpR4M1tEE1Z9DAVD3dyBLPJXozVfUrFSJJ3oybG9nQf,Mustard,Wool Turtleneck,Gold Stud,Bored,Red,Bandana,Smug
531,150,4779,0,https://magiceden.io/item-details/Ge42oKrPLkVeBhaZrrs2n4FX7STLSGVxiGNDNb61m3G,Gray,None,None,Bored,Black,Cowboy Hat,Smug
535,12,2576,72.16,https://magiceden.io/item-details/9zwdCFzmQABP4kUE1s8kpSektaJxzzpjydpXWVEaiiC4,Yellow,Sailor Shirt,None,Angry,Tan,Army Hat,Cigarette
544,13.6,3215,51.04,https://magiceden.io/item-details/DYzgV28YotnCmEP24oNKEHpBZxnjaw8ZaTuEqT5U1whN,Yellow,Black T,None,Neon Party,Dark Brown,Devil Horns,Grin
565,56.5,3366,0,https://magiceden.io/item-details/AdycRH7mwvrLjXMFRNCmubfCVi3LP6zt1Q41CTg7FqLy,Baby Blue,Hawaiian,None,<3<3,Black,None,Jovial
576,63.03,2441,0,https://magiceden.io/item-details/8kD2ua2M7H7UHJk4C8bqRceuyfmNn39vKf9er2z5YW8J,Dark Blue,Logo Black T,Silver Hoop,Bored,Golden Brown,None,Bubble Gum
582,188,4488,0,https://magiceden.io/item-details/Fvc493UAWuMgRunFkuMWUHwRcWNMgfj8CZUDZvPraggP,Dark Blue,Smoking Jacket,None,Bored,Black,Panda,Bored
606,23,2331,0,https://magiceden.io/item-details/Cma7SAf6YkD6M6KqPYcw3cz6dyEzbuoTw13mBbpktCDS,Purple,Prom Dress,None,Bored,Cream,Stuntman Helmet,Grin
611,24,1481,0,https://magiceden.io/item-details/2vQuswBJdM1hjWbkTHbqFUctMo7jRjWESKjXuN95GaZE,Baby Blue,c22,None,<3<3,Pink,Sea Captain Hat,Pout
615,14.5,3287,41.47,https://magiceden.io/item-details/wRrJTYu93255TqMety5CyMGWbosMhqxC6GXhAxetgzk,Aquamarine,Wool Turtleneck,None,Awww,Blue,None,Jovial
618,590,1607,0,https://magiceden.io/item-details/FNPwkP6f7vppGXyfqgj1MLMLkaYvDd5QznvD3oXz7agg,Yellow,Wool Turtleneck,None,Heart Glasses,Cream,Short Mohawk,Smile
622,115,395,0,https://magiceden.io/item-details/EcB7o4n3nkvyxpBPBRfxuGKhap898ect9sZNDCCUWYPt,Dark Blue,Bones Necklace,None,Sad,Zombie,Blue Party Hat,Candy Cane
629,26,862,0,https://magiceden.io/item-details/BNok9LcYhctDeNqM51zE7i6JNYJ6gf2ubcLqmPxV8aUr,Yellow,Army Jacket,None,Bored,Prism,Prussian Helmet,Small Grin
630,25,1046,0,https://magiceden.io/item-details/AM2tCbgeibL4xihmuScE2gs9uqiAV2VZbuLAyPCfgpYZ,Aquamarine,Sailor Shirt,Silver Stud,Sunglasses,Tan,Seaman Hat,Dumbfounded
653,25,222,0,https://magiceden.io/item-details/G2vZ2yL4xEGnbSbD8P99LjLQbdBkjgjEXPvozzTbnexb,Gray,Biker Vest,Gold Stud,Robot,Gray,Girl's Hair Pink,Dumbfounded
659,45,154,0,https://magiceden.io/item-details/B3zbTpePvmWmNnacUAqhM9hqCEBUUrCvTbCgth5PLHJd,Gray,Logo Black T,Gold Hoop,Angry,DMT,Girl's Hair Pink,Pacifier
665,15,1476,50.98,https://magiceden.io/item-details/DhCRAQ4kG4n9cJ6fwhnw8i5gUVq9Ed7LT3jVZFSkwVsS,Baby Blue,None,Silver Stud,Heart Glasses,Tan,Girl's Hair Short,Pacifier
680,70,3892,0,https://magiceden.io/item-details/3N2MPGBUupDDTMLvNJMjH6VJRVngZ7DrqsRiCeVa3A1N,Aquamarine,None,None,Blue Beams,Dark Brown,Bunny Ears,Bored
682,28,794,0,https://magiceden.io/item-details/GLoc1wYA6ZQb5xLk9CJC9iH2ShnDhCQ3L76sfP3KvGaw,Yellow,Bones Necklace,Silver Stud,Crazy,Dark Brown,Camo Helmet,Jovial
690,18.8,764,18.68,https://magiceden.io/item-details/EUj3eVwnHXwZK7dgpA1AVXXWqigUnQhskgkD56yrWfXF,Mustard,Prom Dress,Gold Hoop,Sad,Robot,Devil Horns,Bored
709,45.69,1285,0,https://magiceden.io/item-details/CV3rDdRgJEt6NYzN68gsKp1BzodHFdPEXJuqJ71hNfSE,Baby Blue,Bone Tee,Gold Stud,Bored,Noise,Seal,Bored
712,24,1406,0,https://magiceden.io/item-details/21YSKVsp1mquUx2ZTyipbkNS2wUMSxdZ98UGy622sk2C,Orange,Hawaiian,None,Roll,Dark Brown,Blue Party Hat,Kek
715,14.99,2696,41.3,https://magiceden.io/item-details/HiYzMcmRLCE1saWqE3qX1J55XTNMhi6XuvPptA7GrqwW,Orange,None,None,x_x,Pink,Short Mohawk,Smile
718,40,1749,0,https://magiceden.io/item-details/52hKdxurQH4UmwsjMaM2y6uhgpGitsPEUapjDxu2WMag,Yellow,Sailor Shirt,None,Zombie,Noise,Beanie,Cigarette
721,40,1050,0,https://magiceden.io/item-details/BBhsi9GZ2EEp154XVGokFA1fxYRbwXs2e2T1MAe1XFdg,Dark Blue,Army Jacket,None,Closed,Gray,Sea Captain Hat,Wah
724,40,3741,0,https://magiceden.io/item-details/8MQxXQV4bfEmvQ5NYt6viDPHjmFFG3VxYGF8ppRJ8WR5,Purple,Black Suit,None,<3<3,Cream,None,Bored
738,19,2455,3.13,https://magiceden.io/item-details/68X2gvT7XfHryv91269iYk96HPJcgm31b398mqriCzMo,Yellow,Work Vest,Diamond Stud,Closed,Cheetah,None,Bored
743,27,1866,0,https://magiceden.io/item-details/FkM4w7MgaGtRRH5baymgHQDDuwenhwcvvfntbfWfAmdE,Gray,Pimp Coat,None,Bored,Cheetah,Stuntman Helmet,Smug
745,14.5,3378,40.74,https://magiceden.io/item-details/B5Umn4WTt8NLmYG9ouA5B1GAVJZi4GtVNkeHEMTGHysV,Orange,None,Gold Hoop,Neon Party,Black,Police Motorcycle Helmet,Bored
751,200,1759,0,https://magiceden.io/item-details/FSaY9VkaEnWbW28K7uYpfq42Py35hHWBBCoaXa7Y1o64,Mustard,Black T,None,Bored,White,Devil Horns,Rainbow Grill
752,69.24,105,0,https://magiceden.io/item-details/FWipNKRMe17wCq2MYspgvYUjkyvuLcummsJU2LSo4ZqZ,Dark Blue,Leather Punk Jacket,Silver Stud,Bored,Zombie,Laurel Wreath,Pipe
763,92,2272,0,https://magiceden.io/item-details/8X4jPP3DqSADrnnEGQhED5eRTrewEj7op7x7rnukKyDV,Dark Blue,Puffy Vest,Gold Hoop,Bored,Red,Pengu,Bored
764,55,3913,0,https://magiceden.io/item-details/5kLqvEKqqztheR6UiuLXmaPiSEEPVw8fwSqCwtDwo44e,Orange,Hawaiian,None,Bored,Dark Brown,Short Mohawk,Pacifier
765,16.5,1398,36.6,https://magiceden.io/item-details/BJmUL97L4BoeJqXs8REjs2iNFiiPhGK5kLaibJ3JqZDS,Yellow,Sleevesless T,Silver Stud,Hypnotized,Cream,Safari,Bored
767,27,1518,0,https://magiceden.io/item-details/EKJ4Woz95WpmjYeyfVGsHgPWLMMdN2MZtoS3PXdvwJxV,Dark Blue,Toga,None,Neon Party,Blue,Pengu,Pacifier
779,28,1450,0,https://magiceden.io/item-details/CkbhHfnD6gYT4vcwG2zoEC6usbzB6d1UdY6EDcRg7Yv8,Aquamarine,Fast Food Uniform,None,Closed,Pink,Spinner Hat,Smug
795,11.98,4105,60.11,https://magiceden.io/item-details/GqVW8PGZyXoS195Ko8vnjSugpKUhiBJ9Xfduxg1c6WZ,Baby Blue,Cowboy Shirt,None,Bored,Cream,Irish Boho,Bored
808,17,4059,10.28,https://magiceden.io/item-details/3QVsNjFxq66EBtgPD58jBkrJXkuq54Wnu6LewKpJ5HqN,Mustard,None,None,Blindfold,Black,Beanie,Pacifier
835,20,1947,0,https://magiceden.io/item-details/mNuZTT5KuU42SyD77PgxypJZadZdNb6oyZdAS2YmZFp,Purple,Tuxedo T,None,Awww,Gray,Stuntman Helmet,Cigarette
840,22,4420,0,https://magiceden.io/item-details/5f78H5C1wS5NvhR24Ta8fQW37Btp2u1EmxMactj8mq2E,Orange,Logo Black T,None,Bored,Cheetah,Devil Horns,Bored
843,28,931,0,https://magiceden.io/item-details/2Wun47Te5V9gwwXoGtSNWz3pjSa4wdoDHEzFM5Qmqk8N,Yellow,White Bib,None,Awww,Tan,Trippy Captain,Rage
854,18.2,2170,13.42,https://magiceden.io/item-details/3o7r7nEDV5VQJyAXwuavtazwkyPVTfp5P7hdLrFdDCij,Baby Blue,Prom Dress,None,Bored,Blue,Panda,Smug
857,25,1758,0,https://magiceden.io/item-details/kShJggFzmDHmNthy4Yi9B4m7fb8RcEtXKfpfFjJmMDz,Yellow,Sailor Shirt,None,Sunglasses,Cheetah,Safari,Smug
866,69,1883,0,https://magiceden.io/item-details/HmYsGRoEreheioJvSk9E4o2CVi2qhzKEbwxwM3iThLTF,Orange,Pimp Coat,None,Neon Party,Cream,Laurel Wreath,Bored
882,26.666666,1195,0,https://magiceden.io/item-details/PquTipxSsG8i9ugm2GfuvJN98JwdLgTYrarRRRRDiQ1,Aquamarine,Space Suit,None,Wide Eyed,Black,Halo,Candy Cane
905,50,1233,0,https://magiceden.io/item-details/EBgoNXKMVYyDJxkR67oAJkCvobLx34g3x7B6Y2tCBwWH,Dark Blue,Puffy Vest,None,Scumbag,Pink,Black Hat,Dumbfounded
913,40,880,0,https://magiceden.io/item-details/9GJinbaVySexF1tG6gm3w2cN6mja91jm835i8dSDSfYL,Orange,Blue Bib,Gold Hoop,Awww,Gray,Beanie,Cigarette
914,23.5,1412,0,https://magiceden.io/item-details/HJYLAvughtuBuXn4dn8ssos54AodoLNEmcWedvLQfad1,Aquamarine,Cowboy Shirt,Silver Hoop,Bored,Black,None,Lip Bite
922,69,3443,0,https://magiceden.io/item-details/8Niha5AzhrwiJrAYQmAxBwj9iZVF4yKWPQ53WdRDJiUt,Gray,Guayabera,None,Eyepatch,Cosmic,None,Bored
942,17.5,4655,0.51,https://magiceden.io/item-details/H3Syehnk74oask9hgPSfHcMcA4gv3oPhoAfr2ZEiinWR,Purple,None,None,3D,Tan,Black Hat,Bored
948,35,72,0,https://magiceden.io/item-details/42YHGsj88MMBU6LXC2TMVnD7FGu2jrafDEjghU7iMTyu,Baby Blue,Red T,Silver Stud,Bloodshot,Red,Bandana,Bubble Gum
949,18,3163,7.46,https://magiceden.io/item-details/6kNFjRx1iF2kC9cvuCLFuddg45XJnuSx87rNsmquX9Rp,Dark Blue,Rainbow Suspenders,None,Zombie,Dark Brown,Prussian Helmet,Bored
950,30,3731,0,https://magiceden.io/item-details/29hXSdfPu4NkmqcxjDquxHybqfZmhDR3m23gEKAZwepH,Orange,None,Gold Stud,Crazy,Black,Army Hat,Bored
951,12,2973,68.98,https://magiceden.io/item-details/DoTVetW2o4hKupopGs9Us8brpRXKeBcPxKzgdah7PefK,Baby Blue,Sailor Shirt,None,Sad,Black,Camo Helmet,Smug
952,15.8,3537,26.46,https://magiceden.io/item-details/FbDDqHPkATJfgqM6CaLxF7bmkdL3g3rWcQQNoDZUnBW9,Aquamarine,Black T Holes,Gold Hoop,Closed,Golden Brown,None,Bored
957,20,2513,0,https://magiceden.io/item-details/EB5y1o69kcX4ZX7vvR4NEyYiQgNvmyNWn7ZjmfWdwiDq,Gray,None,Diamond Stud,Crazy,Black,Yellow Party Hat,Bored
958,33.3,3628,0,https://magiceden.io/item-details/7ic7WAS4gHdxWjqtyPrS2rEwb7gNe498fcANSj3xibgX,Mustard,Rainbow Suspenders,None,Roll,Dark Brown,Spinner Hat,Bored
963,66.99,2666,0,https://magiceden.io/item-details/DK7gZVWf45YPg43FobAdzvAxyRs2kZaUAa2RbL5s87xB,Gray,None,None,Sleepy,Zombie,Bunny Ears,Rage
968,300,2852,0,https://magiceden.io/item-details/bEAkyHNRWto5w4QEEuHeKayTUjMe4KfpLmTqg6UxupS,Dark Blue,None,None,Zombie,Dark Brown,Halo,Cigar
974,40,2124,0,https://magiceden.io/item-details/5HjNERbpfKFv3u3HGqJUrmbCAsYtH82UGbfkCti9zmJM,Orange,Guayabera,Silver Hoop,Blindfold,Blue,Beanie,Bored
977,22,2386,0,https://magiceden.io/item-details/W6Hnju9uXknr12Bu8hGum3HrETBcmfG9SmVkCcJjtbK,Mustard,Blue Bib,None,Sleepy,Dark Brown,Seal,Dumbfounded
987,110,715,0,https://magiceden.io/item-details/C689DKuSqpEiDzU2HtWg14faNNeSwwP67cy7x56fDHZ1,Aquamarine,Leather Jacket,None,Sad,Death Bot,Fez,Grin Gold Grill
993,150,392,0,https://magiceden.io/item-details/H8xoTcSEyKPoGNobRAHq36TuqEs8zJgpDjZCJNFkVNRG,Yellow,c1,None,Crazy,Trippy,None,Cigar
996,40,1234,0,https://magiceden.io/item-details/HXw5gHyDprnT36UFNwAzNDcoGDqB47uz1pDQV4fdyGam,Baby Blue,None,Gold Hoop,Scumbag,Pink,Fisherman Hat,Grin
1006,40,1304,0,https://magiceden.io/item-details/6vBGRYmN4DfC9rtCpepGFsaf4DKRreqJi1DWG8TZ8UP5,Mustard,Smoking Jacket,Silver Stud,Sunglasses,Dark Brown,Laurel Wreath,Bored
1007,33,4508,0,https://magiceden.io/item-details/61H59nstKrtKZnZk8a1KzgF47RnTVnEH35ccU26YiRfP,Mustard,Wool Turtleneck,None,Robot,Cheetah,None,Bored
1014,200,4771,0,https://magiceden.io/item-details/D8XUkSSNi4NvY1vGDNkUZ97byyDeYotnU6ytYBswLwpH,Yellow,None,None,Awww,Golden Brown,Army Hat,Bored
1016,39.9,2314,0,https://magiceden.io/item-details/7rtAdCgYv3szdeZNXGdcvpJ2gchbeigE9BVQqYqGixKc,Aquamarine,White Bib,None,Zombie,Cosmic,Cowboy Hat,Bored
1017,15,4084,30.08,https://magiceden.io/item-details/FnDFWFiHewzuLTXAdeTTJeUjBT3GLWw9pejGjFfYggtj,Aquamarine,Wool Turtleneck,None,Zombie,Dark Brown,Fisherman Hat,Bored
1034,100,4664,0,https://magiceden.io/item-details/7pm9DRGL5ZDC7VyHfErEtequDJwNcBm4JQc4dJ2ncCbT,Dark Blue,Black T,None,Bored,Tan,Halo,Bored
1035,35,2085,0,https://magiceden.io/item-details/DF3bd1FhSzTfF6vvFcDM6oMBjVgqcjSta7sGFxGRqKxv,Purple,Tuxedo T,None,3D,Cheetah,Safari,Cigarette
1048,17.69,1246,25.92,https://magiceden.io/item-details/BTVeaKuHzV1JJoFzvaoUabHpdHa8k7nrLZgcsPkTBxwb,Dark Blue,Army Jacket,None,3D,Cheetah,Fisherman Hat,Tongue Out
1060,17.99,3261,6.78,https://magiceden.io/item-details/DnwPvjUGQCXYRx78xbBDH76ZkYuE7ND2ccDUvugv2s7H,Dark Blue,Tank Top,None,Bored,Camo,Bunny Ears,Bored
1079,22,273,0,https://magiceden.io/item-details/1q3Bj8dtwHYPGaptYWwyH7MbC5GxUDeQuUSpH5yYyHU,Gray,Tuxedo T,Gold Stud,Awww,Red,Bandana,Pacifier
1086,14.5,2772,45.59,https://magiceden.io/item-details/3xqFV8a4UTsJzPYWSaYCS5rRrxna9Sn2HFKnWpvUMZ9Y,Aquamarine,None,None,Blindfold,Gray,Fez,Ooo
1088,30,4661,0,https://magiceden.io/item-details/aeSrsQN4KqAhMjJ8hkx8PqeTCF49y4H5oSHcRbsi1v6,Orange,Logo Black T,None,Eyepatch,Cream,None,Bored
1089,19,2492,2.84,https://magiceden.io/item-details/HSepfkZGi8tw7EdeZqXWgg3Lg43Fqv36xHoXWFKfPSw4,Gray,c22,None,Sleepy,Cream,Devil Horns,Grin
1094,32,2885,0,https://magiceden.io/item-details/4fXMcf7zz54bWZPRKc15unvytqMjwnnNijySbYqKXEZT,Yellow,Hip Hop,None,Bored,Black,Ushanka,Rage
1102,20,2925,0,https://magiceden.io/item-details/96igWkTVA7wbSNifXXKUH2Eggadzq2icb5q9FsSK5kjs,Aquamarine,Stunt Jacket,None,Bored,Cream,Stuntman Helmet,Grin
1106,30,1169,0,https://magiceden.io/item-details/Ax2CsRErgkdLbwTavWtQxPsRZJLNUayen1dowTSdVNPM,Gray,Striped T,None,Angry,Pink,Army Hat,Cigar
1124,80,49,0,https://magiceden.io/item-details/CYLsXRwpihJCcjy57hhspd4oieVUT66sPNUGo5Jyttsa,Dark Blue,Sleevesless T,Diamond Stud,Roll,Cosmic,Girl's Hair Short,Pout
1126,13.9,3601,44.95,https://magiceden.io/item-details/CXDa1ZxZYUTkQxZ9yzMigNgiVoTGvuK2SskFyz3vD5Pd,Orange,Army Jacket,None,Closed,Golden Brown,Pengu,Bored
1130,120,336,0,https://magiceden.io/item-details/CN4ehichdy4Jxy8S4ok5RmG9TYYBUpBTAWh8XiDxhQ5,Orange,c22,Silver Hoop,Zombie,Dark Brown,Devil Horns,Grin Gold Grill
1146,12.9,613,78.89,https://magiceden.io/item-details/J88uE54iAshtEtf3UfCkqxXszrWa2DSxJY9mDToPGdwA,Dark Blue,Tuxedo T,Gold Hoop,Crazy,Dark Brown,Halo,Kek
1155,45,4184,0,https://magiceden.io/item-details/BeSvW2A5XPZ8x6tQqQ2vPmRD5Dwxfw13kn6foDHBd9qJ,Dark Blue,Sleevesless T,None,Awww,Golden Brown,Halo,Bored
1158,32,2447,0,https://magiceden.io/item-details/Es2cZ8uvjmrKaWLyggeX4zEQYy55nqNQsgycQdCgRXuT,Purple,Bone Tee,None,Bloodshot,Black,Bunny Ears,Pacifier
1178,175,1453,0,https://magiceden.io/item-details/AhdZSoqzSr9KYyshqkNJygsd5ArfmNDyiPj1CtpEw4bE,Mustard,Army Jacket,None,Closed,24K Gold,WW2 Pilot Helmet,Bored
1183,39,141,0,https://magiceden.io/item-details/CAgpRYggJU6RWexyC8T8CznPrHqDbLrbuMbvyKu8W6FZ,Gray,Black T,Silver Stud,Neon Party,Silver,Fez,Kek
1186,35,3531,0,https://magiceden.io/item-details/6fJDQeMsiPz5riTZJbKsjWWFXwJ7gaES4pRqfKWaUmYT,Mustard,Leather Punk Jacket,None,Neon Party,Blue,Army Hat,Bored
1196,35,826,0,https://magiceden.io/item-details/91dTwDqdoBFKd2ejTGWQt5hmCab9pjcmJ8GNRmdx8fYG,Aquamarine,Lab Coat,None,Scumbag,Red,Panda,Pacifier
1200,45,69,0,https://magiceden.io/item-details/5yGBBSz5vsXrchFbq3ZJ47UdoKdTYhKoPJpWqcwL5f39,Baby Blue,c22,Diamond Stud,Angry,Zombie,Devil Horns,Discomfort
1222,101,76,0,https://magiceden.io/item-details/3JUvuff1PW3Y9TfT162pxcM6w8ovs1TpCjrEbJDQVbhk,Purple,Bones Necklace,Silver Hoop,Hypnotized,Zombie,Blue Party Hat,Rage
1243,90,119,0,https://magiceden.io/item-details/4kJ4dHv2EhdZkxET1ykV4hDPvK97E6kePRpeMwDdwdst,Gray,Black T,Silver Hoop,Zombie,Tan,Baby's Bonnet,Blowpipe
1255,33.336942,1081,0,https://magiceden.io/item-details/333W1bft89NKQbHw793Pz3imdfTqotEEWz9fhK13SJEQ,Dark Blue,Striped T,Diamond Stud,Wide Eyed,Dark Brown,None,Cigar
1267,23,1641,0,https://magiceden.io/item-details/Bcp6PCxZDjLbTSkDGkiNKS7LEGA5d8YtaVvkeH3b6eQo,Purple,None,None,Holographic,Zombie,Fez,Pipe
1268,26.69,2812,0,https://magiceden.io/item-details/C9ibGdTyKRCyKCQF1st95SEqVR8qJ7HtHAfPSst9AzyK,Purple,Leather Jacket,None,Bored,Prism,Girl's Hair Short,Bored
1276,17,3268,16.62,https://magiceden.io/item-details/7D4iTV4TsvHtKk9Aji1a6uvb2bHYv466nU7LnkDDXicv,Gray,Tie Dye,None,Crazy,White,Fez,Bored
1281,15,3689,33.25,https://magiceden.io/item-details/FNrRb4fd9RpGShRfXA17pwULLT1eYVet97qSQDzuWZ54,Mustard,Sleevesless T,None,Sleepy,Golden Brown,WW2 Pilot Helmet,Bored
1285,22.69,4081,0,https://magiceden.io/item-details/Es5zdR6eLsw2w7hkLAV5KdkCf6fqmSdbx6hgWmkF6nKm,Mustard,None,None,3D,Robot,None,Smile
1300,15.5,3463,30.06,https://magiceden.io/item-details/AjJpd3zTjs2PsWCu7onhVJi724prHxchDCYCH3aeNZDS,Yellow,None,None,Crazy,Cheetah,Bunny Ears,Grin
1319,17.5,4574,1.16,https://magiceden.io/item-details/14Ckga3BmkqA1YNKaZqx9kUUxBcLzvn7vcxgZithAyJz,Mustard,None,Silver Stud,Crazy,Gray,None,Bored
1325,120,4054,0,https://magiceden.io/item-details/BLNwTTVwbNEv4HHdwAhLUd7jpHzZ2sBoq3Fzb2cS45Lt,Dark Blue,Hip Hop,Gold Hoop,Bored,Tan,None,Bored
1351,27,3025,0,https://magiceden.io/item-details/5mwnaLX5ggmb82qe59bAGnFJQ8RZTS49VaLjGMaqm3SH,Mustard,White Bib,None,Bloodshot,Zombie,Stuntman Helmet,Bored
1359,11.5,4417,62.41,https://magiceden.io/item-details/CGsf3enr8riTUNZAkBNdsS2fgiMZfFet3rDZs9RBqQ9b,Mustard,Hawaiian,None,Angry,Dark Brown,Seaman Hat,Bored
1385,13.8,4470,38.99,https://magiceden.io/item-details/FhefffWFfEg2UKvbu9BwarwR9JhX1qwZwihXE5NirUHG,Gray,Logo Black T,None,Sleepy,Dark Brown,Short Mohawk,Bored
1394,21,574,0,https://magiceden.io/item-details/2dmLwrwqciqZn1kYoEqBDm2K9ft8HwnnbCuJL7y3ZWRz,Orange,Guayabera,None,Closed,Cosmic,Safari,Dumbfounded
1397,16,2522,32.6,https://magiceden.io/item-details/9xchGh84NFkaLDmBnJSxiGe3ia561VChGXo313yFrwm,Gray,Blue Bib,None,Sad,Black,Girl's Hair Short,Grin
1407,20,1033,4.52,https://magiceden.io/item-details/3omK8bGG1x6Lk2c3ExBwCtUwfnCvpMY8wLSuoQ9hALCZ,Gray,Leather Jacket,None,Sad,Red,Prussian Helmet,Rage
1409,29.99,1145,0,https://magiceden.io/item-details/A6SPZX4vpDMP6b5XsRR7Hmj7SDodSsqo98g67g6gwYsk,Mustard,None,Gold Stud,Sad,Tan,Short Mohawk,Discomfort
1424,220,2822,0,https://magiceden.io/item-details/nMfSGcZf3DLxwUttjkW5v12xsccYtTKRfsFLFRNLqBU,Dark Blue,Biker Vest,None,Bored,24K Gold,Spinner Hat,Bored
1431,28,1350,0,https://magiceden.io/item-details/37zAiVgHUyz2t2VuqzshXz9qTagVewfjaEr6gfbXhqLV,Purple,None,Gold Hoop,Roll,Cheetah,Safari,Smug
1433,20,4522,0,https://magiceden.io/item-details/4nk6wrBipGZwTXWT8pXjrMap1prEVhCZjhJ2Xyq5wVqr,Aquamarine,Hawaiian,Silver Stud,Bored,Blue,None,Bored
1443,21.95,1291,0,https://magiceden.io/item-details/47EazYtuhHhvgokdEeHEuKn7wXaRrBAEoDG7NX5CuYWy,Gray,Biker Vest,None,Robot,Gray,Camo Helmet,Ooo
1454,28,1729,0,https://magiceden.io/item-details/7mjQqN97mHt7HtnMKrUzdSiR41KNKCgAHXayxtEMqKVh,Dark Blue,Striped T,None,Neon Party,Zombie,Bandana,Pacifier
1463,32.69,1833,0,https://magiceden.io/item-details/GttBNG1Dcqznuoahm4NXzNLEhPtW2AjSuEg71nq9uT1W,Aquamarine,Black T,None,Blindfold,Prism,Panda,Bored
1466,17.98,2637,11.87,https://magiceden.io/item-details/DoiU8ubwRhy3Ch2pxCbxpEuBMkw6AEP5oDBWNfz4Uasp,Yellow,White Bib,None,Zombie,Zombie,WW2 Pilot Helmet,Bored
1469,85,1315,0,https://magiceden.io/item-details/Gad7TZdwgj38vZer976qzfEWqfK3FzVNcXXRAxiLezbt,Dark Blue,Tuxedo T,Silver Stud,Bored,Death Bot,None,Grin Gold Grill
1476,17,1286,32.5,https://magiceden.io/item-details/7jeTLW84gBWaWgNrp5tgPkvy2DNTtFnSXUDjRoucChXe,Mustard,Tie Dye,Silver Stud,Bloodshot,Gray,Bandana,Bored
1478,20,3667,0,https://magiceden.io/item-details/DCZ6drh6auq5QgMb1a93YQ5pnpr6Mjc4rB5v8ZWW3qSR,Dark Blue,Black T,None,Angry,Cheetah,Ushanka,Bored
1487,70,1104,0,https://magiceden.io/item-details/EJLHTbCgnDxCjaNvKaRpUQg9zTidzxjMfFTJsJX3aMUi,Dark Blue,Flannel Shirt,Silver Stud,Awww,Cheetah,Beanie,Pout
1492,101.1,1014,0,https://magiceden.io/item-details/B8pRmf6HYPKnfzCVwjnRDfjpNZz5NMr6BavRbciAgfLA,Yellow,Hip Hop,Silver Stud,Eyepatch,Death Bot,Fez,Bored
1512,4500,2552,0,https://magiceden.io/item-details/GmdEnqVY6BDrKcqeEBZ8QgELJnexzqXGnzM1XFoxnmFk,Aquamarine,Lab Coat,Gold Stud,3D,Black,Beanie,Bored
1514,19.09,2901,0,https://magiceden.io/item-details/HrMT5JEmS7H6WjmudBfU4LYDu7CTJjcCi3eawv6XKkH3,Gray,None,None,Wide Eyed,Pink,Blue Party Hat,Smug
1522,13,1295,72.43,https://magiceden.io/item-details/CZ1L2zubpgKZ1SjKPfqvghmZRyNxRDZ9DyYL543vnaYQ,Gray,Leather Punk Jacket,None,x_x,Black,Irish Boho,Smile
1530,80,4435,0,https://magiceden.io/item-details/Ab4mKYujXP8BGgonVauyRi6C3qCvA2hdHABSCKJYyPdv,Aquamarine,Logo Black T,None,Closed,Black,Halo,Bored
1537,23.032,2271,0,https://magiceden.io/item-details/9fzuspJJJwtb2D575TbtF8knRw4W7RPsoDLTGYtQrrhc,Baby Blue,Guayabera,None,Sad,White,Short Mohawk,Grin
1547,16.888,3747,13.9,https://magiceden.io/item-details/FhVhoeQEJSDfUVy1TUkVmWbaN7UEmNuTeYR9rEoq7YCo,Dark Blue,None,None,3D,Dark Brown,Cat,Pacifier
1550,37.664,233,0,https://magiceden.io/item-details/FVQ8gPDN4UQWDLiz9cyBzwT6JKrhDuD4vm2iVx76tJbp,Gray,Fast Food Uniform,Silver Stud,Neon Party,Cheetah,Black Hat,Rage
1557,14,2652,51.55,https://magiceden.io/item-details/D75hf883kahzPuUuvnckqxEBTPk99q1HK5fx9zTntNaH,Baby Blue,Striped T,None,Crazy,Golden Brown,Short Mohawk,Jovial
1559,24,1730,0,https://magiceden.io/item-details/EY4EhrJxB1yHwhHpg2h8gTyHyfXB1utLBKjTMPsfHU1f,Baby Blue,Bone Tee,None,x_x,Gray,Short Mohawk,Pacifier
1578,40,474,0,https://magiceden.io/item-details/933S6aU3PmUwmq31PySWE6cnNZ5N9EESDpZspM1JXuZq,Dark Blue,Striped T,Diamond Stud,Closed,Black,Black Hat,Small Grin
1583,48,3621,0,https://magiceden.io/item-details/H93dpqKxpSyuCjHkBuderfWxRF8gxGMjbFSu26Fi8GMf,Gray,Tweed Suit,None,<3<3,Dark Brown,Seaman Hat,Bored
1587,20,441,9.27,https://magiceden.io/item-details/59VqG8k9TcPQajcyXzBvKifgsb754EPAfzU6rkpWSo2H,Orange,Smoking Jacket,Silver Hoop,Closed,Blue,Safari,Pacifier
1590,49999,4718,0,https://magiceden.io/item-details/H1UeS3TreJD5rmkjNFbDU9ijtdfmAyn3UTbAmJd7SWPx,Baby Blue,Space Suit,None,Neon Party,Black,None,Bored
1602,777,2188,0,https://magiceden.io/item-details/4MprJ7tE87ARS1fJ188muPuabAdxYECacEursUV9FAcR,Dark Blue,None,Silver Hoop,Sleepy,Golden Brown,Cat,Smug
1606,40,2798,0,https://magiceden.io/item-details/FL9QLKmmn6H3sXSpQumHaFhP75SoM5AUFe1jbsDKC9zB,Mustard,Space Suit,None,Robot,Zombie,Fez,Bored
1619,19.5,1245,7.83,https://magiceden.io/item-details/DrwLE9j5D89LTYXnmaoJmqNLRvX8iAebtGNegDFH8kJy,Aquamarine,Work Vest,None,Angry,Zombie,Pengu,Pout
1624,18.88,2933,0.5,https://magiceden.io/item-details/AMA9SAyXxYdUMYGuVcxEGvYRGnuzHcFsd5SeVFpc9tH3,Mustard,None,None,Holographic,Cream,Bunny Ears,Pout
1643,88,2082,0,https://magiceden.io/item-details/Ae2TQojkrAwfziaMeQjJqzoVSyeKRwgXhNudhzFxsB2n,Aquamarine,Puffy Vest,None,Roll,Cream,Beanie,Ohhh
1648,25,3914,0,https://magiceden.io/item-details/CdNw1JHujwqVVqnNJYaR26dxRzDhdXs9qVAbjr4L8oXE,Purple,Smoking Jacket,None,3D,Cheetah,Seaman Hat,Bored
1662,20,3447,0,https://magiceden.io/item-details/3sbHC2MpX4gzYxSWVizS7vz1Gv3cVQ76CpcErRhbiceV,Dark Blue,Black T,None,Bored,Tan,Spinner Hat,Cigarette
1676,29,2374,0,https://magiceden.io/item-details/DuKXsWmWswM2sAqk2n4qoPsuJuUwphC3qd8fkchUFVW5,Mustard,Hawaiian,Silver Hoop,Blindfold,Cream,Cowboy Hat,Bored
1691,30,3724,0,https://magiceden.io/item-details/AZ8gJDCDQmjjNvNZzMirh3mokDPT1hHpcj5WGv8HR7qY,Dark Blue,Tuxedo T,None,Holographic,Black,Army Hat,Bored
1695,20.22,1697,0,https://magiceden.io/item-details/5zgiUqQ6AhsfHVKTv7eVAhvW8xnLsjousHCWPsq5bPnu,Purple,Sailor Shirt,None,Bored,Black,Girl's Hair Short,Toast
1721,26,386,0,https://magiceden.io/item-details/AKHk2WJMF4DYW5TnA32xeB3c5oDjBnfpLA4jRzJJfkAs,Aquamarine,Sailor Shirt,Silver Stud,Awww,Cheetah,Yellow Party Hat,Dumbfounded
1722,25,4749,0,https://magiceden.io/item-details/BD7MQbGnG1ex3yvyS1wMEpiaUbTArbPoJwaSLKHgc9A,Yellow,Stunt Jacket,None,Bored,DMT,None,Bored
1725,15.97,4605,16.21,https://magiceden.io/item-details/3BM7kuktUsa6eE7czYLHc6B9LAApWB8Q9VTN7VZLa8CM,Purple,Army Jacket,None,Bored,Golden Brown,None,Pout
1736,75,2587,0,https://magiceden.io/item-details/68MMgpqkaqrZQoyX3mw4jrEEvRFEWmTuyQEwB5wbhFGX,Dark Blue,Black Suit,None,Sunglasses,Black,Prussian Helmet,Bored
1746,17.5,3483,9.9,https://magiceden.io/item-details/38gNM7nZZK4EAQLdFQv4BkaCqCzKtaV4SPT2zHQHkzus,Baby Blue,Puffy Vest,None,Blindfold,Golden Brown,Camo Helmet,Bored
1754,25,3212,0,https://magiceden.io/item-details/FZjaDygLJjPGJbKSYfkUEUCpR9qnWUdUUrgNdmtfMJ8,Purple,Puffy Vest,Gold Hoop,3D,White,None,Bored
1780,55,801,0,https://magiceden.io/item-details/ErutDgdMVbcXJ76nWF1Qio2shxpKDHtNxvH5ygRBFcQ2,Dark Blue,Bones Necklace,Silver Stud,Wide Eyed,White,None,Blue Grill
1782,15,3683,33.29,https://magiceden.io/item-details/5oikki8PxwzaLv9ojjEyAE8KXfjyWiWbqeCea9mtbmEK,Gray,Lab Coat,None,Bored,Black,Short Mohawk,Pout
1808,12.3,1870,74.82,https://magiceden.io/item-details/josgtqPdroLJUR4xvJJRZguCRG7aoVy1xiwsVv21VNd,Aquamarine,Sleevesless T,Silver Hoop,Crazy,Gray,Sushi Chef Headband,Bored
1809,55,184,0,https://magiceden.io/item-details/CGXSXEpPKtQthT4KGyibLzDXLHLTs9RJYF3HNDcSFV3s,Yellow,Rainbow Suspenders,None,Scumbag,DMT,Camo Helmet,Rainbow Grill
1811,27.5,2092,0,https://magiceden.io/item-details/5F1iT3w1puqB3h5GpRD85yCLjBWzepVZ37s2UtsYHT3p,Baby Blue,Red T,None,Sunglasses,DMT,Cat,Bored
1821,18.88,4578,0,https://magiceden.io/item-details/DEsiwv2hALAzLeJhYwBUjqq5mT9pWAuNWvAbQSQi6ZMe,Yellow,Black T,None,Bored,Dark Brown,None,Small Grin
1829,22,2002,0,https://magiceden.io/item-details/6ht69NMZypfL5q55m4seyopRKCLeQfmYMMXheGiQivUt,Yellow,Work Vest,None,<3<3,Golden Brown,None,Wah
1847,20,658,7.53,https://magiceden.io/item-details/5P713YmemGGz7UYRDXAqCkN92WeET6i7S664bf6Sg3hu,Yellow,None,Cross,Sleepy,Red,Seal,Smug
1850,19.8,2618,0,https://magiceden.io/item-details/EoN9h8zBpZabCgTW7pMNV8T3VNSLRGRb7sVEZ9LEndoL,Gray,Pink Dress,None,Hypnotized,Cream,Cowboy Hat,Bored
1856,17,3322,16.19,https://magiceden.io/item-details/P8wVwEBMKDJtYYTV9fJYGzZX9B6AXj8tvVbtcFWJsSD,Aquamarine,Bone Tee,None,Robot,Pink,None,Pacifier
1867,15,1491,50.86,https://magiceden.io/item-details/CED2drXWF9hW2PFcSXQa2KwnGXdDuEZY1yVE64EERWHe,Yellow,c22,Diamond Stud,Roll,Dark Brown,Sushi Chef Headband,Bored
1881,25.05,4407,0,https://magiceden.io/item-details/61wy8ypMgRu7Jk2W7D5Tkvi2jhDbwLPUQAeA8sGCGxvQ,Yellow,c22,None,Bored,Dark Brown,None,Ohhh
1885,666,455,0,https://magiceden.io/item-details/8mdhx8NsCSFct7RxSY4KCyfTqK5yXBwGfq1HYMwmFw7g,Purple,Puffy Vest,Silver Hoop,Bloodshot,Blue,Girl's Hair Pink,Pacifier
1890,18,2097,16,https://magiceden.io/item-details/9JJvcAnBHJytt7w1yGscKWxZuGh31JoCyYZ8YrkP4gG4,Dark Blue,Work Vest,None,Awww,Cream,Camo Helmet,Cigarette
1892,25,1444,0,https://magiceden.io/item-details/4bpFs3xvn92koejWfwUNjeWGXRNZ67dh3SfS1beFZHsW,Orange,Hawaiian,Silver Hoop,3D,Red,Beanie,Cigarette
1900,50,153,0,https://magiceden.io/item-details/EFZiNWKUDcP7NQV1LM3438Sn1dYeBe9LdhrBLEVZfoRa,Gray,Prom Dress,Silver Hoop,Robot,Golden Brown,Irish Boho,Discomfort
1901,55,4747,0,https://magiceden.io/item-details/KMRzYFkZQniJmBkpRuAKzyc2CWJE2cqbQ3UUEYeCuWa,Aquamarine,None,None,x_x,Noise,None,Bored
1905,50,4915,0,https://magiceden.io/item-details/AEY5GXuhJBdjXUYqbQgrW7x3piDYaEVY4RXx4VetCSFq,Mustard,None,None,Cyborg,Dark Brown,None,Bored
1948,12.9,3768,53.61,https://magiceden.io/item-details/HtCV7ymaVZ7Wt7joUsqzFT1Vcib4enb6feimLBpd35fP,Aquamarine,Bandolier,None,Bloodshot,Tan,None,Smug
1950,250,1691,0,https://magiceden.io/item-details/EXJBDPpHKPgRmCxRWTgbV18boyAT8nsSTL3ymQnUvtEh,Gray,Puffy Vest,None,Sleepy,Blue,Fez,Smile
1955,24,4763,0,https://magiceden.io/item-details/2suc5kHAiEPHCciRp35xLxNGc245F5UtVHSEUeZ3ucHa,Dark Blue,Logo Black T,None,x_x,Golden Brown,None,Bored
1975,25,3388,0,https://magiceden.io/item-details/9rzUM9RHNi85iaGXwHEKUCGxCBESQCSuNMgp6o7rZiEr,Gray,None,None,Scumbag,Black,Panda,Smug
1978,20,1404,1.55,https://magiceden.io/item-details/H7Pu7ui9saEtmdATMCxummif2KXVuUUdJZmrggtfEXzQ,Mustard,Hawaiian,None,Robot,Black,Safari,Wah
1986,19,4172,0,https://magiceden.io/item-details/36YCjCnRPfbRs68rsGLzor9tTaS56TFjiL3qv5GfAHm3,Gray,Toga,None,Closed,Black,Fez,Bored
1995,30,2694,0,https://magiceden.io/item-details/8z4EKs8hcFd7NRiDAVmEz2KkYiQT2WKJ6x44voP5AMuf,Gray,Puffy Vest,None,Cyborg,Tan,Irish Boho,Bored
2001,69.69,1954,0,https://magiceden.io/item-details/HpBKTMdSc3N55Q8eyWPUJk96f9dyP9A6e96br7qx9bth,Gray,Logo Black T,None,Steampunk,Dark Brown,Bunny Ears,Smug
2002,50,3179,0,https://magiceden.io/item-details/BZbaLfyfMXKj7onYsC7udYfsTay76m37t9RCCF6KLhm6,Mustard,Toga,None,Zombie,Zombie,None,Cigarette
2011,29,2392,0,https://magiceden.io/item-details/ALsgJP4HXmfp2nnRtZM6t1yQVYNNk6u4w26R3q2TbRyr,Mustard,None,Silver Stud,Sleepy,Noise,Panda,Bored
2016,20,866,5.86,https://magiceden.io/item-details/BXXXzzi7XLqEzYTmQNczTQzoNRCxNJbFyGq6Bj6NUtjM,Mustard,Smoking Jacket,Silver Hoop,Angry,Golden Brown,Halo,Pacifier
2019,765,3180,0,https://magiceden.io/item-details/c4fPjokJopJrM1o7wtB4LvxYxt9Avk4gbmQrvk6zoWk,Baby Blue,Caveman Pelt,None,x_x,Tan,Camo Helmet,Bored
2024,25,4510,0,https://magiceden.io/item-details/BDs9U81MsZFRPizsGdpwpgBxDe7MfcuBGUESmrceANEH,Mustard,Cowboy Shirt,None,Roll,Tan,None,Bored
2029,15,2388,43.67,https://magiceden.io/item-details/v4EHn6NrALho52zx7ZzgX3vgctFGcAb8eDTwdguPt9q,Orange,None,None,Bloodshot,Robot,Camo Helmet,Ohhh
2041,35,251,0,https://magiceden.io/item-details/63bzNdatboGfZZD1eRrkhQiXstQ6XrFiwnKiYjQyYCxA,Orange,Black T Holes,Silver Stud,Scumbag,Robot,Fez,Dumbfounded
2042,17.5,3192,12.23,https://magiceden.io/item-details/7qWYidZY23fPGuYjejzi3rcPydBaSWNesiMK4RwzJe6V,Yellow,Work Vest,None,x_x,Cheetah,Short Mohawk,Bored
2046,25,3696,0,https://magiceden.io/item-details/FpUFQd79cPg4HQ5XKZR3e1u4JW1fpoJSKTFy36ZhPtbm,Gray,Hip Hop,None,Sleepy,Gray,Seaman Hat,Bored
2048,25,3293,0,https://magiceden.io/item-details/Gfrm1iK59mJU1qSRVioV5jR5vWwSrmavRgkSCbdCJWjE,Mustard,Flannel Shirt,None,Scumbag,Dark Brown,Baby's Bonnet,Bored
2050,16.9,1378,32.76,https://magiceden.io/item-details/2v4dtgF9zmdDrQG3cpyHpxUggfMxVJKeskwiA56DxEY7,Yellow,Caveman Pelt,None,3D,Black,Pengu,Discomfort
2060,24,1264,0,https://magiceden.io/item-details/4a46ugWBkrTVAhTekU9L411rVn3PYDQpmihqh4Ym8xDh,Purple,Leather Punk Jacket,Silver Stud,Bloodshot,Death Bot,Fisherman Hat,Bored
2063,14,3440,45.24,https://magiceden.io/item-details/F9NKz9WAjuzQ5bcbPrmtQA5kVbmY4CfTdFjYc17WsRyL,Orange,Guayabera,None,Bored,Dark Brown,Girl's Hair Short,Cigarette
2066,19.8,2446,0,https://magiceden.io/item-details/HCzYxMDJFHhsTnb2HddiVpsjA1K3d96cSMfHd8t1Cb3Z,Dark Blue,None,None,Roll,Pink,Trippy Captain,Dumbfounded
2077,21,1473,0,https://magiceden.io/item-details/Fsgxr1k5A3dEsyBYmaW329BmkriaEJVDMPXkfzZNybLN,Orange,Smoking Jacket,None,Robot,Golden Brown,Girl's Hair Short,Pacifier
2081,25,2949,0,https://magiceden.io/item-details/3asE4Sne7WHh7cT9dAs6CajZy9rot1jHJFhzE9sbSGtN,Gray,Fast Food Uniform,None,Sleepy,Zombie,Sea Captain Hat,Bored
2087,6666.66,3230,0,https://magiceden.io/item-details/Bzd3bMtScjcyF9yshtLneKMNaHJHkFEBU2kruRGiqLjk,Dark Blue,Leather Jacket,None,Sunglasses,Gray,Devil Horns,Bored
2115,35,1063,0,https://magiceden.io/item-details/7cCu2Y7pVrzmUZPx8Kjx8CjeAebHUGqMFjhX78T4wNFw,Purple,None,None,Heart Glasses,Cosmic,Stuntman Helmet,Ohhh
2116,77.77,4860,0,https://magiceden.io/item-details/5ZRLVMCyFM1ECFTwJsx3EuG4SLtWDKMUw1S9sX9BCPuJ,Baby Blue,Flannel Shirt,None,3D,Black,None,Bored
2126,35,2462,0,https://magiceden.io/item-details/9WiyYw2ikkxC4bmbtXqjeWUBvmsD1BDM4XAAJx3aaa1D,Purple,Leather Punk Jacket,None,Neon Party,Cream,Cowboy Hat,Pout
2131,39,4150,0,https://magiceden.io/item-details/8YFREjTpxVhGfvnNg3h5EkkHVidaQLjx6Tv225PvnArL,Mustard,None,None,Neon Party,Cheetah,None,Tongue Out
2134,26,1076,0,https://magiceden.io/item-details/8rq5BfZuRY66gAJKUUxgz8hfSn9C8XXmuRLibZi8cq9,Baby Blue,Rainbow Suspenders,None,Hypnotized,Black,Halo,Discomfort
2139,15.26,4404,24.92,https://magiceden.io/item-details/GTPJw9MiXPAyZjbW2y6ERqtDQGXS8sS9AQFoZL2wo2T5,Purple,Striped T,None,Sad,Black,None,Pacifier
2140,888,2913,0,https://magiceden.io/item-details/G4ow3aYQiZvR43KV9MsaWGeJ5STk1uj8h1xrzy4urgKR,Yellow,Stunt Jacket,None,Neon Party,Tan,Beanie,Grin
2147,47,3096,0,https://magiceden.io/item-details/BvP7u4nzpo3AseociDdf2mCLEenvijgvote47gzHszM3,Dark Blue,None,Silver Hoop,Crazy,Robot,Devil Horns,Bored
2153,21,2641,0,https://magiceden.io/item-details/k1WH4zv9o9gPcqhK7h5T8Dgzt6x92qiZcTpEzEbod3i,Yellow,Tank Top,None,Bored,Cheetah,Girl's Hair Short,Dumbfounded
2158,39,4396,0,https://magiceden.io/item-details/9befjgfTmtSHW18tdRZzqV7EUPrd8qK8qhHmzgyB8F7X,Yellow,Logo Black T,None,Sleepy,Noise,None,Bored
2163,19,434,19.32,https://magiceden.io/item-details/3yfCLffjXbks5vPgmd4WrkZojM6sMrfUuTkkT3qCvKcC,Purple,Puffy Vest,Silver Hoop,Heart Glasses,Golden Brown,Girl's Hair Short,Small Grin
2172,14,4344,38,https://magiceden.io/item-details/HmCFjMKTi1BFovLbh8iLcJd3HqhaJwUxu5raeCX8K8g2,Purple,None,None,3D,Zombie,Baby's Bonnet,Bored
2179,23,2835,0,https://magiceden.io/item-details/A7Qv38cU58yZ6wWKxQfTx5c8NNmcNEfkuYzEMbBwGCNK,Purple,Army Jacket,None,Bored,Camo,None,Smile
2190,100,1475,0,https://magiceden.io/item-details/593FSqFmapyrbbr5LkPndjGK7MXDTD2ExLiZZoBasYbD,Dark Blue,Black Suit,None,Wide Eyed,Zombie,None,Tongue Out
2191,50,1649,0,https://magiceden.io/item-details/9Xb8MpKYg2Qk6XWcBhDPKeP7D6vuPZMyQeZMtFMF75mt,Purple,Black T,None,x_x,Noise,Seaman Hat,Cigarette
2201,30,2000,0,https://magiceden.io/item-details/6LJNoTACotYetA7n9YB3pNMg47NB87nXsnZgv415jH33,Orange,Fast Food Uniform,None,Heart Glasses,Tan,Fez,Grin
2216,40,3144,0,https://magiceden.io/item-details/2kp3b53aNsifzZWPac1AV81ABnrmTSgcKYTN2gzmW6Lh,Yellow,Toga,None,Awww,Pink,Pengu,Bored
2218,35,868,0,https://magiceden.io/item-details/3G8n9zUUcDoADE3u25wBL7C1p4B5pStnUh5kmNry5HPg,Purple,Hawaiian,None,Sleepy,Noise,Devil Horns,Kek
2226,19.5,2681,0,https://magiceden.io/item-details/68nm63fgUD16Yzd1GAdUVPCu6416Liyi3NQaSPhnT65V,Aquamarine,White Bib,None,Bored,Golden Brown,Beanie,Rainbow Grill
2230,49.5,1479,0,https://magiceden.io/item-details/DnpLBt2pgq3wuGqP5HMuapZFcMn2dKz39issjCumMzY3,Orange,None,None,Laser Eyes,Pink,Cowboy Hat,Discomfort
2237,20,3809,0,https://magiceden.io/item-details/6ShJ3uK3c22LvyeyPC4TVUERUE9ozkY2xURWPfYq8zBY,Yellow,Sailor Shirt,None,Neon Party,Robot,Seaman Hat,Bored
2253,75,3296,0,https://magiceden.io/item-details/84th9E7hZRHEJMSxhxnq84jpzuWkPFtrYwg8JcswMbRi,Baby Blue,Hip Hop,None,<3<3,Black,Fisherman Hat,Bored
2262,40,925,0,https://magiceden.io/item-details/kFRYsPQzTBfanr8CwR4eihuyHTBscTM4whif3yMX7gH,Gray,Flannel Shirt,Gold Stud,Crazy,Dark Brown,Sea Captain Hat,Pout
2272,5000,721,0,https://magiceden.io/item-details/2Cyq965ktNc7m18CSYqUF3PNd4CWLxbqc3nUZLZGBNjU,Mustard,None,Silver Stud,Sunglasses,Red,Sea Captain Hat,Grin Gold Grill
2285,40,1766,0,https://magiceden.io/item-details/BqDz5ZsNcT14M87891UeLwqWAu7iMrTXPkPhN7HLGhZo,Gray,None,Silver Stud,3D,Death Bot,None,Grin Gold Grill
2293,22.69,452,0,https://magiceden.io/item-details/9h41d99eySJFAivUPiF1FF6vWmEFt1pv1SnrXC9tXgzM,Dark Blue,Bandolier,Silver Hoop,Bored,Gray,Blue Party Hat,Rage
2294,19.99,2921,0,https://magiceden.io/item-details/4y3by4PQ2yaPXsGrdxU6HVi2byt6m8EMTZaCUqaTrhTw,Dark Blue,c1,None,Sleepy,Blue,Fisherman Hat,Bored
2298,15,2563,42.27,https://magiceden.io/item-details/5WjUe3nnKtUGYoGC3TFGyLctHntdfiqXSedD2qnSuwET,Purple,Striped T,None,Crazy,Cream,Sushi Chef Headband,Grin
2301,50,935,0,https://magiceden.io/item-details/GqPvDKLzwbrCZ3fjsjkXL2qBWBBr3VfAHQHxhffRfarW,Orange,Tweed Suit,None,Robot,Dark Brown,Pengu,Wah
2310,121.212,2104,0,https://magiceden.io/item-details/DDPe6KDpUaZa37DkA2mFqtTc5Bvymn7awDf2KeCWTnfJ,Purple,White Bib,None,Zombie,Black,Sushi Chef Headband,Dumbfounded
2312,40,3421,0,https://magiceden.io/item-details/HXSJiXrXStxfEeCU3inTVhhnxXFpLTzRGtwpzMAkqNJH,Aquamarine,Fast Food Uniform,None,x_x,Dark Brown,None,Pacifier
2314,45,508,0,https://magiceden.io/item-details/Fc6YjF6VUztWk6smhiKBZh3wd2ZGLfjdUeoVeA1Ca4sT,Aquamarine,Work Vest,Diamond Stud,Angry,Robot,Spinner Hat,Bored
2324,21.69,1416,0,https://magiceden.io/item-details/9VJQRtR8JG33wGnn3tYJjXRXUW17F2qHuBTLM5SrZCxS,Purple,Cowboy Shirt,None,Heart Glasses,Black,Safari,Jovial
2325,1500,1254,0,https://magiceden.io/item-details/38JiFWEdjhcPkTYzZ2QtBqe7Yd2ARHfJsyhnrTzWHKXT,Baby Blue,Striped T,None,<3<3,Golden Brown,Bunny Ears,Smile
2328,15.99,4143,19.71,https://magiceden.io/item-details/339G6NQtRwmrahedchUpKvAYYQSDv6qFnHhyXBoMpkAK,Orange,Striped T,None,Angry,Golden Brown,Sea Captain Hat,Bored
2329,55,366,0,https://magiceden.io/item-details/5XuD3YaTvXPvpiZuqDcbK2E8ZKQKSmNsiYux4Ep6NpmM,Purple,Tweed Suit,None,Closed,Pink,King's Crown,Discomfort
2330,18.95,4523,0,https://magiceden.io/item-details/DXYZ8gzbzf2GedkvPTpJH5u53jXViCULMbTYLp1yo9wQ,Dark Blue,Caveman Pelt,None,Bored,Black,Camo Helmet,Bored
2358,25,753,0,https://magiceden.io/item-details/ErpudBxpcUfnGzReJWoTH1UjRzbTsY7KFQhrF2ekEN2X,Orange,Black Suit,None,x_x,Gray,Seal,Cigarette
2364,17.8,1631,21.73,https://magiceden.io/item-details/8AG3ktsZbMxvYfekEs9YLY7LvrwDpmXxLyzrb6wcDr1n,Gray,Sailor Shirt,Silver Stud,Eyepatch,Red,None,Pacifier
2368,12,646,87.62,https://magiceden.io/item-details/HNwvK1RGa564afUYesZfNGZHDPLL7ijG4hsLmHhs9oit,Mustard,Sleevesless T,Silver Hoop,Scumbag,Cream,Camo Helmet,Grin
2371,15,813,56.29,https://magiceden.io/item-details/Az6e4UZDeCnKz3kgEhkaL2MonSK6eVxGCVPg4hyyzSfe,Yellow,Tank Top,Cross,Roll,Gray,Camo Helmet,Bored
2388,69,3305,0,https://magiceden.io/item-details/8p3HhavMaQkpjJ3MNtuskqrhmJSez8Sz8duh63qQYfkR,Purple,None,None,Wide Eyed,Pink,Seal,Smug
2416,28,398,0,https://magiceden.io/item-details/9QuJ7cmffBeMh9uV7J28qaH4KRBC616XvU4TfCypKDJu,Purple,Lab Coat,Cross,Awww,Tan,Blue Party Hat,Bored
2417,23,1204,0,https://magiceden.io/item-details/GUGMdnxuk3xnm4YUa7CEXQTyEAnu7DDcPN8g6L7CNPuN,Baby Blue,Puffy Vest,None,Sleepy,Cream,Police Motorcycle Helmet,Smile
2418,25,3523,0,https://magiceden.io/item-details/4LKNDkd2RTdqEfZyJddkJQDizB8dur17wqt5JwarCPHa,Gray,Black T,None,Awww,White,Bunny Ears,Bored
2432,49.99,384,0,https://magiceden.io/item-details/6FeU9n56XzrrX2Wd5M5r15xok6gZmNrP4jyf4oiUDiTY,Orange,Leather Punk Jacket,Silver Stud,Bored,Black,Panda,Flower
2433,60,2160,0,https://magiceden.io/item-details/FUeAfxoJhvv65uLe4qE9ecfDije4ZG1E75V1bDxt25mS,Dark Blue,Stunt Jacket,None,Bored,Blue,Irish Boho,Smile
2437,15,4991,22.82,https://magiceden.io/item-details/5RpcsVWgME6XdqGatRnuJDSNfhmmWzTrsUNru8nyxpWe,Mustard,None,None,Crazy,Black,None,Bored
2444,40,691,0,https://magiceden.io/item-details/4a3guwLgfiyG8FPiSYDq69LJVE6iS3iQdZTLNuqiwbuQ,Yellow,Tie Dye,None,Robot,Gray,Short Mohawk,Candy Cane
2447,15.8,1798,40.4,https://magiceden.io/item-details/6HqGStU87GYXpm5kGG4ay4emMm11NSrynoCoiQau1NXe,Purple,Army Jacket,None,Neon Party,Gray,Prussian Helmet,Cigarette
2449,45,689,0,https://magiceden.io/item-details/38x83b5TfQG8HNprWeHaKN6bwrLfTUrZohErniZoCwis,Orange,Fast Food Uniform,None,Roll,Dark Brown,Prussian Helmet,Blue Grill
2454,34.5,2832,0,https://magiceden.io/item-details/yLeU1dFCMaNNcYZvX8Aj91gZXNMZ25cWeAcNjbTayNS,Mustard,Pimp Coat,None,Robot,Golden Brown,Irish Boho,Bored
2462,32,768,0,https://magiceden.io/item-details/AdPV7zKq5Zg4UQU1URgz17TPYtnEGnrRB2VpX54qu94m,Yellow,Tweed Suit,None,Neon Party,White,Halo,Rainbow Grill
2488,17.586,2348,18.13,https://magiceden.io/item-details/9y3UwBKU9w6McPduUthNGwEB7DsqHTUCUrgrtxwQGFWB,Mustard,Stunt Jacket,None,Neon Party,Golden Brown,Black Hat,Pout
2498,19,4366,0,https://magiceden.io/item-details/8KnurRArW3CyG5FQ4UDKGPQh7KoLakvFqxD7qG4PUbVM,Baby Blue,Sailor Shirt,None,3D,Dark Brown,Fisherman Hat,Bored
2499,47.5,202,0,https://magiceden.io/item-details/DUsHAccoimaZJHRJN6PMTWnTArDAAJwq4cuJZKrrHwat,Aquamarine,Tank Top,None,Crazy,Silver,Trippy Captain,Rage
2504,102.2,2474,0,https://magiceden.io/item-details/5gpXN6sCBmPjkMXECjr5GyH7F1HyiqvDnangzDU6dBAa,Purple,None,Silver Stud,Blindfold,Noise,Cowboy Hat,Bored
2509,22.5,3613,0,https://magiceden.io/item-details/5k73hdNGU7yVN42xBNDbH5vHgcGr3CsD14xVZTtrXm8k,Dark Blue,Leather Jacket,None,Bored,Noise,None,Dumbfounded
2514,22.22,3395,0,https://magiceden.io/item-details/FaVyR2gwri7iS3TJCd84savtZNTP1bN3eGsXaErpathu,Dark Blue,Logo Black T,None,Sleepy,Zombie,Pengu,Bored
2519,40,362,0,https://magiceden.io/item-details/7MaMstCB5jQoWNMb5N7xuawH9vsSf6PPBNRn957fvS3X,Mustard,Bones Necklace,Diamond Stud,Sad,Dark Brown,Devil Horns,Rage
2525,39,4567,0,https://magiceden.io/item-details/4HCtMkH4PHttLRpKqtNNDQNnrLz1WrGMLjTTCuDsD69P,Gray,None,None,Sleepy,Zombie,None,Pout
2532,22,2538,0,https://magiceden.io/item-details/7kL4zcAJm5ydeFiA2h2Krx4YQtibjGj6HBxodxPrvdCM,Purple,None,None,Hypnotized,Golden Brown,Panda,Rage
2539,36,643,0,https://magiceden.io/item-details/3MvehdQ6Yt9BzzjzX8bQycRGK2PYbetuDijGfw91DXvz,Baby Blue,Black T Holes,None,Laser Eyes,Golden Brown,Seal,Pacifier
2545,24,4993,0,https://magiceden.io/item-details/GHaQqBtAtu67TkEs8uvt7My5poqqyKPmNwBKn1SqRtd8,Purple,None,None,Sleepy,Black,None,Bored
2555,35,1374,0,https://magiceden.io/item-details/GvHsu1Gyrs9t9ZH3DrAkr3gbYr4V5ztHoyxt97P9hUU3,Dark Blue,Space Suit,None,Sad,Dark Brown,Fisherman Hat,Tongue Out
2562,13.75,2556,54.82,https://magiceden.io/item-details/5FFQLVqibbRayipTrwJTgcXeX3Vof7G74pgy1c5LqQeA,Aquamarine,Work Vest,None,Wide Eyed,Tan,Seaman Hat,Pout
2578,30,1116,0,https://magiceden.io/item-details/3JJrYqVzBiwQr4v4KHuXtRcGyE4APX4bYHvYsmXSKxYZ,Orange,Bone Tee,None,Hypnotized,Pink,Halo,Rage
2581,14,2543,52.43,https://magiceden.io/item-details/9jtYNVTGycb5vxAYnWxXPGdYaevV66k54rPK3HBvVD24,Purple,Work Vest,None,Hypnotized,White,Camo Helmet,Bored
2583,200,649,0,https://magiceden.io/item-details/6HEXRfMZXDwaLJVozftYZqgSLoWaqPczAgrNRr2UQUgY,Gray,None,Gold Stud,Holographic,Trippy,Pengu,Bored
2594,35,1910,0,https://magiceden.io/item-details/74PGdvb17x8eygZhchfT1KWbdbayR49B7XjDoyYMu5cD,Yellow,Tank Top,Silver Stud,Sunglasses,Golden Brown,Panda,Bored
2596,20,1734,0,https://magiceden.io/item-details/6nnhvpBFu3cdaUrM2bFgfCqP4YWE6vhiTgMSLGttbkDY,Aquamarine,Leather Punk Jacket,None,Sunglasses,White,Short Mohawk,Cigarette
2597,21,3315,0,https://magiceden.io/item-details/6QTWwV2w84AaimLvDdTaUS6atG6BYDfaQ9CxxjqdRETr,Dark Blue,Bones Necklace,None,Neon Party,Tan,None,Ooo
2601,50,301,0,https://magiceden.io/item-details/5dAhVpbHZtwf63aSQxgNSfysQSHzTeBNDewJDim9R791,Aquamarine,Army Jacket,Silver Stud,3D,Prism,Short Mohawk,Pout
2629,30,4285,0,https://magiceden.io/item-details/7xdgNZGfkXfCkDh1yoNGsJJL57tDAwMcL4qoP4PyTMPY,Purple,Hawaiian,None,Robot,Dark Brown,Halo,Bored
2630,28,3641,0,https://magiceden.io/item-details/BNKcnojRRztt1tEWDBmNxq5JimfYFVATXi86pYATChQX,Dark Blue,Lab Coat,None,Closed,Cream,None,Grin
2642,14.9,1635,50.7,https://magiceden.io/item-details/F2Hmgu2btHnDoWVVwgWic2YwKE4dnKsTbTZg8c5Svm4T,Dark Blue,Tuxedo T,None,Wide Eyed,Golden Brown,Halo,Wah
2650,20,3334,0,https://magiceden.io/item-details/EZaqkMKBiVyX5PtotwQSSV2tXKz5KnttufGQmyc5PzLt,Mustard,Logo Black T,None,Blindfold,Tan,Sushi Chef Headband,Bored
2651,11.85,2816,71.74,https://magiceden.io/item-details/J9a5qqpygdYc2w7pJWR8r4rLQhKRNRzUQGFzAYj6ndqS,Aquamarine,Black T,None,Hypnotized,Cream,None,Kek
2661,22,2100,0,https://magiceden.io/item-details/72mcyTBdX4DdEt7YeNWpMo6qt1avbkHAzxhH53BGY2nX,Aquamarine,Biker Vest,None,Roll,Gray,Seaman Hat,Jovial
2663,25,2056,0,https://magiceden.io/item-details/6LXcPvEehnseSDUge9QrRB6i9LgJKv5KBbBH6D1DkovM,Aquamarine,Bone Tee,None,3D,Camo,Prussian Helmet,Bored
2667,31.79,265,0,https://magiceden.io/item-details/4XEExgQ7MCnmgxVXYbHWrv75VZrvdMZRZhMZUNTZ4Sdu,Mustard,Caveman Pelt,Gold Hoop,x_x,Cream,Fez,Rage
2675,19.5,4537,0,https://magiceden.io/item-details/urmtJqRNqRPqYYjuNH8VN6NW27aQ7eumBRTKWFsSZiC,Purple,None,None,Closed,Death Bot,Beanie,Bored
2690,85,3055,0,https://magiceden.io/item-details/CEfUsFBahyjDGL88cp9YoPm9MZpvHXhMr6PFtfgVuH4Y,Dark Blue,King's Robe,Silver Stud,3D,Golden Brown,None,Bored
2694,15.9,3359,26.89,https://magiceden.io/item-details/FNBd6dvc2nBiLdoZXpdRZbXRh9z4jPdu777jtoHwjn4y,Dark Blue,Bandolier,None,Sunglasses,Tan,Army Hat,Bored
2702,28,2753,0,https://magiceden.io/item-details/AqLrGZLJoNAkSxQCfAMCM4MbsvzFsuHtRLPWGnJK4GoD,Mustard,Tuxedo T,Silver Hoop,Wide Eyed,Golden Brown,Halo,Bored
2711,24.5,1710,0,https://magiceden.io/item-details/GEBmHR1K9oL2RHVKoX1uq9Px1npU2NMJDYqA5v7MXuHU,Mustard,Hawaiian,None,Eyepatch,Golden Brown,Irish Boho,Small Grin
2729,13.5,4230,43.91,https://magiceden.io/item-details/DeuFeGuiA388mSpSW1bxtP73j64bkLNwC96KazPfdrjL,Mustard,Striped T,Gold Hoop,Crazy,Dark Brown,None,Bored
2733,30,2260,0,https://magiceden.io/item-details/PpabEAryyBMT6GXGxnmF157BRaLyEzzES2LX9QqZuZP,Aquamarine,Black T Holes,None,Awww,Blue,None,Bubble Gum
2739,30,3893,0,https://magiceden.io/item-details/BqPALPaQPgrEtAgSs16ogJpGsr828gWCkX9YCkJBzda3,Aquamarine,Flannel Shirt,None,Neon Party,Cheetah,Fez,Bored
2746,15,4043,30.41,https://magiceden.io/item-details/8rnDfjmuuW8id52Y6evGx36HEhGmvLpqeXLcym8pGusX,Yellow,Puffy Vest,None,Angry,Dark Brown,Ushanka,Bored
2752,17.5,4841,0,https://magiceden.io/item-details/D5FyHETRwnFDydRdA1K1JpUmR4ksyum6VmEpfdZaYz1W,Mustard,King's Robe,None,Bored,Black,None,Bored
2754,100,145,0,https://magiceden.io/item-details/2dd6hga65kMExwWmUjx1USbcoTXQ3VmSU3imFxuTWJus,Dark Blue,Flannel Shirt,Gold Stud,Eyepatch,Black,Black Hat,Blue Grill
2757,17,4204,9.12,https://magiceden.io/item-details/HAfTSPezfT712nnCdsAxJnZ1E1huHwHYv16jfHZ919rN,Purple,Toga,None,Bored,Cheetah,Irish Boho,Bored
2776,149,93,0,https://magiceden.io/item-details/AGg9FHs5KrNGdPNrbdWEJzAuaRNGECsA5JS8MRF6xZXJ,Gray,Work Vest,None,Hypnotized,Robot,Baby's Bonnet,Dagger
2801,38,1066,0,https://magiceden.io/item-details/4oR2z2iTYc7zJ3hPwp1w6GnQaMxREkfoEVqTMPTNUFp2,Purple,Black Suit,None,Wide Eyed,Red,Ushanka,Dumbfounded
2812,20,2415,0,https://magiceden.io/item-details/HZK8aCdVBwFCHYbvA6n6ifHHPFd2xc1BpKtZmtR9Moha,Purple,Logo Black T,Silver Hoop,Robot,Golden Brown,Bowler,Bored
2821,40,203,0,https://magiceden.io/item-details/6K4MCTG7wM4XH7C6wH1Sx6XPsVCv4JLd4fpoyyE3FTmW,Mustard,Tuxedo T,Gold Hoop,<3<3,Prism,Police Motorcycle Helmet,Bored
2825,100,169,0,https://magiceden.io/item-details/7ePhM9zu9FGfR9s2vLebNHK7UhvJEF1yKhbPQwJTW1XE,Dark Blue,Sailor Shirt,Silver Stud,Blindfold,Noise,Seal,Grin
2826,25,206,0,https://magiceden.io/item-details/Eg3ah26Kp3MgGFV6AArVHmH6LugykUGcPdRFbihqGnz3,Baby Blue,Flannel Shirt,Silver Hoop,Heart Glasses,Robot,Devil Horns,Smile
2844,38.95,333,0,https://magiceden.io/item-details/2uCYhCB7F9KAzvwq2SZgYTijrrsubZV7B4enKJFz3wq2,Aquamarine,Tank Top,None,Roll,Gray,Yellow Party Hat,Blowpipe
2846,24,1189,0,https://magiceden.io/item-details/FQ4xVBHsDFgUQ9RYttadWxYN2VGuv7xNKcwPLta85dB2,Orange,Striped T,None,Angry,Pink,Girl's Hair Short,Kek
2869,13,2672,61.39,https://magiceden.io/item-details/2Vnv3uiPZYoJWTdpQYrkuT17LkfNCWpVXY3xLdVT4WYE,Dark Blue,None,Silver Stud,Bored,Pink,Fez,Small Grin
2880,14,3549,44.37,https://magiceden.io/item-details/7bAjht7QVrs2XC5s3bfdXQuchX5Y3VbRTLpughNZRf2c,Purple,None,None,Sleepy,Gray,Bunny Ears,Smug
2884,20,3401,0,https://magiceden.io/item-details/6bVFkkF3Ta6TT711MGhYNU5LWamAfzQSeGJQ9UjsUb1W,Mustard,Rainbow Suspenders,None,Roll,Pink,None,Smug
2903,13,4671,45.38,https://magiceden.io/item-details/DV1FqfF4SBDGz1BggnUM2z7GB5dnZdRBuXmsUTePy3cA,Baby Blue,None,None,3D,Blue,Army Hat,Bored
2906,50,43,0,https://magiceden.io/item-details/BmddptAa2ekwb3s7YqZ6me8sZXuK2F9QLdfFhekUxeFn,Aquamarine,Puffy Vest,Silver Hoop,Awww,Camo,Seal,Candy Cane
2907,40,637,0,https://magiceden.io/item-details/y2CTWhmsWZu7aKAqtXq5aMtfx47LLd5qYKnX5zg3kDF,Baby Blue,Sleevesless T,None,Eyepatch,Silver,Black Hat,Pout
2919,45,4425,0,https://magiceden.io/item-details/FbFEW43YVq4txCa7q4a94QzT2WHg4mJLuRAa9YyFtGTo,Aquamarine,Space Suit,None,3D,Red,None,Bored
2921,69.69,1612,0,https://magiceden.io/item-details/28NgdPhPcjGCoUwYn4mtpS9gHTjNmqC5hzDzEhGqxPnQ,Dark Blue,Smoking Jacket,None,Wide Eyed,Cream,Halo,Smile
2924,199,3550,0,https://magiceden.io/item-details/G89N4QDboCgHExbFyBA6G8fk1RGvDKeREhy2XJ26xTNe,Orange,Red T,Gold Hoop,Wide Eyed,Black,None,Bored
2927,40,1457,0,https://magiceden.io/item-details/42QxsN3g2GEud7D73J51emmmJdGXFkgaSinhZSYufQqJ,Mustard,Tie Dye,None,Bored,Dark Brown,Bowler,Toast
2930,99,308,0,https://magiceden.io/item-details/6oitZLc29yQD3j6YVJfW622AzHN1kLoj3gwi8veLswPr,Orange,Flannel Shirt,Silver Hoop,Sunglasses,Golden Brown,Halo,Grin Gold Grill
2931,17.5,1591,25.05,https://magiceden.io/item-details/2p8pSQrupb2nyojuxjY3gdAh6K5tisSxA1TYf5fKTP4Y,Dark Blue,Bone Tee,None,Angry,Dark Brown,Stuntman Helmet,Ooo
2937,12,3997,60.78,https://magiceden.io/item-details/3w1scbNaVJYoYViGBVmHkvwKyUSWh9dC22YXtfFUitHZ,Mustard,None,None,Crazy,Dark Brown,Bowler,Dumbfounded
2940,72,799,0,https://magiceden.io/item-details/9LVN6RpSznHidBiwHRasiXZe22NTcRMWewTsfAMjwraZ,Purple,Black T,Gold Hoop,Sleepy,Prism,Irish Boho,Bored
2955,22,1281,0,https://magiceden.io/item-details/Bu55zg3FJx5TrNAsfDcvFAZZA4oJi3NdyVA1x2zmDc48,Aquamarine,Striped T,None,Zombie,Cream,Fisherman Hat,Party Horn
2971,15,3233,36.9,https://magiceden.io/item-details/4AauuSnnWB4hJ3x1bshmzJSS27YVARsfQNfcdsyrVAF8,Aquamarine,None,None,Wide Eyed,Black,Prussian Helmet,Rage
3021,25,4478,0,https://magiceden.io/item-details/8ebLjVoBZHVtmqH4y7NutTjencJCPVihtws53jDhdA1U,Mustard,None,None,Holographic,Black,Bunny Ears,Bored
3027,15,3707,33.1,https://magiceden.io/item-details/5vLeci6LggDkATzL9kNkPckBkzH7QhSj1kuy1YQiMSBV,Purple,Biker Vest,None,Closed,Zombie,Fez,Bored
3036,30,4160,0,https://magiceden.io/item-details/BAyHhZz9JaanjfQUpB6fcZsXAKYMxbfzVp7ZLtaPHcPz,Baby Blue,None,Silver Hoop,Robot,Dark Brown,Cowboy Hat,Bored
3043,50,2234,0,https://magiceden.io/item-details/Af9dXSnWxZwaYtEgG6Kp38iUmGogRzY3kgpFj8cnrUvi,Gray,Bone Tee,Silver Hoop,Neon Party,Cheetah,Fisherman Hat,Bored
3044,210,780,0,https://magiceden.io/item-details/7qwhB6udzhfxfYLWP7kCdfMoF2FwQDaKEf1SfoviD6sP,Purple,Puffy Vest,None,Awww,Trippy,Halo,Dumbfounded
3047,11.3,2999,75.77,https://magiceden.io/item-details/DJVjAPpFAL8u8opwLHFedA5wu8re9SfY3J34mkD28Sgx,Orange,Guayabera,None,Wide Eyed,White,Cat,Bored
3068,25,4263,0,https://magiceden.io/item-details/EkwMDojkEUoEeZGeiPGNdXqkTRzsNfddMp8F5WWm2v1j,Purple,Rainbow Suspenders,None,Closed,Dark Brown,Beanie,Bored
3072,23.5,2060,0,https://magiceden.io/item-details/GsVGznD5E5HbLYEC3qYxsyboyMi63S984Qv1Bp7K45MM,Gray,Sleevesless T,Silver Hoop,Bored,Pink,None,Cookie
3078,35,2400,0,https://magiceden.io/item-details/H21J3AXeAiSgGyL4Hgh5N1QJBqXhXtBtABjo3JsqqhWE,Baby Blue,Black T,None,Bored,Dark Brown,Baby's Bonnet,Grin Gold Grill
3079,501,1271,0,https://magiceden.io/item-details/EToCkkH2qkziRNR4MWwKjVZGVrz4ia7cVgvXFjVvLj5A,Baby Blue,Hawaiian,None,x_x,DMT,Spinner Hat,Grin
3089,22,4389,0,https://magiceden.io/item-details/8fD47m7ZdvSeZhr3TWy3vodWC4ox5uuN56x3NkuNDcKh,Orange,None,None,Awww,Pink,Cat,Bored
3091,20,4125,0,https://magiceden.io/item-details/7zsKWgd2GEJKWZQHJQdDczZTE2VB9iMocRBtm9wcrNDW,Orange,Puffy Vest,None,Steampunk,Gray,None,Bored
3098,55,158,0,https://magiceden.io/item-details/DB92bZVyMab7jTXCGeZhp2pfbQEAMdDPu957wAeceUMV,Gray,Tweed Suit,Silver Hoop,Eyepatch,Prism,Cowboy Hat,Grin
3109,16,4625,15.75,https://magiceden.io/item-details/3FAx6Tcm6Nbe1aTacUvCug3nfXvoUwKL1jAX3T6CJWF8,Baby Blue,None,None,Sunglasses,Cream,None,Smug
3117,35,3652,0,https://magiceden.io/item-details/7Gcp5ckToSymnxx7STQtkuAfymTPKzoaFvZZKaPYPeQm,Dark Blue,None,None,Sunglasses,Tan,Devil Horns,Cigarette
3124,16.5,3924,16.36,https://magiceden.io/item-details/AfnZ2STUjuFbmjnSLBCgFiMS61WKKXX4Mr1YzmaoUP8T,Gray,Sleevesless T,None,Awww,Pink,None,Cigarette
3134,14,4395,37.59,https://magiceden.io/item-details/Hv3fgPEedYfpd5TwVxynCAgKgYU1va9oV4PqXN3dJEBp,Orange,Striped T,None,Crazy,Black,Sea Captain Hat,Bored
3138,40,596,0,https://magiceden.io/item-details/AQeYt6SBQBBSeKDizzaWJ8FKhvYfs84rjvusHb4brvLB,Orange,Bones Necklace,None,x_x,Silver,Fisherman Hat,Dumbfounded
3142,16,798,46.41,https://magiceden.io/item-details/DwqWtHcZSieCZjZW56CAKRNgV8KpYJLLc3o2YVXaHqXb,Yellow,Sailor Shirt,Silver Stud,Crazy,Tan,Seal,Smug
3145,29.69,1320,0,https://magiceden.io/item-details/C7mS9aoyQ38giKt1Ur7xLzoYXtwHxYLDA72R7JKYBGhY,Orange,Smoking Jacket,None,Bloodshot,Golden Brown,Girl's Hair Pink,Rage
3146,22,4519,0,https://magiceden.io/item-details/4RYuv7ygoDzFVDcUL4YLzMDGgnpcUoANFc7UaJeP6mVs,Purple,None,None,Sad,Robot,Halo,Bored
3160,149.09,543,0,https://magiceden.io/item-details/BbzBtSmaF3LmPmnc5urx65P5JHZ4GFy48o43P5m1TfCC,Mustard,None,Gold Hoop,Hypnotized,Pink,Beanie,Cigar
3181,30,4786,0,https://magiceden.io/item-details/3nXAdijmHnBbqCYUTG4NXPvauPk8v9XjYZxKsm9PMFq4,Aquamarine,None,None,3D,Tan,None,Smug
3186,30,4908,0,https://magiceden.io/item-details/6G3PtsgifgjzvSKVxBCSvwHK9mg8NUbeNK2ANQdSYYBw,Yellow,None,None,Bored,Cream,None,Dumbfounded
3196,36.69,3922,0,https://magiceden.io/item-details/6Y8H7MQ1DAJqZ26Quq66t7wbxrgcUxUxyoo1eh8chTTY,Aquamarine,None,Silver Hoop,x_x,Black,None,Dumbfounded
3212,666,3075,0,https://magiceden.io/item-details/8NhRWGtrY8JFFRrxJCFuA6FETssxd8qM66a59evC7PYd,Purple,Black Suit,None,Sunglasses,Dark Brown,Devil Horns,Bored
3220,18.6,1083,18.12,https://magiceden.io/item-details/8rrjfDBKDdf2c2Sru1wNTUvsaqLgmBQziGggmCbUgiBz,Orange,Puffy Vest,None,Sad,Tan,Stuntman Helmet,Discomfort
3225,45,844,0,https://magiceden.io/item-details/6dsgRR5mwNY55ktKX8PC2dUuRFxg33qQuPpJLF6LiKNH,Aquamarine,Tuxedo T,None,Sleepy,Zombie,Beanie,Dagger
3228,35,3633,0,https://magiceden.io/item-details/F1tavtYfK9DfYpgsRsimB5SX5oNJF5b8ZWSkoPuG1zJm,Dark Blue,Puffy Vest,None,Roll,White,None,Cigarette
3230,16.5,1426,36.38,https://magiceden.io/item-details/BdYkpJVvefgDgyP5ymegm8W9HKBuufiae8D1zetBqrPr,Baby Blue,Lab Coat,Cross,Bored,Cream,Camo Helmet,Bored
3231,20,2496,0,https://magiceden.io/item-details/C1iYtLTpF7DWNdLNwMkgDsfJpwN2FTmjpZBV8PoJTrgL,Dark Blue,Biker Vest,Silver Hoop,Neon Party,Pink,Halo,Bored
3234,12.5,3792,57.42,https://magiceden.io/item-details/2syrpJ9Ur2EgiXySVsqaiTGMUEiUucZxD3WWuhpgTxca,Yellow,None,Gold Hoop,Bored,Red,Spinner Hat,Bored
3240,20,3312,0,https://magiceden.io/item-details/F9T2VNSQoQphhWK4EyyoYCcQ8atxn55CFnK59w8mdX5T,Orange,Black T,Silver Hoop,Sad,Black,Cowboy Hat,Bored
3246,50,748,0,https://magiceden.io/item-details/3wzzSFU9XVY6T9eWkjQ54zQ8JC6MeFz3uAFLbzQkFzSZ,Yellow,Lab Coat,None,Eyepatch,Cream,Irish Boho,Tongue Out
3249,20,1482,0.93,https://magiceden.io/item-details/Av7DNpTgtYPwqsCVXjtbHrgkaP44QckaRp6YXzFW9Mvq,Orange,Striped T,None,x_x,Dark Brown,Irish Boho,Candy Cane
3255,50,2237,0,https://magiceden.io/item-details/4ksmJtKTMwhNRB5TZYfFGjqnpKsQZLLnjbuZaJ2iDzMu,Gray,Guayabera,None,Hypnotized,Golden Brown,Cowboy Hat,Cigarette
3266,24,2349,0,https://magiceden.io/item-details/BRXsT8821o6b9NzqGvHCesPxS4f7uaKdPJH7vkLo2nSx,Orange,Bones Necklace,None,Holographic,Dark Brown,None,Pipe
3273,75,2787,0,https://magiceden.io/item-details/rtrC1kaoX197rneD3MYQ3ztHFz7TfDg2sNKWi9BZxbt,Baby Blue,Puffy Vest,None,Roll,Zombie,Prussian Helmet,Bored
3302,21,2479,0,https://magiceden.io/item-details/BzL1RitBn7MqREUCf52pksg4WdKx1HVF42FUr5nqYZZH,Yellow,Black T,None,Roll,Golden Brown,Bandana,Cigarette
3336,17.77,1238,25.18,https://magiceden.io/item-details/C91kVGs3rEhddiZe4oPkoJ44JyCEwAzndyQXUMy1yUfg,Gray,White Bib,Gold Hoop,Closed,Death Bot,None,Grin
3337,31,350,0,https://magiceden.io/item-details/FJHr6rZzqpgPURRXqrSYArBw8fF4TyMtTEb3rHNf2Jo1,Gray,Wool Turtleneck,Gold Hoop,Heart Glasses,DMT,None,Kazoo
3350,25,1513,0,https://magiceden.io/item-details/728Q84YBrmhoeaBWvTsmg4vVRMHwjEfDQxzrHZwHLbhv,Baby Blue,Flannel Shirt,Gold Stud,Robot,Black,Police Motorcycle Helmet,Bored
3353,70,2600,0,https://magiceden.io/item-details/7bHMJSUVwZfvLNc4RscdTDe8C3Myis6GLXpvPFRL2dD7,Baby Blue,Tuxedo T,None,Blue Beams,Black,Irish Boho,Bored
3355,128,74,0,https://magiceden.io/item-details/HxvapX8NAz8NPHwrStngGca19H9fuKkpnhkeGyrWhEQT,Yellow,Smoking Jacket,Gold Stud,Crazy,Prism,Cat,Grin
3357,28,4678,0,https://magiceden.io/item-details/6hsNCeH5EDFL9Pz9Ppad98gnTgpVSRErodpNoUm7gKZs,Yellow,Rainbow Suspenders,None,Zombie,Black,None,Bored
3358,31.18,2836,0,https://magiceden.io/item-details/DUBhZgt5mZK4dQ3kUzgJsxYHopnp4TYFvKabMEx1FAjS,Yellow,Red T,None,3D,Cheetah,Prussian Helmet,Bored
3359,12,3598,63.98,https://magiceden.io/item-details/6swaTqxckLcA6PAikd3EnbSToq7YjZm98MSdqwzpykM8,Gray,None,None,Sad,Black,Black Hat,Rage
3371,18.5,4474,0,https://magiceden.io/item-details/CuJkvT6yUt3vt5TiPuR1hU8yZ9Rhp8LVyE9boxUkLj1T,Purple,None,Silver Stud,Bored,Cheetah,Seaman Hat,Bored
3382,30,846,0,https://magiceden.io/item-details/9tkUbgKoVgh7Urv8CjLn4qJV8wjKVgWi4mxtfCYptDys,Baby Blue,Logo Black T,Gold Hoop,Holographic,White,Cat,Bored
3387,18,2008,16.71,https://magiceden.io/item-details/36r4B2zcLKbXmqSsdUJzjNeKCR8tPVHs5rEbziCrnrXZ,Dark Blue,Red T,None,Neon Party,Cream,Halo,Pacifier
3391,19.99,3836,0,https://magiceden.io/item-details/CiZBG7NpW1gRUomeih7ApgfLgUct4bqpowspspGUUfLM,Gray,Logo Black T,None,x_x,Pink,Cowboy Hat,Bored
3397,17,4549,6.36,https://magiceden.io/item-details/DxeVbCTaW3rLcv1j9eEKM2UVF9b4M2pQASV5W2Rm589s,Baby Blue,None,None,Sunglasses,Gray,Halo,Bored
3406,13.5,4409,42.48,https://magiceden.io/item-details/5JKyNLDmhbd3m7tHgxc3zV5giBSRFuiJG5VuxVp9LSt8,Aquamarine,Blue Bib,None,Sad,Dark Brown,Seaman Hat,Bored
3409,100,1250,0,https://magiceden.io/item-details/5GbDMrUomvbBNV7egvE3TSmRs82su3AHQBnru7WQHiGi,Dark Blue,Striped T,None,Neon Party,Gray,King's Crown,Pacifier
3427,24,4918,0,https://magiceden.io/item-details/5bzyqAWnAPzUxJHLwbytWagSJEkeFHqQSuMRq8kUZyjA,Aquamarine,None,None,Bored,Pink,Short Mohawk,Bored
3429,100,1363,0,https://magiceden.io/item-details/CWVvVQUtxAwAhysNWigi1WxPsycvPc3Y9AWJ67X4s4pE,Orange,Hawaiian,Silver Hoop,Sunglasses,DMT,None,Pacifier
3435,20,4565,0,https://magiceden.io/item-details/EuAjnYSC91qEXxk5TM2XY7SVh9M2fwRanbGUiqHfeS8P,Baby Blue,None,None,Bored,DMT,Police Motorcycle Helmet,Bored
3437,30,4887,0,https://magiceden.io/item-details/APgRzHMPsYEiXuwxCa6U1bFR9BsF29sHtpGNxh3yPnft,Mustard,None,None,Scumbag,Pink,None,Bored
3451,15.5,2805,35.33,https://magiceden.io/item-details/6P3XJAiHoGBe52swmvz9Sz61sLfZjB3p57dpgztW8w2y,Orange,Blue Bib,None,Sleepy,Camo,Seaman Hat,Bored
3457,40.04,4090,0,https://magiceden.io/item-details/8nviSDYsiKx5xtQiT7ArPPD4i6v4y4qRzAuSKLeutHXR,Aquamarine,Flannel Shirt,None,Awww,Tan,Cowboy Hat,Bored
3466,99,61,0,https://magiceden.io/item-details/DrVv2d4FV7HvUNvQpiXkWz1H8yvNfZ9SZfoLG2C8YEm6,Gray,Hawaiian,Gold Hoop,Neon Party,White,Yellow Party Hat,Rainbow Grill
3469,45,3379,0,https://magiceden.io/item-details/G9s5ZosN7sEGGRAKemA3BCM2B8TBDsYix3KQka3ostQi,Orange,Tank Top,None,Closed,Tan,Bandana,Bored
3473,20,4838,0,https://magiceden.io/item-details/Hy1LWoYkQW3MMA8Y1tRXbqkLJGYcpPxShDaKRUHroPg3,Mustard,None,None,Bored,Death Bot,Seaman Hat,Bored
3490,51.51,554,0,https://magiceden.io/item-details/6nsEXgM68mUsLRT7XDZeHzDeh1fk4DsBVxQYXJsmw1AB,Purple,Hip Hop,None,Sad,Dark Brown,Girl's Hair Short,Dagger
3492,16.5,1922,32.4,https://magiceden.io/item-details/A8H1hsGWdUzQqoAbqgn7xtFrL9jmStDSmVsGx8spygg,Yellow,None,None,3D,Death Bot,Girl's Hair Short,Ohhh
3508,17,2261,24.69,https://magiceden.io/item-details/FZmZc3dtJu6wBkeupp9gjWYPabsdoLkngNxNX7edrfW6,Purple,Stunt Jacket,None,Heart Glasses,Dark Brown,Sushi Chef Headband,Pout
3516,35,3446,0,https://magiceden.io/item-details/7g8G62cKrooePJkHkAAer1yMXsJjwQXZiXWeyK1nCmp1,Baby Blue,Black T,None,Roll,Death Bot,Fez,Bored
3527,30,2460,0,https://magiceden.io/item-details/GFiLC5eX2Wf4T3dPgikHdSozzu8H3y21uMXhExbxhqVA,Yellow,Biker Vest,None,Angry,Prism,Short Mohawk,Bored
3532,18,3878,1.73,https://magiceden.io/item-details/5twsrWKnMx6tAvVVN2Zx9V44nHSuef3BZA47rb7riYki,Aquamarine,Striped T,None,Eyepatch,Black,Prussian Helmet,Bored
3541,74,3240,0,https://magiceden.io/item-details/DXzzFqUe7PL1tz74Kk1qjGHh3cwcf2NPYqJFy11PbtR2,Orange,None,None,<3<3,Silver,Seaman Hat,Bored
3549,29.09,3403,0,https://magiceden.io/item-details/7RFtZ6Wa6yVzDish1ydW4TnxB9JEi5Y46Z32p4Gy37V8,Aquamarine,Tank Top,None,Heart Glasses,Robot,Fez,Bored
3551,20,4182,0,https://magiceden.io/item-details/8C2wSS6z5KajkdD9aUPwbz6NEsVK8MDYUYvtpWdDaEsr,Baby Blue,Work Vest,None,Neon Party,Dark Brown,Short Mohawk,Bored
3568,19,1973,6.99,https://magiceden.io/item-details/Hnr4j3oc6QDUqPVgNfvoxDouaJLcEQwF6rRTwnSUmMsi,Baby Blue,None,Silver Hoop,Neon Party,Tan,Short Mohawk,Small Grin
3576,28,2795,0,https://magiceden.io/item-details/BFFWmLrzRZZGRJC2oyPAMRuaKjr6ieoS7F4BMMTMZymh,Yellow,Sailor Shirt,None,Sleepy,Black,Panda,Smug
3578,11.89,4871,54.88,https://magiceden.io/item-details/4aeVe1XoyTAVUFxmpdBZCkvAVgMKMPDGtzZMp6YuRaSm,Dark Blue,Striped T,None,x_x,Black,None,Bored
3595,16.32,2864,26.66,https://magiceden.io/item-details/4oj2UkPACW4txtPzrswGSe3qqdxhPG5rs5B8tiRgiDPk,Orange,Leather Jacket,None,Wide Eyed,White,Police Motorcycle Helmet,Bored
3601,15,1289,52.47,https://magiceden.io/item-details/H8hLvmVgYaYo1dTa87ya9SNbvUwYHoSS3ss47bSrB8vd,Mustard,Fast Food Uniform,Silver Stud,Wide Eyed,White,None,Pacifier
3612,30,4941,0,https://magiceden.io/item-details/AvKtR2FNWKv5pT3v7N7M3RcTi3VJhhg73fvP2zTYDiW7,Aquamarine,None,None,Wide Eyed,White,None,Bored
3618,65,3462,0,https://magiceden.io/item-details/6QBrcyTQ7YRueZa5qBUvaQteZpchZJAwcDGJHb4ZKZNC,Gray,None,None,Cyborg,Cheetah,WW2 Pilot Helmet,Bored
3629,15.99,1909,37.61,https://magiceden.io/item-details/CusgsuV9zmda1f7dFPnN3jPaBFq2pkedPV3gFdkeqQrS,Aquamarine,Bone Tee,None,Eyepatch,Cream,Bowler,Smug
3633,100,2935,0,https://magiceden.io/item-details/GhpmTAsZQnEYNp42itm2r1xoqi5hjS4dv23TANnK1Dx,Purple,Tuxedo T,None,Eyepatch,Cheetah,None,Jovial
3641,19.99,2052,0,https://magiceden.io/item-details/6QcQtH7W3V5RheVFGzJCeEe1wpaD3LLUpQYU9A9vzeWZ,Mustard,Striped T,None,x_x,Camo,Prussian Helmet,Bored
3645,25,4044,0,https://magiceden.io/item-details/FPquf2LxfQ5UcHiXbkLm4HB9yQFFZj6BZzMSAuTX2ezW,Baby Blue,None,Gold Hoop,Bored,Golden Brown,Cat,Bored
3646,16,1617,39.85,https://magiceden.io/item-details/9pETS8MbdWrAYGHX54n7kY9QScMboGdNEFwsMURTMnUY,Purple,Biker Vest,None,Holographic,Blue,Irish Boho,Cigarette
3649,17,1736,28.89,https://magiceden.io/item-details/CtbbrP1fdLo7fS3e3HsryJd8YMCZdDP6w7jum2ZZCL2Z,Yellow,None,Gold Stud,Neon Party,Gray,Sea Captain Hat,Grin
3660,18,2109,15.9,https://magiceden.io/item-details/C1E6bzbHW9gVtbnUfFbZeBBYLGdUnxjpU2FQUnZSBWms,Yellow,c1,None,Sunglasses,Dark Brown,Seaman Hat,Grin
3673,20,1220,3.03,https://magiceden.io/item-details/Hw75dbdZNFWfuhJ3SKKNYZN5tzLTeKQaB3qbqsgfw7UQ,Dark Blue,Red T,Silver Hoop,Neon Party,Zombie,None,Jovial
3676,20.2,2013,0,https://magiceden.io/item-details/HPSkQz4tfFPi899dwcQYKcSj63A2E76EWCpKrYw4ZUmH,Mustard,Bones Necklace,None,Crazy,Black,Bowler,Small Grin
3691,21,2245,0,https://magiceden.io/item-details/5Zxftaeht2Xho8YxKfr1gHGgqKxS8DVcJCZyV25XpEMy,Baby Blue,Tank Top,None,Crazy,Tan,Bunny Ears,Grin
3692,200,2782,0,https://magiceden.io/item-details/3yF3reqHq4nEg7xsjgk8sqcVdNWLMkVx8mvayuBgL8uj,Orange,Striped T,None,Sad,Cheetah,None,Cigar
3701,14.8,2423,45.39,https://magiceden.io/item-details/H7LpnAF9HrRfJXVbBw79gMBSkvUDfWp86evfa7TNNRKc,Mustard,Bandolier,None,Blindfold,White,Panda,Bored
3707,15.5,1713,44.08,https://magiceden.io/item-details/F5oh4GbGDusRXGXHCS9DYTBxVNWtWPJSehc7hs1JFPJS,Purple,Stunt Jacket,None,Blindfold,Golden Brown,Pengu,Cigarette
3714,71,2506,0,https://magiceden.io/item-details/FaXzaVRAY9JYkkw5E7vZ4HbENuUzP2jsDLLNLcE5TUwo,Yellow,Tie Dye,None,Sunglasses,White,Baby's Bonnet,Bored
3724,24.7,875,0,https://magiceden.io/item-details/DCPCM9QBkRpsxGHU8aTfKf85WcfqbMqcWCrCv41tjDGP,Gray,Toga,None,Blindfold,Cream,Girl's Hair Short,Rage
3725,18,3603,3.94,https://magiceden.io/item-details/BrWgs769E6NUwfSXEmb1RbC9JuEtnxnTpyqkhpLpZ1Si,Orange,Toga,None,Sad,Red,None,Cigarette
3728,19.99,1165,3.57,https://magiceden.io/item-details/3Dekh2Nnkm74su532fZjKDnvEXw5rVNzFLFaGW5adpau,Aquamarine,Logo Black T,None,x_x,Death Bot,Spinner Hat,Dumbfounded
3734,45,279,0,https://magiceden.io/item-details/FBnABGJ4ADhEAv5Kfis5Ncq1f9LzHaBgWQKK44CZE3C7,Aquamarine,Work Vest,None,Heart Glasses,Silver,Beanie,Party Horn
3745,30,1199,0,https://magiceden.io/item-details/GSsBUunKk38ceHNvUTuF5JxBKXu8jCmXZsy9ARdjVeaZ,Mustard,Tuxedo T,None,Zombie,Dark Brown,Blue Party Hat,Smile
3766,21.99,575,0,https://magiceden.io/item-details/GPENvdAg1171h8X8j96nFpsjQ9Y9UK7HuCChwy3L4FoB,Orange,Sailor Shirt,Gold Stud,Bloodshot,Cream,Devil Horns,Dumbfounded
3768,16,502,48.78,https://magiceden.io/item-details/3z4eCYHGV6xutnRtEfkiz1WVnNQcArhxo5TeyPivjwd7,Orange,White Bib,Silver Hoop,Sunglasses,Golden Brown,Camo Helmet,Small Grin
3771,24,4546,0,https://magiceden.io/item-details/4sXmgZjoRpAFTNB6Q5wwpSWbVLK5hRmxzDkaW3dLZoqb,Gray,Logo Black T,None,Bored,White,Cowboy Hat,Bored
3777,30,3449,0,https://magiceden.io/item-details/Ca9Y5LQwGULnCAQBvkRCohnhfDQJayyNUTUAgteDNwx1,Baby Blue,None,Silver Stud,Awww,Blue,Irish Boho,Bored
3781,20,2119,0,https://magiceden.io/item-details/D4gVXZiQgyWHrUi9N4bTpotKAEG2ujJ3ccM5iNeLdrW4,Dark Blue,Caveman Pelt,None,Zombie,Red,Beanie,Pout
3785,35,318,0,https://magiceden.io/item-details/A38twaYRnwQbfWqoxTx9Wk5GXxLMMxfwYMB8sSgauvMP,Orange,Tank Top,Silver Stud,Heart Glasses,Gray,Camo Helmet,Ohhh
3797,288,1666,0,https://magiceden.io/item-details/7BzSY64EyTmWqw3hvU7nwGVewbz6ygrh5wAP6pbwNT79,Purple,Guayabera,None,Roll,White,Seal,Cigarette
3800,26.9,2380,0,https://magiceden.io/item-details/52gT6XMu84SdNuuMHU1PeJq8Zrx9e7G3WvdCYhyNQ7NJ,Dark Blue,Bandolier,None,Sunglasses,Noise,None,Grin
3803,21,1241,0,https://magiceden.io/item-details/CVQJmJKxECmbgrNCNq6uXCHvvMhdbkLvLJwHxtZWxX7s,Gray,Logo Black T,None,Heart Glasses,Red,Fez,Cookie
3809,30,2860,0,https://magiceden.io/item-details/AZ69a3AS4tAYMfJTHk5TVzSSWnSB8XhNeCCD14uGjobx,Purple,Logo Black T,None,Sleepy,Red,Cowboy Hat,Grin
3824,20,1778,0,https://magiceden.io/item-details/ECrk1jDz4Lx72BQjnVcUJ8hcj4Y63cMz5hjw3yrCdsoo,Mustard,Prom Dress,None,Bored,Tan,Beanie,Cigar
3826,35,3346,0,https://magiceden.io/item-details/ChLwqRr1vUdH4han2BL7mWFk8ixVGyf4tQUNFrENgpu7,Mustard,Pimp Coat,None,Closed,Golden Brown,None,Grin
3838,25,429,0,https://magiceden.io/item-details/Fh7i6cCugNdBvxzvpr1K2ANMdQjAuW26ax4sTApVz23X,Gray,White Bib,Silver Hoop,Sunglasses,Cream,Irish Boho,Rage
3858,88,2059,0,https://magiceden.io/item-details/5X7EFgFvLg4GSbsFFX5NZVWPRWNGJrKE56WG2FKWiKbp,Aquamarine,Guayabera,None,Laser Eyes,Dark Brown,None,Discomfort
3860,17,4576,6.14,https://magiceden.io/item-details/BRnok7s1QkJSbcYgmJe3c6R1Lg3kwNDwveEJZZWwqmZr,Mustard,Army Jacket,None,Sad,White,None,Bored
3865,20,4468,0,https://magiceden.io/item-details/WZL6koyhUc6NQhWrMxFKDJNvSe4gVfdW5jWXx3fX59d,Aquamarine,None,Gold Stud,Bored,Tan,Beanie,Bored
3869,239,156,0,https://magiceden.io/item-details/Cn8roPJjs9edojJck9X6VhJiTXQBixJk3h8a4D2SZMp5,Gray,None,Diamond Stud,Blue Beams,Black,King's Crown,Pout
3882,13,2675,61.37,https://magiceden.io/item-details/3mrosPQTQ11UUJ5hsJ1oHpEsXCZHStP7nikasBGzeLu8,Gray,White Bib,None,Awww,Black,Seaman Hat,Jovial
3884,15,4611,25.86,https://magiceden.io/item-details/6rPKZyFCvUKo53r6CohhcB7FD63ENbkEKBHw7Kg4JTGp,Mustard,None,None,Eyepatch,Tan,Fez,Bored
3893,28,4394,0,https://magiceden.io/item-details/FDkccYoWiQcrKakGGA7SfMDGw7boL3fGwrUzXTKjKoGm,Baby Blue,None,None,Bored,DMT,None,Discomfort
3897,25,4642,0,https://magiceden.io/item-details/CFrxf6dpoNCEDoGoLciR6Q1sQMX24pz2x34dAdZUGyyo,Mustard,Logo Black T,None,Bored,Golden Brown,Camo Helmet,Bored
3898,55,1446,0,https://magiceden.io/item-details/WjvWv4MHW3i3SjBeLXaKREFSUBWGEg9Xtkg1wPpTXMk,Dark Blue,Lab Coat,None,Bored,Gray,Ushanka,Grin Gold Grill
3906,44,1918,0,https://magiceden.io/item-details/4jBLcrKUgpnncUTqUNKcjgox1e69BYvCHAwhtwV7DhHA,Yellow,Flannel Shirt,Cross,Bored,Blue,None,Cigarette
3910,18,3631,3.71,https://magiceden.io/item-details/Derd37BeQi7BMBBey4uq41ad7ypvWXBb9pgqGXsBFFus,Dark Blue,Leather Punk Jacket,None,Bloodshot,Dark Brown,Sushi Chef Headband,Bored
3918,20,1150,3.59,https://magiceden.io/item-details/DP6xDr93fnb8z5YX53b2s58dtTWu9b9Pcms6c57A7u72,Gray,Sleevesless T,None,Neon Party,Death Bot,Cat,Pacifier
3925,17.45,3310,11.78,https://magiceden.io/item-details/6FgC6ADJRPnmYxTsdSZSoGnv4wD4fL5CsybtvKNoY9pm,Purple,Bandolier,None,Zombie,Pink,None,Grin
3930,20,1984,0,https://magiceden.io/item-details/464qxfzSXPeTq8k5fRcZGVBSTxiAfCq2QH2HfkDydSvi,Gray,Stunt Jacket,None,3D,Tan,Stuntman Helmet,Cigarette
3941,11.28,4261,65.86,https://magiceden.io/item-details/MkjqKWvP6zypEez8XfZ1FJjNMYQXRPSy65N8Jdevc4a,Purple,c22,None,Bored,Golden Brown,None,Ohhh
3955,50,1082,0,https://magiceden.io/item-details/3FSReNaygJ5eH8XhAzvHBCjPL4H1RJXKxbxntE1BZwNb,Aquamarine,Army Jacket,Gold Hoop,<3<3,Blue,Sea Captain Hat,Bored
3975,44.69,2001,0,https://magiceden.io/item-details/AY33meisafqbuZswhroU63U7PSJPWPb3AKvHHZvi6cgD,Aquamarine,Space Suit,None,Bloodshot,Cheetah,Laurel Wreath,Bored
3980,888.8,59,0,https://magiceden.io/item-details/HXczDZ5zUKjHg3tqGEpGJHh248BsjvehSwFMyTepvBbd,Purple,Tweed Suit,Gold Stud,Angry,Dark Brown,Prussian Helmet,Blowpipe
3992,18.45,4251,0,https://magiceden.io/item-details/9tX4tGmKxF4jCiLStgSn3KMCTNtY7tohMNeEpuUVWnvL,Gray,Stunt Jacket,None,Zombie,Robot,None,Bored
4010,45,3964,0,https://magiceden.io/item-details/6radLaAziuE659fSEUZK6JXQYB9XX5eReNCUxSt7eNaT,Yellow,Work Vest,None,Heart Glasses,Golden Brown,Seaman Hat,Bored
4014,18,2882,9.71,https://magiceden.io/item-details/H2trgyXELCMjzpQwhJJsxjq1cQ6KerdAur5iBLFcHybz,Baby Blue,Flannel Shirt,None,Sleepy,Robot,None,Jovial
4021,20,4644,0,https://magiceden.io/item-details/BoB54XatAGwwo8ueKEMFVjSigTgdLq5CxShx8RxZuSRi,Yellow,Flannel Shirt,None,Sleepy,Red,None,Bored
4028,777,4355,0,https://magiceden.io/item-details/8X7uhJa2P5exmMNXc93RkDgEy3zWfkMqzsKXFx4rL1Vu,Yellow,Biker Vest,None,Bored,Tan,Cat,Bored
4043,27.5,3124,0,https://magiceden.io/item-details/D31XT7YbVG8bAMoXryUaXg4ebf6b71ZnGSGSre7vkLbw,Gray,None,Gold Stud,Crazy,Golden Brown,Panda,Bored
4064,35,160,0,https://magiceden.io/item-details/9GpVU3kbqJh8BWcR1HkJYUHuaxeyaaamNJMMA3M7tUne,Mustard,Puffy Vest,Gold Hoop,Roll,Camo,Beanie,Jovial
4079,111,580,0,https://magiceden.io/item-details/5ju9SZtFJRVsD3soVARivgPRR5MWK4qJoeXGWCRsDr1t,Orange,None,Silver Hoop,Sunglasses,Cream,Halo,Pizza
4091,30,4870,0,https://magiceden.io/item-details/7MhAqnNBEj1ikaJvrf68ZHGwdseSAiPc51GZ3dSLHRrL,Mustard,Bone Tee,None,Sleepy,Dark Brown,None,Bored
4115,18,2196,15.21,https://magiceden.io/item-details/ArTG8WYoZhLDD2nA2DazCu4hYssE24aP6QCvLFJArw73,Orange,Cowboy Shirt,None,Angry,Black,Army Hat,Pout
4128,30,1409,0,https://magiceden.io/item-details/Hfe8RymWDqoKkLPqZFCg4hNJ5fWznzYB7PDLB58dphes,Dark Blue,c22,None,x_x,Cheetah,Seaman Hat,Smile
4129,69.69,96,0,https://magiceden.io/item-details/4GvXzrDBsJpd3LsX4fMkDdZqStgu4RqZKAJCRKRGy4d9,Purple,Puffy Vest,Gold Stud,x_x,Black,Girl's Hair Pink,Rainbow Grill
4132,25,3847,0,https://magiceden.io/item-details/92Hi8HpEk1D5gNWaFNjNY6dG1vqUqUBCYzUTyrKrJFwq,Gray,Bone Tee,Silver Stud,Sad,Cream,None,Bored
4137,35,2709,0,https://magiceden.io/item-details/23nqLiUGdbzfkq97avejtnjZR51oPVcFaGfi2dbPPLY3,Gray,Caveman Pelt,None,Zombie,Cheetah,Baby's Bonnet,Bored
4140,28,949,0,https://magiceden.io/item-details/G6f275f9QKTAqWdZZ4iJCqnar9fSnMcisGGZTqssYwku,Yellow,Leather Jacket,Gold Hoop,Bloodshot,Golden Brown,None,Blue Grill
4147,25,2837,0,https://magiceden.io/item-details/FQvHdTdxwDo4zXfkk2ggtU5U3tkXfv65sM7YZkKABnyE,Orange,Black Suit,None,Bored,Black,Sea Captain Hat,Pout
4176,17.69,3459,8.19,https://magiceden.io/item-details/AmiYo6yrUTJr3ttBCqPuXXMoGRzE9QvH5Jh5grvJaxWx,Gray,Tank Top,None,Heart Glasses,Tan,Pengu,Bored
4179,250,10,0,https://magiceden.io/item-details/8qoCiYYKonSExD9YXBkJRLAaPDMuuu2oZeiUpNrtXVPj,Angry Viking,Angry Viking,Angry Viking,Angry Viking,Angry Viking,Angry Viking,Angry Viking
4181,45,2993,0,https://magiceden.io/item-details/HGyTYpYxEWigxY9iyVnhjYHGS9tu2UeWG6DNG5XedZCd,Purple,Tuxedo T,None,Sunglasses,Dark Brown,None,Grin Gold Grill
4184,18,1483,20.92,https://magiceden.io/item-details/4gr62BJudYD1pRjmiZJzzEc6Brh1t6A3FCfAd5W25us9,Purple,Wool Turtleneck,None,Robot,Blue,Fez,Ooo
4186,50,2946,0,https://magiceden.io/item-details/GPZmsih2fRqzb5Tk7grkEvyKtQ433XzVv52KjbfcVLL2,Purple,Leather Jacket,None,Neon Party,Noise,None,Grin
4187,17,1608,29.92,https://magiceden.io/item-details/Ahj25fQAtMWoaY9zfkmKWfHeSEJynRpxFJdayViUSFdS,Purple,Wool Turtleneck,None,Roll,White,Fez,Jovial
4195,20,963,5.09,https://magiceden.io/item-details/E29nu8LhDv5mCcDXECxiHvaxZa8F91MAGgo9rQJpwFJY,Aquamarine,Tank Top,Diamond Stud,Blindfold,Cream,Bowler,Bored
4196,26,3937,0,https://magiceden.io/item-details/2fybTKJFB6ZQ4rrBEGAX9ZCtp2dTwhvWZP9JkxGrusUm,Baby Blue,Black T,None,Heart Glasses,Cosmic,None,Bored
4197,32,2711,0,https://magiceden.io/item-details/2x1eNxSppsQX3gFsdCg4kv57yP7zApuaYLT9DhKDS4o2,Yellow,Army Jacket,None,3D,DMT,Police Motorcycle Helmet,Bored
4208,16,2602,31.95,https://magiceden.io/item-details/BUPJtGcUgy6gTFrybSDSo8xazxUMz5DB3cJymR9ZCQoh,Gray,Black T Holes,None,<3<3,Dark Brown,None,Discomfort
4211,28.5,865,0,https://magiceden.io/item-details/9o8ZwrZ1pWesgSMJEtFaKsDa2Pq34osL1ffpqvwCBaAR,Baby Blue,Prom Dress,None,Zombie,Dark Brown,King's Crown,Pout
4214,25,3745,0,https://magiceden.io/item-details/8msZzCyvVsAh3oUu3BXmFWmZ8BtTQFNkzfr7mP7jbVNg,Dark Blue,Hawaiian,None,<3<3,Dark Brown,Ushanka,Bored
4228,100,2477,0,https://magiceden.io/item-details/6j1Q5XUDJf7xw9GCir1qhLjCZ1tZcQBpzp4LiY6NaQbC,Purple,Black Suit,None,Bored,Pink,Fez,Smug
4236,99,1247,0,https://magiceden.io/item-details/6cgpTm7gnsyTfg4cAmL4gJGsz1UYGSeiFCdVq8syi3c6,Baby Blue,Hip Hop,Gold Hoop,Bored,Black,Beanie,Smile
4247,23,4233,0,https://magiceden.io/item-details/Cni13U2XfictHwAZGEE4TZLzw468uzH1ZknvMnKtjgFd,Gray,Puffy Vest,None,Bored,Pink,Bunny Ears,Bored
4254,13.456,3206,52.56,https://magiceden.io/item-details/6FPE8MaMipYACfYTAz2WvWQ8mNCqrYctnNZP5hwohA2D,Baby Blue,Flannel Shirt,None,Wide Eyed,Gray,Baby's Bonnet,Bored
4262,39,1088,0,https://magiceden.io/item-details/HZm6i7Wq2n8NPdMrkHot7KbXbv8kX4UoMJg1J22W7qPf,Aquamarine,Biker Vest,None,Bloodshot,Robot,Trippy Captain,Grin
4268,19.4,2724,0,https://magiceden.io/item-details/Fz9hGBA1AZdWbcVeb4qJ8LsKTuf5sHqJCS7CchpcWJXT,Aquamarine,Pimp Coat,None,Bored,Black,Cat,Grin
4271,21.23,541,0,https://magiceden.io/item-details/VZBV2ZqzjrL4h8F6933wk2cEdsyBSF4ip9jMu5pDikD,Orange,Smoking Jacket,Cross,Zombie,Tan,Pengu,Bored
4289,25,253,0,https://magiceden.io/item-details/8s217e7R3KdRAojB7NdyHaBnFxok9hxUajcgRW358RWn,Baby Blue,Logo Black T,Cross,Awww,Tan,Sushi Chef Headband,Grin
4296,14.5,3676,38.35,https://magiceden.io/item-details/7wtmZ7npTj1KTZoYKRVEDDaDrAV457kLLA6WWnPVNwjy,Purple,Smoking Jacket,None,Closed,Dark Brown,WW2 Pilot Helmet,Bored
4310,18,703,27.17,https://magiceden.io/item-details/Avw38AnnR9zhXRjo8ChkiRUB1cXmBtyeTi2tCugLFKfC,Yellow,Smoking Jacket,Cross,Neon Party,Cream,Girl's Hair Short,Bored
4321,18.74,3034,1.09,https://magiceden.io/item-details/7aBNDkFFLerpwN32CPT17imKcpPNNauvucbA6mPPrw7u,Orange,Wool Turtleneck,None,3D,Dark Brown,Short Mohawk,Pout
4323,24,2206,0,https://magiceden.io/item-details/5uBTG1P6oArYg5zqQEqwfUZjLFtzZacUiufPpvfWa7rE,Yellow,Cowboy Shirt,None,Awww,Golden Brown,Army Hat,Cigarette
4330,62,205,0,https://magiceden.io/item-details/GtueCd2yPJoL5a9nrM8k1hrNkVdmTSjfG5pN8tA1d28u,Orange,Striped T,None,Angry,Cosmic,Sea Captain Hat,Flower
4342,12,1763,78.68,https://magiceden.io/item-details/3aaAEaoCVW437d7NV3JHHt1gABTCn5wHyVy6obgGm7Do,Purple,Striped T,Silver Hoop,Closed,Black,Cowboy Hat,Pacifier
4348,21,4668,0,https://magiceden.io/item-details/CNtTr7hL2zVirtE4hLTzKVdhABzdtu75bXok6q1Bvr2W,Gray,Hip Hop,None,Bored,Black,Seaman Hat,Bored
4349,120,1930,0,https://magiceden.io/item-details/86gMeXt1W2svoW4NRJQZkMTAobowwcFNS44FCswbE9CH,Yellow,Leather Jacket,None,Wide Eyed,Robot,King's Crown,Bored
4350,30,2247,0,https://magiceden.io/item-details/3qZWvFDFnYwkFq11UCeRBjUvcbtV9PHdDBFdCZvSkdxH,Purple,None,Silver Stud,3D,Dark Brown,Fisherman Hat,Ooo
4354,14.8,4907,25.49,https://magiceden.io/item-details/4swY3v79Dq6CX3zbUutErNL8CnbQAotdtPWm2q1hmsAM,Orange,None,None,Bored,Black,Bandana,Bored
4375,25,4751,0,https://magiceden.io/item-details/6G5u7b6kMKkac3aB4jmfszPHfHZq86zqMSZkKwoVcMrR,Dark Blue,Striped T,None,Eyepatch,Tan,None,Bored
4389,20,3609,0,https://magiceden.io/item-details/BuDcoLkFWXU5T4VtjWSirJhrY1c2JpGZH5tT66dgmYqJ,Purple,Lab Coat,None,3D,Dark Brown,Police Motorcycle Helmet,Bored
4395,28.08,2919,0,https://magiceden.io/item-details/5LdDzi9ypdBpBCDSYRo5sDsZY4F31Ge8b3CtzX2A6JtY,Aquamarine,Black T,None,Sunglasses,Golden Brown,Fez,Grin
4397,24,1121,0,https://magiceden.io/item-details/ERHgAcbA14iBwGTJXWtkFRtZDF46XjaToGQrMHu87u3D,Yellow,c22,None,Eyepatch,Robot,Fez,Rage
4402,100,4879,0,https://magiceden.io/item-details/6rUQt5fFNQ44d7va5J3LLht9fJxeaDcYbg4XeYyUqK5w,Mustard,None,None,Bored,DMT,Beanie,Bored
4403,45,454,0,https://magiceden.io/item-details/91mh3EUJEUmGBo1mUbyW6LbpyRFXomdWzKoZk3xaAqdw,Orange,Space Suit,Silver Stud,Awww,Pink,Camo Helmet,Grin
4405,12.5,3871,56.79,https://magiceden.io/item-details/FiDUfYjp56mFjLL21P8s3hZDqDvNYxGgo2PQeDUsdTNF,Aquamarine,Guayabera,None,Hypnotized,Black,Fez,Bored
4409,14,4279,38.52,https://magiceden.io/item-details/HdCMvaAMKcAk2Y3sZHmea8G4NogioKWxBZwDymwDG74Q,Baby Blue,Tank Top,None,Crazy,Dark Brown,None,Smug
4419,14.8,4475,28.95,https://magiceden.io/item-details/9pA6a84eGiEWu99MvzSoX3hu1PMmiaxPGkX7qpwfEQEa,Orange,Puffy Vest,None,Bored,Black,Cat,Bored
4428,14.95,1487,51.39,https://magiceden.io/item-details/8Uj38P8EXo3pFgw9XAdtPLpVg8RaEeGARfVX4xGPBoqA,Mustard,Smoking Jacket,Silver Stud,Blindfold,Pink,None,Dumbfounded
4439,15,3423,35.38,https://magiceden.io/item-details/J6x1q4dWJ2nNTESKgQTA3SX2MePpMeGg5hgoy1zk5FRA,Purple,Black T,None,Bloodshot,Black,Beanie,Pacifier
4445,75,4334,0,https://magiceden.io/item-details/GKSn1UmdULDgZkq9KCQzEtdDGz3vUJSBZekFSxXEdMVP,Mustard,None,None,3D,Black,Army Hat,Grin
4446,16,4354,17.92,https://magiceden.io/item-details/84z2QdFKiLhvSLLmiqZegUnd5X2hfdpVBoECcHCMHZEa,Aquamarine,None,None,Wide Eyed,Robot,Bowler,Bored
4447,26.6969,1782,0,https://magiceden.io/item-details/8XUo6UVx3GEsSU9NkNJETeYv4PdkKQ6RCNeKcMj9e7aq,Mustard,Tuxedo T,None,Eyepatch,Cream,Pengu,Pout
4449,19,3425,0,https://magiceden.io/item-details/8rsmNH7kwFBAUBRC3LNJhvBhimMsQ4DiPPWx8T2fSq8D,Dark Blue,Logo Black T,None,Closed,Death Bot,None,Pout
4452,80,1258,0,https://magiceden.io/item-details/4UkJGcbTfv68JtCaK2DyfDtqmwbGGkfu8wy7yAV9uEyu,Dark Blue,Tweed Suit,Silver Hoop,Bored,Pink,Beanie,Small Grin
4456,25,4639,0,https://magiceden.io/item-details/7ZeHSo7x8vxPsrrRo15TtUnpMU1e9urk8xmhym7jVVQ1,Purple,None,None,Wide Eyed,Cheetah,None,Pout
4461,19,2118,5.83,https://magiceden.io/item-details/3ZH12cUCpRaeoxzCnqfVooow3sdL3hGh4jq9vFmFD8U8,Purple,Army Jacket,Gold Hoop,Bored,Black,Beanie,Pacifier
4464,15,4965,23.02,https://magiceden.io/item-details/6UjrJ256NzdmT7vPDW24hrSeKqearsthHTSX6KGYrdFT,Yellow,Leather Jacket,None,Bored,Dark Brown,None,Bored
4465,15,2039,46.47,https://magiceden.io/item-details/n1xcjZWFfbgAsKAJQSHmtQS83aYpLMf7hzjzyZkqhsE,Mustard,Biker Vest,None,Closed,Dark Brown,Devil Horns,Kek
4480,15000,3184,0,https://magiceden.io/item-details/2hcBrciuab8S43gYGBWyJkuc8m5f6nmZ6gtkov2EQdnn,Mustard,Tuxedo T,None,Closed,Black,Short Mohawk,Cigarette
4490,20,3670,0,https://magiceden.io/item-details/HD5EzWhzu8Mi8Rvm8sx5uRP1LM4a1DoChJqfBVmtqDjb,Dark Blue,Toga,None,Crazy,Zombie,Beanie,Bored
4491,169,186,0,https://magiceden.io/item-details/9z3HzfQPSbjYwYZQWoSKK8SSgais4xvexYRBqYYYkJ1d,Dark Blue,Sleevesless T,None,Hypnotized,Cosmic,Short Mohawk,Cookie
4493,14.2,4198,37.17,https://magiceden.io/item-details/Bi2kDVg4RmuU56BTradtM7sY9wayArrEACgG9K5LCBQj,Dark Blue,Black T Holes,None,Closed,Dark Brown,Short Mohawk,Bored
4494,20,2363,0,https://magiceden.io/item-details/5LahngLpqGDooeffBRnYS7Z2Y5ZoVVJFtj6RNFLksov,Aquamarine,Sailor Shirt,Gold Hoop,Blindfold,Black,Cowboy Hat,Bored
4514,16,1362,41.89,https://magiceden.io/item-details/HrU8XghwiLW2v4gZnWKLfHHkzrK746tJ66hfMmHrFUZZ,Gray,None,None,Scumbag,Death Bot,Sea Captain Hat,Tongue Out
4520,18.12,827,24.97,https://magiceden.io/item-details/CoiSy9zhXgwh83F3KY1eNK91p5NbkubLhu88yrvDbxrs,Purple,Blue Bib,Gold Hoop,Sleepy,Black,Stuntman Helmet,Cigarette
4522,100,2936,0,https://magiceden.io/item-details/2VU2yHs8jjD236i5cSYmow7JMCPNx47PEkut5xviJivG,Aquamarine,Work Vest,None,Heart Glasses,DMT,None,Grin
4527,22,4180,0,https://magiceden.io/item-details/XEf3SaWaaZpn2wUsKpjiVLFkcf44NkURuPKeA57z6jh,Purple,Logo Black T,None,Wide Eyed,Black,Pengu,Bored
4531,48,3238,0,https://magiceden.io/item-details/JAjJo4vnFqDpLc58JRapyMs8a8gqU8R5GuhcAyqhn79R,Baby Blue,Smoking Jacket,None,Bored,Silver,None,Smug
4539,18.5,1549,15.39,https://magiceden.io/item-details/4Linua4rASuiSimwHbfePyZW95fpEG2nub3oAckdD47Z,Orange,Guayabera,Silver Hoop,Sunglasses,Tan,None,Small Grin
4551,26.69,3835,0,https://magiceden.io/item-details/G7qhDE2qUWckn5w3HckkbaNt8yrrsW8pFJunZ3MNGhUn,Mustard,Space Suit,None,Bored,Cream,Bandana,Bored
4565,69.69,58,0,https://magiceden.io/item-details/5kPVgXL38YqoaZrGs2CT127ZmQJm8rMdwrfe5vXoarkb,Dark Blue,Tweed Suit,Diamond Stud,x_x,DMT,Police Motorcycle Helmet,Smug
4569,16.3,2722,27.99,https://magiceden.io/item-details/HiaNuwUgeR1xrtXeoxz8g4hsoQ2hvYLbwhiU4LKd1mXs,Gray,Cowboy Shirt,None,Bored,Death Bot,Yellow Party Hat,Bored
4578,34,778,0,https://magiceden.io/item-details/FQ1vbc2M785xNBEbpnDN36FvKMBnFxRM2yzFRRrQJUq2,Baby Blue,Tweed Suit,None,<3<3,Robot,None,Blowpipe
4593,48,3021,0,https://magiceden.io/item-details/GMYujgKckv51KuqjFc1RTLKRtr72gvf8DUDoxNV85guf,Gray,Red T,None,Bored,Cheetah,Fez,Pout
4596,17.9,2515,13.65,https://magiceden.io/item-details/F6k9piX1jgwJJQftQ6ATkAyQx9wVXNweqNV9BN68Dg8D,Purple,c1,None,Eyepatch,Dark Brown,None,Ooo
4599,34,4866,0,https://magiceden.io/item-details/7LELgRjd7HBD6jvRDABVeLTUkbHJHjdhrB7c5Lj8GVMX,Purple,None,None,Steampunk,Cream,None,Bored
4605,21,4353,0,https://magiceden.io/item-details/2jsKsoZouJDVPHyjbYjxXo8gCvyNDN1yTW7kQcybXaPa,Baby Blue,Red T,None,Bored,Black,Sushi Chef Headband,Bored
4607,16,4379,17.72,https://magiceden.io/item-details/XabnBFc9fj2aCPVihT1poAKko4MxbenuxjJCQBtSuZw,Yellow,None,None,Sunglasses,Tan,None,Rage
4617,15,3765,32.64,https://magiceden.io/item-details/48qmyxCVRHHJfqc3viXdBv89cpimVScMqaoDksLFGEqA,Dark Blue,Biker Vest,None,Wide Eyed,White,None,Grin
4618,27.9,316,0,https://magiceden.io/item-details/CDHjsnLwxrVHtQRxxj3crKDFJJwPi8rqXep1RXxLRERR,Orange,Smoking Jacket,None,Holographic,Robot,Ushanka,Cookie
4624,22,2682,0,https://magiceden.io/item-details/D4r6rMr1CMsoFMqCTHia66DDoBWNHHaeBAronxbQpM78,Dark Blue,Tweed Suit,Silver Stud,Bored,Golden Brown,None,Small Grin
4631,26.789,1175,0,https://magiceden.io/item-details/6eapm8rRDHwh7S7DWVbFGs2dVUTC4jVRHunLtwCaVN3m,Dark Blue,Sleevesless T,Silver Hoop,Cyborg,Tan,Bunny Ears,Bored
4641,79.99,670,0,https://magiceden.io/item-details/6TqDQtSmzNrKTPzAovZqhfMumdmVMf5t85VCtVBejqF9,Orange,White Bib,None,Blue Beams,Dark Brown,Ushanka,Ooo
4642,25,4181,0,https://magiceden.io/item-details/BVAzKJQfaivnAiD3iqqzbPEwnd6EwjEMZxE97zVGowrt,Purple,Leather Punk Jacket,None,Sleepy,Black,None,Cigarette
4645,88,123,0,https://magiceden.io/item-details/E4AktBSLumZEdfp9u6xc6dCnRt4V5oWFXkeyJsQVQaHm,Dark Blue,Biker Vest,Gold Hoop,Hypnotized,Robot,Halo,Ooo
4653,29,4946,0,https://magiceden.io/item-details/25m1cqgAxdyAm7rbpGSA3hCyU2ywPReB3HAZ3c2Bt2oa,Orange,None,None,Hypnotized,Black,None,Bored
4663,39,2612,0,https://magiceden.io/item-details/8h2fp51HaYCNVe74RJas5XVPLW2owVxsc23dEbYN6TJn,Yellow,None,None,Bloodshot,Dark Brown,Police Motorcycle Helmet,Blue Grill
4671,25,3327,0,https://magiceden.io/item-details/GhJqHFiYyxMnZHVxwBNcJRPnQjckZjrbZ7hgsJg5Tgrg,Dark Blue,c22,None,Bored,Noise,Girl's Hair Short,Bored
4680,85,460,0,https://magiceden.io/item-details/EWZMBH972zMgTxyfAeRTav2GRztYJKEFYwoJvjaNdR7z,Mustard,Stunt Jacket,None,Robot,Red,Fez,Pizza
4691,19.99,4694,0,https://magiceden.io/item-details/5kcUsPGawGQpMQnzhUN1LcmyDoyTPTEUdE6Afh9YnBPs,Aquamarine,Smoking Jacket,None,Bored,Dark Brown,Fisherman Hat,Bored
4701,21.42069,1084,0,https://magiceden.io/item-details/FmqWBHw1CWKb6v472YBfCp4gtAsqEjZUmt4Szut4ntaf,Purple,Sleevesless T,Silver Hoop,Wide Eyed,Black,Black Hat,Pacifier
4709,25,4588,0,https://magiceden.io/item-details/4R1nmpovodqipHyx32o6293h7agnYdxa3tGEU6eZ7eZY,Gray,None,None,Zombie,Pink,Cowboy Hat,Bored
4710,19.5,3069,0,https://magiceden.io/item-details/6z9Xdkj4aETDxQCb7JusPBbqynj5aMsU2F6piUzrusED,Yellow,Puffy Vest,None,Steampunk,Dark Brown,Panda,Bored
4712,17,4601,5.94,https://magiceden.io/item-details/4kPptvxjNLpq6F6jEHicvYzx1CaNFirmhGJpLA3LmFRT,Gray,Sailor Shirt,None,Roll,White,None,Bored
4715,30,1433,0,https://magiceden.io/item-details/4ejaNPofA4gkHGThGT7NNdKGZV6mofzQdyNU9HmH9GQK,Dark Blue,Hawaiian,Silver Hoop,Sad,Tan,Cowboy Hat,Smug
4725,28.5,1613,0,https://magiceden.io/item-details/2awTDQQnGv5xg3egL1g1d69UmLQUqV6TcQWyAdRuEbvd,Dark Blue,Bones Necklace,None,Cyborg,Golden Brown,None,Kazoo
4728,25,4495,0,https://magiceden.io/item-details/BhGV7EstWQQgKJvf17eJ2WgTHuRwMMfuvmtstGgez5bK,Dark Blue,Work Vest,None,Blindfold,Golden Brown,None,Bored
4734,20,4006,0,https://magiceden.io/item-details/DRLoc62r5oQEcxkx6TFVyrSfL4Wo6hyPhTgZUcGCXABL,Dark Blue,None,None,Sleepy,Golden Brown,Camo Helmet,Pout
4740,43,137,0,https://magiceden.io/item-details/4Q8tNjHp6HF5WmUUouNJtbE7MB3h22nbhKqLuPTKhsSk,Yellow,Stunt Jacket,Silver Stud,Holographic,Robot,Panda,Dumbfounded
4748,20,3525,0,https://magiceden.io/item-details/ESnBQVTPAFef7jxCBFzwVen7DcKUncSN14uqGAeehMGU,Dark Blue,Blue Bib,None,Sad,Robot,Cowboy Hat,Bored
4751,808,1296,0,https://magiceden.io/item-details/3rsXgohgaBVWPQyp9wokybCBbJTFQV4Ygwzx7pgqMRcV,Gray,White Bib,None,Bloodshot,Blue,Trippy Captain,Grin
4769,20,4482,0,https://magiceden.io/item-details/A5VdGQS4rqxQbVsCuCP2brYNTqiQyF5nvjE5epj3mrPo,Gray,None,Silver Stud,Bored,Dark Brown,Panda,Bored
4776,91,3147,0,https://magiceden.io/item-details/4faKuuLs1L8VZki4ipy6DQttCTo2U1QCteFBdFQS2x4A,Aquamarine,Sleevesless T,None,Robot,Gray,None,Jovial
4777,15,3077,38.15,https://magiceden.io/item-details/HJQ1RfFkY1K1K62En9yNS9wWc8Gr2BKPrnynAiGioN81,Dark Blue,Smoking Jacket,None,Eyepatch,Cheetah,Ushanka,Bored
4779,40,3971,0,https://magiceden.io/item-details/L797677ioL28eaCwgoZwjzByJ6uVi3ywaKYWoPLrcEA,Dark Blue,Tank Top,None,Bored,Zombie,None,Jovial
4784,39.39,86,0,https://magiceden.io/item-details/9fVBzki2UoUX293CEVCFy4Jft63cwnDh54KmzERTuKcM,Mustard,Tie Dye,Diamond Stud,Sunglasses,Pink,Girl's Hair Pink,Dumbfounded
4793,100,3791,0,https://magiceden.io/item-details/EPX4yJUL4taXDhg6NaGD47rUWBaaS8sPZD337enkF59j,Yellow,Bone Tee,None,Robot,Tan,Short Mohawk,Bored
4795,49,2604,0,https://magiceden.io/item-details/5hWQjeAnmwCRBehvryVxEacz7PxoCnJ25gL9QEsgRuFC,Purple,Tank Top,Gold Hoop,Wide Eyed,Black,Short Mohawk,Bored
4798,800.8,558,0,https://magiceden.io/item-details/DBmomQDf6aJ7UyF3ZHrpmwbgzYCwntxdx7Ld4mMAECDe,Orange,Hip Hop,None,Sleepy,Dark Brown,Bandana,Toast
4801,500,3728,0,https://magiceden.io/item-details/8epnW7bt8fenFkX9YQ3a8QkKxQ4oj3EpighRVB19jgq8,Gray,Leather Jacket,None,Heart Glasses,Red,Seaman Hat,Bored
4806,28,166,0,https://magiceden.io/item-details/8ceqyuXzHkhGerL7NKkigLv3QgbyZ8VG9buGvpjn7xGY,Yellow,Lab Coat,Silver Stud,Robot,Dark Brown,Spinner Hat,Candy Cane
4815,17.89,2584,13.2,https://magiceden.io/item-details/5QXVDVmDkwC2WQHdKLPHDGPiRGWiEvcvv9nFnUQ1NDPJ,Orange,Pink Dress,None,Robot,Zombie,Seaman Hat,Bored
4822,28.5,1184,0,https://magiceden.io/item-details/81eR5oQLwfuJGDKZGaDa9gYDAzfbZfMS9CW5j1wKwH3W,Aquamarine,c22,None,Bored,Cheetah,Yellow Party Hat,Cookie
4824,300,4191,0,https://magiceden.io/item-details/2SRajbQJLsiFi9UNHxWjHvxXD7KutNRbiK4SkLGNb8S6,Yellow,None,None,Bored,Death Bot,Halo,Cigarette
4841,15,2128,45.75,https://magiceden.io/item-details/8HS8W1ggMYrCDv3LSYKHg3Rn5dQwLzEMqL1BhJgARLw,Orange,Blue Bib,None,Blindfold,Robot,None,Ooo
4845,24,3352,0,https://magiceden.io/item-details/9JGw9yCtbRATgu4yx8ACd6jf9uSTC3zMaXAAtbH7cGj8,Orange,Logo Black T,None,Bored,Tan,Seaman Hat,Small Grin
4846,30,4352,0,https://magiceden.io/item-details/Abrj9gKgAe5BandAgU3eNymTx9pwZpsHRCdB6TnKqvtW,Orange,Cowboy Shirt,None,Closed,Red,None,Bored
4882,22,4033,0,https://magiceden.io/item-details/9MDyeXCmTEGy3NybiYMtKVVbggAETsNebyrHRedMfucM,Dark Blue,Wool Turtleneck,None,Sad,Cheetah,Beanie,Bored
4887,40,3435,0,https://magiceden.io/item-details/7rD28VDUNsNhQu4ceWDGi7fNMLUYxexy6whcNmHjdAx1,Dark Blue,None,None,Sad,Silver,Spinner Hat,Bored
4888,28,1905,0,https://magiceden.io/item-details/37sgEsTVAS6Tkh37nhWfJXpu1pHx3oLQqdJftm1DMgLs,Gray,Black T,Silver Hoop,Roll,Zombie,Bowler,Bored
4889,33,1132,0,https://magiceden.io/item-details/8DzB3jcB8dZp8xHJm4giTZJvGHLmgyrKya4DevmXuUvx,Dark Blue,Sleevesless T,None,Steampunk,Tan,Beanie,Discomfort
4902,15,3854,31.92,https://magiceden.io/item-details/6TgonfsGMnDzKoHDMjnEbReSGkjv8dNW2wF3qJXVHWZh,Dark Blue,Leather Punk Jacket,None,Sad,Cream,Seaman Hat,Bored
4906,19.69,3427,0,https://magiceden.io/item-details/DSw5vtvd9eVKYkL63hqvFG8g8hrAAYhvUDtNSYcR9Ws7,Baby Blue,Pink Dress,None,3D,Golden Brown,Fez,Bored
4911,17,1456,31.14,https://magiceden.io/item-details/9G5dBiWjmEMZRnNTTsnns914LBG67sUxukg8EtH1hD8x,Mustard,Red T,Gold Stud,Sleepy,Robot,Beanie,Bored
4921,35,544,0,https://magiceden.io/item-details/4AH937bxqU6opw8d3M6RZvBgM1fCWyhJBsgGi74v8BZN,Baby Blue,Lab Coat,None,Bloodshot,Robot,Beanie,Flower
4922,14.69,1154,56.66,https://magiceden.io/item-details/Gmt2kxB4YLeAo7bbgbkscpeJYGuFUDuT5YPrL3N6EkhS,Aquamarine,White Bib,Silver Hoop,Neon Party,Golden Brown,Camo Helmet,Pout
4928,92,3038,0,https://magiceden.io/item-details/kjdohrjxzjH4Gs8juRz422wvvg1Fk9b3hiFUCvWyVb1,Yellow,Black Suit,None,3D,Black,None,Jovial
4929,50,587,0,https://magiceden.io/item-details/HAo7HU3D6j4cadcBKfeEwJPEi2GvWDoGQuqsLM3q3C9Z,Baby Blue,Lab Coat,Gold Stud,Bored,DMT,Sea Captain Hat,Grin
4932,66.66,1065,0,https://magiceden.io/item-details/14jngWDt9Cec3DarBt2TH9grTQEcboZVEkGWTwzL4MSZ,Baby Blue,Leather Punk Jacket,None,Bored,White,Girl's Hair Short,Pipe
4939,12.68,4628,48.92,https://magiceden.io/item-details/2rTQ24ERaX4QdjqfXVUhs1x71Z5G5xA4aDAib7R9SaDb,Yellow,Guayabera,None,Bored,Golden Brown,None,Grin
4967,25,3171,0,https://magiceden.io/item-details/8ZokJ7MgcXGSUhJ8cRL9FsniYnXaGae5sXoBExvhyCUP,Baby Blue,Bone Tee,None,Closed,Cheetah,Baby's Bonnet,Bored
4975,15,1856,47.93,https://magiceden.io/item-details/2N6d4FxSFsekafHxNYL3tXu1uBtaJth83yBd34XMPaY5,Gray,Tank Top,None,Wide Eyed,Cream,Prussian Helmet,Pout
4981,30,2057,0,https://magiceden.io/item-details/2ht9ofijc3DrKjgKfUv4ZFgGZnz6CnxDGD9PY74vGYT9,Gray,Smoking Jacket,Silver Hoop,Crazy,Robot,Beanie,Bored
4987,23,1955,0,https://magiceden.io/item-details/31sBQ31wDJdW1zauRAm8npKp2rXeHsRajfg6cdbgaCZm,Dark Blue,Flannel Shirt,Gold Stud,Bored,Dark Brown,Short Mohawk,Pout
4996,20,4647,0,https://magiceden.io/item-details/sRuZZLxfnNmPAetwBdLwVRaxtpFAeEA2KqnBhuejgha,Aquamarine,None,None,Zombie,Gray,Seaman Hat,Bored
