id,price,moonRank,ðŸ’Ž score (%),storeURL,Background,Body,Ears,Eyes,Head,Mouth
25,2.8,1144,77.23,https://magiceden.io/item-details/G55qB7hSf8yjSDdxNttaNNurq85DVn5ZtsEuwdFDCahJ,Purple Gradient,Blue,Nothing,VR,Ice Cream,Nothing
102,2,2160,72.99,https://magiceden.io/item-details/F4UBBrZ8izk2AwTaUFj4iDtkhekQ5JEFEjjSrfK83YNY,Purple Gradient,Black,Nothing,Nothing,Bunny,Smile
135,2.35,2153,69.58,https://magiceden.io/item-details/4ae6tJKsU1sed52c4FbRf1WiGP8VcKng8yymoZa1vXfD,Blue,Blue,Nothing,Nothing,Fez,Blunt
168,10,83,18,https://magiceden.io/item-details/C7bYKPYLqYaVNU2cRgkJCdKajKoXqESLcSGDgs4BPx6c,Binary,Red,Silver Earring,Nothing,Saka,Banana
184,4,1706,58.46,https://magiceden.io/item-details/2gXL4Cm2dnEmUcr5q5CE5xz2ezyPQUaE2yM7DJRgkQNc,Cream,Brown,Nothing,Metallic Visor,Nothing,Cigar
187,3.18,2542,56.59,https://magiceden.io/item-details/5Qb1UnrovKPQxwyWtFqupHWyAgVH2hUuZWxxpUCgiC7U,Cream,Blue,Nothing,Nothing,Pan,Smile
194,1.94,2738,66.63,https://magiceden.io/item-details/A1Kfn37KJKkEknaPbasRmST5TYETz8c9j716rHA9WkBX,Blue,Albino,Nothing,Nothing,Elf,Nothing
204,9.8,1023,8.68,https://magiceden.io/item-details/8mC31vYt8uwcPqssLho6XP9MPeBdS39VVtCTyc7w6qFc,Psychedelic,Albino,Nothing,Nothing,Usanka,Gold NT Mask
208,2.39,2178,68.87,https://magiceden.io/item-details/7We8cpLVkvLsWMMkQbB15tZ1T3rowPP2kcJ6iZcJPi7g,Cream,Brown,Nothing,Nothing,Naruto,Smile
209,2.99,2349,60.82,https://magiceden.io/item-details/3XRJfeo8Vc7AAsTqvjhCfFAHXXumkSZe93L2Yw65NxzW,Cyber Age,Red,Nothing,Nothing,Nothing,Banana
215,2.9,2242,63,https://magiceden.io/item-details/Cm7xsUe8LU6L4o6tZeJwSy7MyLF1krmhttMdjAWu29VS,Blue Gradient,Red,Nothing,Nothing,Shark,Smile
230,3.5,2344,55.78,https://magiceden.io/item-details/HGirPeUMt5LF5jsQkTmfzCKwFBd6BhJdTgMep5zCwdUj,Cyber Age,Brown,Nothing,Nothing,Fez,Nothing
252,10,2125,0,https://magiceden.io/item-details/958nH3tsHw4ahonrfdYbytsi1mE6hnBVs5MnhQ1jGmEe,Brown Gradient,Zombie,Nothing,Nothing,Elf,Nothing
268,10,1819,0,https://magiceden.io/item-details/2b5jNyWuUJ7rzHqRT2zcfVXNuLnuydr6dHJxPWF5xtu1,Violet,Cyan,Nothing,Nothing,Afro,Green NT Mask
271,14.9,17,0,https://magiceden.io/item-details/3TvhtRLNcqAsXy8rSBjfcci3aueiSeFPSKmocHcruDdZ,Red Gradient,Blue,EarPiece,Solana Visor,Bunny,Red NT Mask
275,4,2717,46.28,https://magiceden.io/item-details/LQbHtjopM8YTQmJUebNwR3rpiKMXe5Ya2gqrir6wsjv,Red Gradient,Red,Nothing,Stoned,Nothing,Nothing
278,4.5,2833,39.89,https://magiceden.io/item-details/GjWmqSfcVwsM1Y4TCPXD7pGSVXBCa3C9fXCDzNLXD31F,Blue,Brown,Nothing,Nothing,CEO,Nothing
279,6,113,57.64,https://magiceden.io/item-details/4kiRCmwQd5fpfAAMXL4soMYoQctXUjU46zEg2k7A8sPD,Blue Gradient,Zombie,Nothing,Solana Visor,Cap,Cigar
282,4,252,75.97,https://magiceden.io/item-details/GbmkPV6BpJC9NnnTiDUBeVSsHvh4dGStxCShvMyqfFQH,Blue,Brown,EarPiece,Nothing,Monkey Bun,Banana
284,3.25,1825,64.53,https://magiceden.io/item-details/iVfPa6noniT1VTGKwc7h3GdMKgRbsgjNvTgB7JgS1Cq,Cream,Robot,Nothing,Nothing,Pan,Smile
295,4,957,67.48,https://magiceden.io/item-details/GLGYZb4WRfr3wnT3cjgDfPcAXVPLLcdWX7AsKa7VU9ZG,Brown Gradient,Brown,Nothing,Cyborg Eye,Nothing,Gold NT Mask
303,5.99,2967,23.37,https://magiceden.io/item-details/4tFDZ1A6auCD4n6yK2Y3hXV8WnmjMANZFQPUApoJqHaN,Violet,Brown,Nothing,Nothing,Military Hat,Nothing
309,5,722,60.31,https://magiceden.io/item-details/D6cv2Y5apg5gEuAapsR81GwMqiAQLFEp6N2iVREeNByo,Cream,Robot,Nothing,Metallic Visor,Naruto,Nothing
310,9,863,18.61,https://magiceden.io/item-details/EK37wYf2SL5RLNqB2zYfZRhNGftNiah8pwiHVW1bpger,Red Gradient,Black,Silver Earring,Nothing,Fez,Nothing
315,4.99,613,61.72,https://magiceden.io/item-details/DZZhrBABccMEtRbgF6mDkXyuXXkSCwKZmzbxg4afQGdG,Red Gradient,Zombie,Nothing,Angry Visor,Nothing,Green NT Mask
317,7.95,2091,14.32,https://magiceden.io/item-details/GFwGER63RqXwwwa4emnHTyqXdssAvQczaaej6TaeMUwq,Psychedelic,Mutant,Nothing,Nothing,Nothing,Banana
328,191,1670,0,https://magiceden.io/item-details/47EW3i7TqHxGMjTuMhVqXMrcbuSCrpauwTx5C5b4kcA4,Cream,Albino,Nothing,Cyborg Eye,Pan,Nothing
334,3.4,2369,56.48,https://magiceden.io/item-details/HUs6rpgg6Fj3j4EGZr5guPFF49doJLAQs7dLNyV9fuP9,Blue,Cyan,Nothing,Nothing,Crown,Nothing
335,2,3010,62.76,https://magiceden.io/item-details/JA3b5RYEhtXd2GyFq5hPZT2m6Zm9B22aEGXp7Q1sAan7,Cream,Black,Nothing,Nothing,Nothing,Jaws
341,4,744,70.04,https://magiceden.io/item-details/G1yRFz3fhjUJvPTVnm5dS1pLGUyjNFBM8mja8fD2NLNa,Blue,Albino,Neon Earring,Nothing,Naruto,Nothing
350,4.3,2923,40.8,https://magiceden.io/item-details/FfQgvA2Xjh4Bfj8VfkgdcddyVUT9tj2qJ1bkU5e7oXjs,Brown Gradient,Brown,Nothing,Nothing,Afro,Nothing
356,5,2822,35.02,https://magiceden.io/item-details/CWjLCNGPutyAcCgnmMQwWJUJ8ftiYWASzgV4nvdh97Tr,Blue,Black,Nothing,Nothing,Cap,Nothing
362,8.7,2965,0,https://magiceden.io/item-details/8nFxSiJr1JcbKsei5rJU4hg8uLoLH4aYpko1iUafQ2x2,Blue,Red,Nothing,Nothing,Gambler_s Hat,Nothing
376,5,2105,43.65,https://magiceden.io/item-details/AwnRQnYMGiJcQfYvFFnTLwcENciNMfN9PesWSE2mTKM3,Violet,Blue,Nothing,Virtual,Cap,Nothing
378,5.5,619,56.55,https://magiceden.io/item-details/2A8drkJwdGsxnLFviXSea5UVGE9jdi6qrUtLXrDvrwb4,City,Blue,Nothing,Cyclowear,Santa,Smile
386,4.98,2641,37.4,https://magiceden.io/item-details/GSkZmemrQ2a9dw2yAhiesnDU1bB9EYwPXBZaanUdnfng,Violet,Albino,Nothing,VR,Nothing,Nothing
388,4.9,2683,37.69,https://magiceden.io/item-details/9397mSFsg8jppS2LWR2WUEhShUBKp3yti9qG7xz4D5Fi,Blue Gradient,Black,Nothing,Nothing,Fez,Nothing
402,15,2165,0,https://magiceden.io/item-details/DKfAJT8xXhp8xSoYDqJc2SL44hd5rpkBetfNvBbxQMGH,Red Gradient,Albino,Nothing,Nothing,Afro,Smile
408,7,112,47.65,https://magiceden.io/item-details/DicCfbf36gsXgSwigqTZbUS2FSyJXNQqFNmJfFtn96kQ,Blue Gradient,Black,Silver Earring,Nothing,Bunny,Red NT Mask
413,5.5,57,63.31,https://magiceden.io/item-details/6C166atUmeesVmY7ayWsmDVUwpgXxnwKY6uXRKwv5uPe,Blue Gradient,Gold,Nothing,Virtual,Elf,Vape
416,3.5,2561,53.16,https://magiceden.io/item-details/Cj3qNjbmnokUGNDmnvm6bbLxzbZwzHed34crUAZSHgub,Blue Gradient,Red,Nothing,Nothing,Saka,Nothing
424,3,647,81.21,https://magiceden.io/item-details/8Ce5fCumJmsGLkiDP1KLJUk4mUZQhUAnmNax8fWKMLwM,Binary,Cyan,Nothing,Angry Visor,Cap,Nothing
425,4.98,813,59.41,https://magiceden.io/item-details/GAW1spGFpXgPNuRXim51et7fuE7MaaJSmfn8rp3sVEUM,Blue,Red,Silver Earring,Angry Visor,Nothing,Nothing
427,4,303,75.35,https://magiceden.io/item-details/7SHnyhCVMet8dZSGKsRPAifcNzk2FVTmuB3BqSpQf5kP,Blue,Red,Silver Earring,Nothing,Gambler_s Hat,Jaws
446,9,45,28.46,https://magiceden.io/item-details/64rnZGkJ6Cfa9UYbnybtProRfAR9A6t2odkCLGDoZeFQ,Cream,Cyan,Neon Earring,Solana Visor,Cap,Smile
450,3.4,1756,63.86,https://magiceden.io/item-details/52gmEzYtzC5UNB7srdrJwtiFgKQnJqpYeiy85UCEiJBh,Purple Gradient,Blue,Nothing,Nothing,Pilot,Jaws
456,9,1971,5.27,https://magiceden.io/item-details/GWhYCP3fdBhr6xogmZWCPoyS8gpnPeZudBVHGPsAKMiR,Psychedelic,Zombie,Nothing,Nothing,Nothing,Gold NT Mask
458,4.1,2805,44.23,https://magiceden.io/item-details/AAD9ZzPdMxwTArycAus3LbraUgUHgzGjXasQwnFyfwM4,Cream,Brown,Nothing,Nothing,Saka,Nothing
460,11,2768,0,https://magiceden.io/item-details/5LVPKStmEQVZCcdLRKRftMBhBM4cS7ePZQvkM7HttSYz,Brown Gradient,Blue,Nothing,Nothing,Naruto,Nothing
462,8.5,84,32.99,https://magiceden.io/item-details/9nKGmxmZ1zToZUjm9yZUCnLKQHoZZmnWSajttn4VQDHZ,Blue,Zombie,Neon Earring,Stoned,Bunny,Nothing
488,2.9,499,83.99,https://magiceden.io/item-details/G3mPGvXq6uF9rtEMX4geW8KbWvcEHXNMvxxhNse3ti42,Brown Gradient,Brown,Nothing,Metallic Visor,Afro,Jaws
489,6.3,245,53.05,https://magiceden.io/item-details/7yeHfWjnzP8frmKjNf8RcUD3w7ZiUyeRnKcFUkfRAuEQ,Purple Gradient,Blue,Silver Earring,Nothing,Cap,Vape
495,3.01337,3144,51.01,https://magiceden.io/item-details/AK56SkQ6XJfXZnbaeUMNUvk5nTEfj257cfVxtx2MrEbz,Psychedelic,Brown,Nothing,Nothing,Monke,Nothing
496,6.9,692,41.67,https://magiceden.io/item-details/C1FRd1uqDdu1tZEzZibXPFL3NzyVR8VCNk2PxG721rF6,Purple Gradient,Cyan,Nothing,Solana Visor,Crown,Nothing
497,5.3,1501,47.93,https://magiceden.io/item-details/8k9CjDmHRsnEAGaNKrA4e1bmzeUJtyELUyuRcHedgDF1,Blue,Black,Nothing,Nothing,Cap,Cigar
512,3.75,2578,50.46,https://magiceden.io/item-details/7btSYt6HG9nktLhVTjMwVmqrG3GEGn7wHSw6KbTwxe7d,Psychedelic,Blue,Nothing,Nothing,Crown,Nothing
515,3.7,1057,69.27,https://magiceden.io/item-details/BRAxWisUrAohYquxSTRcQnjbZw99C52Vy63dtif8YYZz,City,Cyan,Nothing,Cyborg Eye,Nothing,Cigar
516,4.65,963,60.9,https://magiceden.io/item-details/HFaBy4bZG2rRXBanPsMzNeGTQxPNkubggafqcWPnRNUt,Cyber Age,Blue,Nothing,Nothing,Gambler_s Hat,Blunt
529,5,3182,30.69,https://magiceden.io/item-details/3dZcryp9WLmb6KnJaTpv1NVNipQTfTtmuZEC6ZmfmYCi,Red Gradient,Blue,Nothing,Nothing,Nothing,Banana
531,2.8,2100,65.71,https://magiceden.io/item-details/3JEmYrRu8nR8Ex48A2mxAxya1CzhBfHzkR7Ve8PXgYeA,Purple Gradient,Zombie,Nothing,Nothing,Pilot,Nothing
549,4.3,307,72.3,https://magiceden.io/item-details/27ha4RWQWUEBSaNpT3knhrB1cqdjZeGct3yBU6VSMwh1,Violet,Red,Nothing,Solana Visor,Monkey Bun,Red NT Mask
552,2.45,1076,81.54,https://magiceden.io/item-details/HWtwyHk9vmJCYUdKDgyuG5VM7puacR1TjgoiFg5pBtfJ,Blue,Black,Nothing,VR,Military Hat,Nothing
553,4.8,2751,37.88,https://magiceden.io/item-details/8TX3iUkSz86v8RiEymkEnGBWw2SxRFotALhUJaxiu92Z,Blue,Brown,Nothing,Nothing,Nothing,Red NT Mask
563,6.5,745,45.03,https://magiceden.io/item-details/6fR6MiBMmZv92TqUoD2qsZzCzGMWaTdu8uwMy5ssuoWA,Cyber Age,Mutant,Nothing,Nothing,Ice Cream,Nothing
576,5,451,63.57,https://magiceden.io/item-details/ZofPR6s8JgX34xNkq1dy661V3t7c91t5mqZpvrYbGcU,Psychedelic,Albino,Nothing,Virtual,Santa,Cigar
580,3,2044,64.39,https://magiceden.io/item-details/CRghiNpxX8QKxxHeQFWzbH5FUwMYj2fyvY1jPrfHZPwZ,Red Gradient,Black,Nothing,Nothing,Monkey Bun,Smile
581,19,39,0,https://magiceden.io/item-details/8iPxsCfUJwehQpAeJynxxLy9PMbu87cyHjZpNZdjQJGU,Binary,Gold,Silver Earring,Cyborg Eye,Nothing,Smile
584,4.5,2216,47.32,https://magiceden.io/item-details/CAML6CSMXidcLk1C5BpogQ4HcRzjtgcVVbzfW4Apy6if,Cream,Zombie,Nothing,Nothing,CEO,Nothing
586,8,2371,10.45,https://magiceden.io/item-details/E4BqHPXTbYH7cpfEAEbR9YyiWKJpveEsg2G2nYBeqaXF,Blue,Zombie,Nothing,Nothing,Cap,Nothing
592,7,2433,19.7,https://magiceden.io/item-details/FZ5Vn7bVjGhLsRRbHoZLfAoySFE3zAQ7R99XdiApxSG4,Psychedelic,Robot,Nothing,Nothing,Nothing,Blunt
601,9,2876,0,https://magiceden.io/item-details/6Bw5uDNJHGTMFuu9pQsdrdz15fw4ksxZUVr25NtVqufi,Psychedelic,Brown,Nothing,Solana Visor,Nothing,Nothing
605,4,595,71.84,https://magiceden.io/item-details/DdcEzasQN1FkQ1CAsrj37d5CHaL9W3UyD4DByQJ6M5EE,Cream,Mutant,Nothing,Cyclowear,Pan,Nothing
610,7.77,169,39.27,https://magiceden.io/item-details/JCvXTuvg5v9yWw6jkLiweNzn9ktbN8ym4q4GxkbUD3ip,Red Gradient,Gold,Nothing,Stoned,Monkey Bun,Smile
614,9.5,394,19.26,https://magiceden.io/item-details/8SWeJpvkrJoHuYHsx88FZUdqSiubfdCEDWcYYF4uCAsn,Purple Gradient,Black,Nothing,Stoned,Afro,Jaws
618,4.7,614,64.61,https://magiceden.io/item-details/Fko9WEY5aLsdSfyHAUbDbBkYyGCbiFJruQPNfCQkWduf,Blue,Blue,Neon Earring,Metallic Visor,Nothing,Smile
619,3.95,693,71.16,https://magiceden.io/item-details/4dpvZ1Sq9TzbavDa5V3BwyndJ6VTiKzgrwmsCM32N8UZ,Cyber Age,Albino,Nothing,Solana Visor,Fez,Nothing
620,8,35,38.58,https://magiceden.io/item-details/AGuXJ9mNzbVroGY5mpZaA4XmnpbbBST3gVSccvy5EgV9,City,Gold,Nothing,Solana Visor,CEO,Green NT Mask
621,9.87,3225,0,https://magiceden.io/item-details/6iFg5FMzXkPKDGEbzACy4aSqUX1gz6ZKoKiyziTn8EWS,Cream,Blue,Nothing,Nothing,Shark,Nothing
625,2.9,2593,58.78,https://magiceden.io/item-details/85HvuRPhMmpftQwQz95UkWTQ3PhRX9Xaws2vAm9pzk4J,Brown Gradient,Red,Nothing,Nothing,Pilot,Nothing
632,1.95,2841,65.29,https://magiceden.io/item-details/EUBoiz36rJcmWwM2u5mDNYKeDMV4eYXao2MY8WgwaRjq,Brown Gradient,Cyan,Nothing,Nothing,Bunny,Nothing
637,3.96,2252,52.28,https://magiceden.io/item-details/9Z5Va838mX9q8WUGdpQUR1Ekby3oiSvLAJh7aQUYfhRu,Binary,Brown,Nothing,VR,Nothing,Nothing
642,3.5,2491,54.01,https://magiceden.io/item-details/9AfFwBRanEQQmqTRE2K93oaQQpwqJ6X4n9JH8tYZABXk,Red Gradient,Albino,Nothing,VR,Nothing,Nothing
645,7,3164,10.9,https://magiceden.io/item-details/5dYxzqoTZSYjqw2RRrg38Nhd7nJzvuXZCp3SBeYS7Rq6,Brown Gradient,Blue,Nothing,Nothing,Fez,Nothing
649,2.2,2866,62.49,https://magiceden.io/item-details/5DarCuzXQu25pA9zVnu44ovU59GK87VWdNGDzuAQYzR4,Violet,Cyan,Nothing,Stoned,Nothing,Nothing
651,3,1193,74.64,https://magiceden.io/item-details/41kVH6wc2sadajdEQPgMRFhjKXNAiqkz1iAGq8ufork6,Brown Gradient,Red,Nothing,Nothing,Ice Cream,Blunt
653,4.29,2040,51.54,https://magiceden.io/item-details/4JVj8oACeBUupaTyLMyAbXcKNm8ZJMWEdy7APhvCVPLo,Purple Gradient,Albino,Nothing,Nothing,Military Hat,Smile
661,5.69,2484,32.19,https://magiceden.io/item-details/5RuNcJrnYC2gJAFhzjKbqfwCugoe2BCUmtKDH6U7rRTv,Blue,Robot,Nothing,Virtual,Nothing,Nothing
668,2,2189,72.64,https://magiceden.io/item-details/CJtNTLGNb7bNgUvEfQUzbEDeT1A9vDXD3cvXo7ZsQHXy,Blue,Zombie,Nothing,Nothing,Ice Cream,Nothing
671,7,1809,27.22,https://magiceden.io/item-details/8EVQwNMhX57kDW66abmoeKx18tfBTCRWu53h9ovVM9Gn,Cream,Cyan,Nothing,Nothing,Shark,Blunt
678,3,3307,49.18,https://magiceden.io/item-details/5TPNBvYBzjV2uSm3XPuvGcWDGjsXRW52KJYWU9XDq1dT,Red Gradient,Black,Nothing,Nothing,Nothing,Nothing
682,7.77,343,37.17,https://magiceden.io/item-details/7ZqDWwNNX9gv5JAJFzDdzFwVKafCt5EHWZpEPS4H4Mdf,Cyber Age,Cyan,Nothing,Cyclowear,Pan,Smile
683,2.81,3313,51.01,https://magiceden.io/item-details/34NqgcD2RYqi5MU9ftPPsHbYRvQJHxoedKxv28eoFb5c,Blue Gradient,Red,Nothing,Nothing,Nothing,Nothing
685,2.95,1340,73.37,https://magiceden.io/item-details/3mP1uPEAcnHdnuVWp2YY3U1dKtHHtdKTJJ7BXW9gxitV,Purple Gradient,Red,Nothing,Cyborg Eye,Nothing,Vape
688,5,1600,49.73,https://magiceden.io/item-details/DWF2hjW8BEo5uNZ2VJRxwyFq54crYPkHXoa9un6ksE3r,Purple Gradient,Red,Nothing,Cyclowear,Nothing,Jaws
699,45,2250,0,https://magiceden.io/item-details/dJvVd3ypEgb6ZJdZtV2RovGW1G7aYrn9nZLe2o1bJ8S,Red Gradient,Robot,Nothing,Cyborg Eye,Nothing,Nothing
714,2.25,2897,61.62,https://magiceden.io/item-details/AaaCQV5c825cWdNu6dh41prQtoUGgWQBQh6A6hff4aX7,Psychedelic,Cyan,Nothing,Nothing,Cap,Nothing
725,69,1176,0,https://magiceden.io/item-details/CjkzcDD3Fz6KheAnKYTJsakFZVfY5D9YCLoFyttrkKJy,City,Brown,Nothing,Nothing,Crown,Smile
727,5.5,91,62.9,https://magiceden.io/item-details/BYhYV2Pe1LR1sSfsLdDCWMzx1eAZdJEjqsHQ69XqxN1c,City,Red,Nothing,Cyborg Eye,Pilot,Gold NT Mask
735,8,168,36.98,https://magiceden.io/item-details/G5kk3brpi8qfKnv7wrQ1ag9FSsWhNphvzmLzeiUAgmrh,Blue,Robot,Nothing,Solana Visor,Santa,Banana
743,10,2795,0,https://magiceden.io/item-details/AZL7Vpytkq4QhrA1Nd6gj1xARbARz4xXFCzb8aK9EP5C,Psychedelic,Brown,Nothing,Nothing,Saka,Nothing
750,9.99,3059,0,https://magiceden.io/item-details/7ATJBDcnDNfext77iCzeicCoRu32saSckNm1BAXSPuab,Blue,Albino,Nothing,Virtual,Nothing,Nothing
751,4,411,74.05,https://magiceden.io/item-details/HYTRLyzDBB6qKNguVLzjhsTzFKgjNqvFXrDCNLyWkMab,Brown Gradient,Red,Nothing,Cyclowear,Afro,Cigar
753,3.7,282,78.6,https://magiceden.io/item-details/DTKXbiTezF9GBbzbj8DdeSncXzZWaYGsP8Xx2FiQFuJ5,Blue Gradient,Black,Nothing,Cyborg Eye,Usanka,Vape
755,4.6,2102,47.69,https://magiceden.io/item-details/J1VQxfPF2JtY9NKPoTVA3wJuAFoQ99dJ9y3uPWWHcEU9,Psychedelic,Cyan,Nothing,Nothing,Saka,Smile
759,2.97,2157,63.33,https://magiceden.io/item-details/2AXW7aCMczZAAxpyo4DtkdXGsvwMWeCn355PzSNbvRN2,Violet,Black,Nothing,Nothing,Gambler_s Hat,Smile
760,17.7,1046,0,https://magiceden.io/item-details/AY4Agm9b5rdbqk5BnKr9zW6Td8hSWaqSqEgzAybCCxs7,City,Blue,Nothing,Cyclowear,Naruto,Nothing
779,5,2428,39.76,https://magiceden.io/item-details/2SUbNq1Jdsu4GCauMEKXVfacJ8TBeqnCj6dovKh6b6wx,Purple Gradient,Black,Nothing,Nothing,Ice Cream,Nothing
792,3.5,226,81.28,https://magiceden.io/item-details/5FCizn6G5T3Lap8Phnu148MySqooWpcWDfGo79ufBj14,Blue,Brown,Silver Earring,Solana Visor,Nothing,Cigar
794,4.2,1680,56.77,https://magiceden.io/item-details/4aK7DCH2AYLdxDyaZVWn3ppTJpPicz19kevqowgsg69M,Blue,Cyan,Nothing,Metallic Visor,Fez,Nothing
798,3.3,905,75.1,https://magiceden.io/item-details/4hpB8pLKQAHMJvoStuLA7MAHTxjpF7u4qjxgdz6iL2pW,Purple Gradient,Brown,EarPiece,Nothing,Bunny,Nothing
801,6.33,1138,42,https://magiceden.io/item-details/F6aGV9G8G5LspyjE7jwPsPqmXVicVpEs2fyzy2eaTAKR,Cream,Black,Nothing,Cyclowear,Pilot,Nothing
804,6,360,54.67,https://magiceden.io/item-details/6Sm7e5e1zj9BcJ29QxnLZzuuuSqQ1tEpbN6HstPiJxZ9,Blue,Blue,Nothing,Virtual,Military Hat,Gold NT Mask
807,2.7,1634,72.33,https://magiceden.io/item-details/EcziSCQiTeEJEZWwL6ND15qiqvUzGvu7Az2j3iNRiUp5,Blue Gradient,Blue,Nothing,Solana Visor,Afro,Nothing
817,4,1257,63.86,https://magiceden.io/item-details/GWmoQnG7e2u4krrcd2sbo9WVEt4xcwZm1gKrhPAgdR9V,Cream,Black,Nothing,Nothing,Bunny,Red NT Mask
830,5,1776,47.62,https://magiceden.io/item-details/HhB7L4fDE5x7XxfH3HFikbCXNRdh35F8HX11vm7k6gVs,Red Gradient,Blue,Nothing,Virtual,Military Hat,Nothing
838,5,1873,46.45,https://magiceden.io/item-details/EtyiWttaY6LtAvZ7aSaP18Dq91ZXEZ3gdESvzZeNfnRZ,Brown Gradient,Blue,Nothing,Cyborg Eye,Pan,Nothing
856,10,542,12.47,https://magiceden.io/item-details/CyPGVfvoW1MG54MYYSEvbbMhuo3HcLDym6tTX7fL7f8C,Red Gradient,Robot,Silver Earring,Nothing,Nothing,Green NT Mask
862,3,891,78.27,https://magiceden.io/item-details/7x2Gq3Hfrb2wHwqbV5CeUStWJFppVjyS1LZUvZ3YvPTM,Blue,Black,Nothing,Metallic Visor,Nothing,Gold NT Mask
868,10,3053,0,https://magiceden.io/item-details/4zuxjFE1KVjXZyBd3F8ayb6Z6zC3FzJv7pr7h8NBjjsy,Psychedelic,Albino,Nothing,Nothing,Bunny,Nothing
874,45,22,0,https://magiceden.io/item-details/8YNPBtkFGAj8yXdoRhSoQyrnhZ2B7MNAuETYPGNJf1BH,Cream,Red,Neon Earring,Cyborg Eye,Usanka,Red NT Mask
876,69,1249,0,https://magiceden.io/item-details/HX5gcphchqfQixDF28ceuGodsJnDDzzbF7RprPg9tCus,Blue Gradient,Brown,Nothing,VR,Shark,Nothing
887,6.3,339,51.92,https://magiceden.io/item-details/53mH2zsKEmhMz8X3Dq2tTwaJqpEXZDsuWFwLXMzpcja2,Psychedelic,Cyan,Nothing,Stoned,CEO,Green NT Mask
904,3.2,229,84.24,https://magiceden.io/item-details/DmnFPkcK3cCf6etXCJfaJCMQygb6YHwH7cggG6zbNHvC,Red Gradient,Albino,Neon Earring,Angry Visor,Nothing,Smile
908,4.8,1342,54.84,https://magiceden.io/item-details/5svW4okqDGcJeYMN543uevWv8Zyh4qpue1C43byt1fQM,Brown Gradient,Albino,Nothing,Stoned,Fez,Nothing
909,4,486,73.15,https://magiceden.io/item-details/FgdEvXA7ciPehDXrxTxED7sA3PdPygN6mrgwKyzNf4kz,Purple Gradient,Robot,EarPiece,Virtual,Nothing,Nothing
910,3.5,304,80.34,https://magiceden.io/item-details/26hCkY67aFNwYC36girC3vw6Skb9jaabaSfkuzgMmkqV,Brown Gradient,Cyan,Nothing,Virtual,Ice Cream,Cigar
911,5,556,62.31,https://magiceden.io/item-details/47zb1yDx1XQrrcG1vaUaYmynTd1moJYrXkm4u2NCULjK,City,Zombie,Nothing,Solana Visor,Usanka,Nothing
912,4.99,2259,41.9,https://magiceden.io/item-details/JBixd4qgyLVHGrDyqK6ybM5kKjLL7Lw1sgkrXYXeerDd,Purple Gradient,Black,Nothing,Nothing,Nothing,Gold NT Mask
914,4.2,420,71.94,https://magiceden.io/item-details/E4fVVkxuXETVocPJUKrAt5VJuTCKkX8PjyzX1kxZuTpS,Psychedelic,Albino,Nothing,Metallic Visor,Monkey Bun,Green NT Mask
917,4,1560,60.22,https://magiceden.io/item-details/DxkjwkZUcYqCJYZUiSZMtrzf1SCBgjhYsjppvVh5x48j,Brown Gradient,Blue,Nothing,Cyborg Eye,Elf,Nothing
926,2.99,1828,67.09,https://magiceden.io/item-details/2BBVvK2bbQH2tRLUKmaMiAJkBVydLbwz6DcHtVLXdsd1,Red Gradient,Red,Nothing,Nothing,Fez,Banana
942,3.3,1833,63.93,https://magiceden.io/item-details/6V4GPEzskEjunJHt8M7LM9Va9Equ6ZJej6kGWLVquw7H,Blue,Blue,Nothing,VR,Nothing,Blunt
944,3,605,81.72,https://magiceden.io/item-details/5N4kav5PxvtrVs7NkPcZfSDNwwSgJFfZ3uX5pvLrnPyR,City,Robot,Nothing,Nothing,CEO,Jaws
949,3.35,2340,57.32,https://magiceden.io/item-details/3h3xMud7sTUP2SGHkm4Lvp6zSy7NHnSaEfXHjoSHURK4,Psychedelic,Robot,Nothing,Stoned,Nothing,Nothing
951,5,405,64.12,https://magiceden.io/item-details/EkRHqMDAHgKmGD5kNZsaT66VN78vPWuGAbddzRA5tdwn,Blue Gradient,Cyan,Nothing,Cyborg Eye,Shark,Green NT Mask
956,2.5,2573,63.02,https://magiceden.io/item-details/GLCS1mwbnXeyuiCERy7SeEdVw8qMDN49TBR3jo4JhwHM,Brown Gradient,Albino,Nothing,Nothing,Santa,Nothing
961,3,2806,55.21,https://magiceden.io/item-details/8aej6RGDfj9tf5ZiKG8xV2e6ygSGN3T48rp3sHMPKLDD,Blue Gradient,Red,Nothing,Nothing,Nothing,Cigar
963,6.19999,374,52.5,https://magiceden.io/item-details/9DuT9wmVUVCCgokRW1DXuFxTseo5B49a6USP4siwGkob,Blue,Cyan,Nothing,Cyborg Eye,Saka,Blunt
968,5.7000033,984,50.15,https://magiceden.io/item-details/EU1wRQfy6UcEDJVDLfa9zDrYKDr4V5iNdZbhdyKhw4ZF,City,Red,Nothing,VR,Pan,Nothing
970,3.10101,2363,59.54,https://magiceden.io/item-details/GyPX7aQ1BJR1ufaenUgJTEEnbzKuR8vK9QAmi1DUNdxG,Binary,Zombie,Nothing,Nothing,Nothing,Smile
974,3.987654,1096,65.93,https://magiceden.io/item-details/Cjekb91ExMrNBYMXVQjUuxGpY9aAVVkqxFRVm1JL22SV,Brown Gradient,Cyan,Nothing,Angry Visor,Nothing,Banana
984,4,453,73.55,https://magiceden.io/item-details/BfAD5C3jdeYRKbuqoKhmyy9Fvkdfm18VupD8VEeT45QV,Violet,Zombie,Neon Earring,Nothing,CEO,Nothing
991,65,2480,0,https://magiceden.io/item-details/DReKJWRcHfndMR2htYbxyE2zBHFGKFfuQXNzy5mTygKn,Cream,Mutant,Nothing,Nothing,Nothing,Smile
993,5,2924,33.79,https://magiceden.io/item-details/AqTtR527j5vgk1u3FHbL47ihPQ9eJtmi8TzPKUk58eUj,Brown Gradient,Brown,Nothing,Nothing,Pan,Nothing
1000,4,1289,63.48,https://magiceden.io/item-details/7bKX8avzZYuiYZUUx7q1iLb1rDD26od8XCA2hhQsjGeC,Purple Gradient,Red,Nothing,Virtual,Naruto,Nothing
1004,3.2,2281,59.53,https://magiceden.io/item-details/4kXAs7KZ2viYEXxZMABNLewTPuurqStaJGq8V3QmqHHm,Cyber Age,Brown,Nothing,Nothing,Usanka,Nothing
1013,22,6,0,https://magiceden.io/item-details/AErjLgzRS1zknHvSo9Jityq52gGKvQZbKyYNZnLH4Cou,Cream,Red,Neon Earring,Metallic Visor,Santa,Gold NT Mask
1015,2.696969697,2845,57.77,https://magiceden.io/item-details/FFaTHPEmBC2CUHvUpwPFwmKv5qDc3wUpyjbXdtdYngUG,Violet,Albino,Nothing,Metallic Visor,Nothing,Nothing
1016,9,2741,0,https://magiceden.io/item-details/93uLzg6HJqbUtwMBvhzS3Yj86KQ81AUbWKF5GsAD5RiC,Red Gradient,Blue,Nothing,Nothing,Nothing,Red NT Mask
1017,8,1322,23.08,https://magiceden.io/item-details/371HHBhVwB1pdxwEBfqDeH2J8iTZyZ4xjVmrwrW4zABe,Cream,Albino,Nothing,Cyclowear,Nothing,Vape
1023,10,2605,0,https://magiceden.io/item-details/EkB534EoPEBqwRfF74iHWppETmuFGL6iGiTeLBLo7Cr8,Purple Gradient,Brown,Nothing,VR,Nothing,Nothing
1031,6.5,80,53.04,https://magiceden.io/item-details/84aa9mxHEuTi9mWRGKzrHRv5Sry5j9HPgkMHmcuuBdh3,Violet,Zombie,Silver Earring,Nothing,Military Hat,Cigar
1044,4.44,1030,62.2,https://magiceden.io/item-details/4bae4ZrFbmeBbUcrEG9G1qR9rMkV2AfL1dxGkdv9d3m5,Binary,Robot,Nothing,Nothing,Monke,Smile
1048,2.4,1980,71.16,https://magiceden.io/item-details/4NnSPqagMAHeft5cns4VRoBRzPsmLxdobMcMVpcwSaAg,Blue,Brown,Nothing,Nothing,Monke,Blunt
1056,10,874,8.48,https://magiceden.io/item-details/2vpLtc5xsfa7RfS91QayeN5nb7mcX6XoaHKkTnh76ZBB,Binary,Brown,Nothing,Nothing,Pilot,Green NT Mask
1064,100,3315,0,https://magiceden.io/item-details/2rJxeESeKcCeeStXzZBZZCnxArNmWpGzzPCNGQzh35yn,Blue Gradient,Brown,Nothing,Nothing,Nothing,Nothing
1066,15,219,0,https://magiceden.io/item-details/54ohkptse18JeRVBKodEjc8MPJ5WNKL9xM2us6i6JCHg,Violet,Brown,Nothing,Metallic Visor,Crown,Cigar
1071,6,2642,27.19,https://magiceden.io/item-details/5Sg7tU9sY59bztS7DGA8X9roKEKJeqpePmhLnNHKmiKu,Psychedelic,Brown,Nothing,Angry Visor,Nothing,Nothing
1073,3.33,1135,72.03,https://magiceden.io/item-details/7ZE3q2yae2dSczmUzfdWe2ActLY3UmE5jyi6C4MhYjjt,Purple Gradient,Red,Nothing,Angry Visor,Nothing,Green NT Mask
1075,3,651,81.16,https://magiceden.io/item-details/GsBCex1VaoWuCvuDQUDhCksRmxjRLEo1xQoU3XnQ9ouW,Cyber Age,Red,Nothing,Cyborg Eye,Saka,Nothing
1095,4,850,68.77,https://magiceden.io/item-details/8fbmXV961wyAcEPZTrni5ZE5wTZ9VBK7MszLdtZjT8Lp,Cyber Age,Blue,Nothing,VR,Monke,Nothing
1110,2.8,1063,78.2,https://magiceden.io/item-details/5ekZAzRiFJsagcRNb4zRuhfdp6JCNanQp5714fC882wn,Psychedelic,Robot,Nothing,Nothing,Cap,Banana
1114,9,2920,0,https://magiceden.io/item-details/CaXwzDN3DTpxwWzwLP5HYXxgbNGDXN9f3tKqZWL1UfP3,Blue,Cyan,Nothing,Cyborg Eye,Nothing,Nothing
1127,2.68,1091,79.06,https://magiceden.io/item-details/4MxnakcSxtYvKe55izHS1DTGPkXYHZ8QZjHm8DQfaYDj,Psychedelic,Blue,Nothing,Metallic Visor,Fez,Smile
1131,6.5,209,51.48,https://magiceden.io/item-details/3onacd2tjzkK6MaT97JniHoqhF3g58LBba2iYzQBcU6C,Binary,Blue,Nothing,Stoned,CEO,Blunt
1143,1.91,1723,79.15,https://magiceden.io/item-details/5vcFyRazNBebwki9daE2sjqyALPArQ4miuR2czwXAV24,Psychedelic,Cyan,Nothing,Nothing,Pan,Cigar
1144,16,428,0,https://magiceden.io/item-details/HFus3vneMpRBuHYt5u43iozEtGX2EoVcZP5BtCUicsPu,Binary,Robot,Nothing,Cyclowear,Elf,Nothing
1148,5,2095,43.77,https://magiceden.io/item-details/BV45fM6j7p8E8eHxWmMWGrMstjAR2oCAfB3LmpPLRt8W,Cyber Age,Cyan,Nothing,Nothing,Santa,Nothing
1150,2.2,2716,64.3,https://magiceden.io/item-details/CKE1RpsALAtYaq9eL1K57i9xgtWV24Yb4PVerJHum9Dk,Violet,Blue,Nothing,Nothing,Nothing,Gold NT Mask
1163,3.4,470,79.34,https://magiceden.io/item-details/8nDWJkGTHM9N6mXerTSRdzdSdSrbFt6vkH19PMgcvNG2,Blue Gradient,Brown,Nothing,Cyclowear,Usanka,Jaws
1169,10,2884,0,https://magiceden.io/item-details/8YmQHbBq9Rn5xtUPZaEhC8yJUzYzNUQ5jyHJ6WYaw1JN,Cream,Brown,Nothing,Solana Visor,Nothing,Nothing
1170,3.9,3034,43.47,https://magiceden.io/item-details/5RN2rzMN1ZmiEVhtptgHPfGymL7z2cpvx4F5DCT8zsZJ,Violet,Albino,Nothing,Nothing,Shark,Nothing
1172,6,149,57.21,https://magiceden.io/item-details/3mX29ZcWnXxJkvFPgE9MG2XhX5g4kdeMhmp44HZdqydx,Brown Gradient,Cyan,Neon Earring,Metallic Visor,Fez,Nothing
1178,5,2589,37.83,https://magiceden.io/item-details/D1H77uwQURDP9632ZTvvMpRvnV256taxfav2ATAPqb9m,Brown Gradient,Black,Nothing,Cyborg Eye,Nothing,Nothing
1186,2.7,2043,67.4,https://magiceden.io/item-details/DxtHeHFM1cnfCgAQhyK9qiBxUsykKhmwCBJYsTzMgN4S,Red Gradient,Blue,Nothing,Nothing,Shark,Jaws
1189,10.6,1885,0,https://magiceden.io/item-details/6zjxvCEQcid3yGYDiC8xMxfsXneYEr9CHywR1BPt7siY,Red Gradient,Brown,Nothing,Nothing,Bunny,Banana
1190,4.1,1733,57.13,https://magiceden.io/item-details/8qHyJXKGGNhETAydaX5kMpnj8WEhcUnQ38qWdGTrsT3T,Cream,Albino,Nothing,Nothing,Monke,Cigar
1191,3,997,77,https://magiceden.io/item-details/3Dma1X6VfnkfB4gcPyzXdcZKBxe1zTeWSFYjfyE3TYVX,Violet,Black,Nothing,Angry Visor,Santa,Nothing
1192,5.4,660,57.05,https://magiceden.io/item-details/5zbXE6YSLTtqvFhcdDbkgUVrfdAHpxYa582nL18H1LX7,Red Gradient,Gold,Nothing,Virtual,Nothing,Jaws
1194,8.35,895,24.72,https://magiceden.io/item-details/Fnm9K39wJC45eMkUo8de4ecCtwAzuDBRT1vAkpF78PBt,Cyber Age,Red,Nothing,Nothing,Shark,Green NT Mask
1200,9.8,2797,0,https://magiceden.io/item-details/FmFubke8KWxo1EUWGV1WNuTK4XLR6yDLWPKxCCnQYgra,Violet,Brown,Nothing,Nothing,Naruto,Nothing
1206,8.99,780,19.71,https://magiceden.io/item-details/G1FoVeJcXPSqYvU3MWV6sktarmbWhgrCuUafXzjacZgv,Cyber Age,Mutant,Nothing,Nothing,CEO,Nothing
1210,6,496,53.03,https://magiceden.io/item-details/DnzsQKEfsRyJMehLMyruoewktHYehx2iv71nKuEsrVR4,Cream,Albino,Nothing,Cyclowear,Fez,Blunt
1211,2.5,2423,64.82,https://magiceden.io/item-details/Guc74ayrauzUeTfkqHGjPX1f69wuahgK2WMtfFyWtkAa,Psychedelic,Albino,Nothing,Nothing,Nothing,Gold NT Mask
1214,2.5,2321,66.05,https://magiceden.io/item-details/F4UsvKoebTSSX4eGvLNq3yKT1znauto91XJU8AfAZuUu,Purple Gradient,Brown,Nothing,Nothing,Bunny,Smile
1215,5.5,971,52.31,https://magiceden.io/item-details/A3gXd87PvXvAywq93xe3RL6QbpVJJVf8vayjEZL5Pjkg,Binary,Red,Nothing,Virtual,Nothing,Vape
1216,6,59,58.29,https://magiceden.io/item-details/9BpG7hoHqfyG7sHbmaLjay1MiWW35cDtHoALejVXZp79,Red Gradient,Mutant,Nothing,Metallic Visor,Gambler_s Hat,Blunt
1220,2.6,2115,67.53,https://magiceden.io/item-details/4osKGP7TsF2uGfB8roH9tVx9s1zpHx5tEnaQLcpbRvZy,City,Robot,Nothing,Nothing,Monke,Nothing
1233,5.5,3132,26.29,https://magiceden.io/item-details/HTseQNAJXwbo6kTkv2KgJj5EaFfT2aRr5uCGYYDNam1z,Brown Gradient,Blue,Nothing,Nothing,Afro,Nothing
1234,2.4,2431,65.73,https://magiceden.io/item-details/7qYrxEvUQeY9RohtcZUwXLC7WSjdKtHEFuHZNRggeaeG,Cream,Brown,Nothing,Virtual,Nothing,Smile
1252,7,738,40.11,https://magiceden.io/item-details/7VPgr6DDrre9G626JNjmudWYfwFMKYCPNd1Hbq4QSseD,City,Zombie,Nothing,Virtual,Fez,Nothing
1255,12,48,0,https://magiceden.io/item-details/AJv5MdeP7wu1tx3eC7GHKeyTC6cnc3mNtg5YxUWi4Atq,Binary,Black,Neon Earring,Nothing,Pilot,Green NT Mask
1266,2.6,1366,76.55,https://magiceden.io/item-details/9FbpkvEP2LQDgdX93NjWACPmMn2jNKfiQa7g9t2SL317,Blue,Black,Nothing,Stoned,Cap,Nothing
1268,1.9,2947,64.52,https://magiceden.io/item-details/23TzE4HLxWhpkZGH3aESsQpZX9rbdTkjPV6qczJtirmn,Blue,Albino,Nothing,Nothing,Nothing,Cigar
1270,4,1110,65.63,https://magiceden.io/item-details/5qkEHDH6dntLyny3zU1BFMKdoVz6hnJXyg1rk59aUbLU,Cream,Mutant,Nothing,Nothing,Shark,Smile
1272,8.5,2617,2.49,https://magiceden.io/item-details/E6vkdtX2sg9WUYC8bEJMBxBnCsFasw9B2hFHMc9s9sfL,Red Gradient,Cyan,Nothing,Nothing,Gambler_s Hat,Nothing
1277,3.49,2584,52.99,https://magiceden.io/item-details/BVPdkN8cW3PvAZ1fFhQ2xm7aRGPTPjPT2GeSvCGhRUiQ,Cream,Blue,Nothing,Nothing,Crown,Nothing
1279,7.8,88,39.94,https://magiceden.io/item-details/XNMMAubhg4UE5vvZyGNPJ65iTauhg1XDjKEAhyJmTdQ,Red Gradient,Cyan,Neon Earring,Cyclowear,Ice Cream,Nothing
1280,5,265,65.81,https://magiceden.io/item-details/HJFKTttsh8SGHNjYx1jJHrU1MRTy9k7GkaBzEumqqaa2,City,Brown,EarPiece,Cyborg Eye,Nothing,Smile
1291,3.79,1577,62.11,https://magiceden.io/item-details/5gNPJEKReCiTUgjLssVKDS5EGna8Khm18zVMutxeo5an,Brown Gradient,Mutant,Nothing,Nothing,Santa,Nothing
1293,2.19,1332,81.06,https://magiceden.io/item-details/DWpyrs11UGv3AgvgfM9qVRyZg6JK4YxGVfZUVXLeTLoA,Purple Gradient,Blue,Nothing,VR,Nothing,Vape
1294,2.5,2437,64.66,https://magiceden.io/item-details/FeGwmfYGSWCyPn5LaEf5kyNiqwJ1m7EZoWq8MDfpwWPL,Psychedelic,Robot,Nothing,Nothing,Afro,Nothing
1296,4.49,1544,55.51,https://magiceden.io/item-details/nYCTZ2QPFPz62FePpLWDXXZuJFC1hJkG8XNY19nCaSE,Red Gradient,Albino,Nothing,Virtual,Afro,Nothing
1298,2.2,1561,78.2,https://magiceden.io/item-details/DzHyth51QaVqbnTvY5h42ZqHyXjmAMzLtPMriS9wqhPE,Violet,Black,Nothing,Metallic Visor,Bunny,Nothing
1300,3.5,416,78.99,https://magiceden.io/item-details/HfiaCXDGyyTsAWv2UCERu4pM3YfgDKzvHTMtx9iQojst,Blue Gradient,Cyan,Nothing,Virtual,Monkey Bun,Green NT Mask
1317,2.84,1726,69.82,https://magiceden.io/item-details/pX838txVmWeQ3muurCZXZN2VgNRj8RqmyZGm6rEcRTs,Blue,Blue,Nothing,Angry Visor,Fez,Nothing
1325,10,3079,0,https://magiceden.io/item-details/6Xt1Ua9dc4a5xsYzWD7VtuBMEgxBf4EAwBuvDensRGPG,Cream,Blue,Nothing,Nothing,Pilot,Nothing
1327,4.44,1100,61.35,https://magiceden.io/item-details/BHDMicqsadaBBeCD8r7wJgv9jtSLbpDHyhngDCDePP4S,Cream,Zombie,Nothing,Nothing,Pan,Banana
1329,14,1901,0,https://magiceden.io/item-details/E2vU6Xvt6bCLD1hxKo3t44ta7Jv9Rz2fjWpoiUxjfxcF,Cream,Mutant,Nothing,Metallic Visor,Nothing,Nothing
1334,2.79,1665,71.05,https://magiceden.io/item-details/FCy3aJYRAaqGE2P9EVKq5H4tYzsi4tLu7iVuy9YNJKZw,Red Gradient,Blue,Nothing,Metallic Visor,Monkey Bun,Nothing
1335,3.256,2367,57.94,https://magiceden.io/item-details/8atR2vp4SPZsghQLNtT6ZRL2jTEZnkxsxfcsmQYvTThb,Binary,Black,Nothing,Nothing,Nothing,Banana
1339,52,1534,0,https://magiceden.io/item-details/2atDpWr5ikznNokDveA5fJAVyLN9c9t3FbzXhjVPwoGJ,Psychedelic,Black,Nothing,Cyborg Eye,Pan,Nothing
1341,16.5,2229,0,https://magiceden.io/item-details/33HMSCknUAdBDQc6TCUjyTTYWoUcdUBpUbKthotPT4kU,Red Gradient,Cyan,Nothing,Nothing,Crown,Nothing
1351,3.99,2267,51.8,https://magiceden.io/item-details/Ggt6r95KVazuy251yDLEmWrQZcjFyUZPbkkFcTSUUB6s,Violet,Black,Nothing,Nothing,Pan,Smile
1359,5,337,64.94,https://magiceden.io/item-details/BpnBizBYHSbvxo5ceUiSNhwkEzaFSNLAYFjeFoA5jkvE,Blue,Brown,Nothing,Virtual,Saka,Red NT Mask
1378,49.51,469,0,https://magiceden.io/item-details/6RLBRkNgtX32gjqjPK8vJFMUby4qi6uZtuMz2tEsKgjr,Blue,Red,Nothing,Metallic Visor,Gambler_s Hat,Green NT Mask
1383,23,1209,0,https://magiceden.io/item-details/7GKMNEHof3uoCetCTeYGvfq5ugAV7uc3ityNtqHY8JGQ,Violet,Albino,Nothing,Stoned,CEO,Nothing
1385,2.69,2665,60.01,https://magiceden.io/item-details/R4JamP18mRFZhEyEMECCBeQxyJCwkVCwPKFNkBrL4uM,Psychedelic,Black,Nothing,Nothing,Military Hat,Nothing
1392,3.5,986,72.13,https://magiceden.io/item-details/FD7krd256oytPHoxusr7bEmKnuTdWNznN5WZ1A484drz,Red Gradient,Cyan,Nothing,VR,Military Hat,Nothing
1401,6,459,53.47,https://magiceden.io/item-details/F7bw7UnaJzHbu3UGwmZo1dA5iskoy5Ung3FR6Y2XQ8df,Purple Gradient,Red,Nothing,Stoned,Monke,Green NT Mask
1402,5,2709,36.38,https://magiceden.io/item-details/GVfhCryMmw43vmC1eeva2wRLo41YM9VCcU6X5RCMhPvU,Purple Gradient,Albino,Nothing,Nothing,Nothing,Cigar
1407,4.5,952,62.54,https://magiceden.io/item-details/DUBqFRQTqPi7DEuvY5NtXd5jJDQxpDi9EWtVkn1ee4N,Violet,Brown,EarPiece,Nothing,Monkey Bun,Nothing
1410,5,1072,56.09,https://magiceden.io/item-details/5UFJWPH4BB3tYEqHoURqSHe5vQX31WXZNtXGBhW7B9g2,Violet,Albino,Silver Earring,Nothing,Shark,Nothing
1417,4,2361,50.57,https://magiceden.io/item-details/HUrFktDiJLBtCJiwaDSayDh3ymbtQH75QscCsPvMPyRH,Cream,Cyan,Nothing,Nothing,Crown,Nothing
1427,4,2492,48.99,https://magiceden.io/item-details/5vqFfnvjdBKnFpPiwN2QfGfGqF3dHhrbej2LrovAB5D3,Blue,Zombie,Nothing,Nothing,Nothing,Jaws
1428,4.9,2237,43.06,https://magiceden.io/item-details/ZCFZjR4Gj8kGcGeE1K4PmqfrPTVKuboQoKGaJyGZC4h,Cream,Black,EarPiece,Nothing,Nothing,Nothing
1437,2.29,3322,56.1,https://magiceden.io/item-details/E7Mx24mNoxfmTVp9CFGDPg1cvRcLXQcynnttEchq6JFS,Cream,Albino,Nothing,Nothing,Nothing,Nothing
1445,5,1867,46.52,https://magiceden.io/item-details/3iZnTnCUd4zJC9PcduvMrMtWpqvmLi7SNqixLbNKu721,Violet,Robot,Nothing,Nothing,Shark,Smile
1449,8.8,3077,0,https://magiceden.io/item-details/GugFqhXTxLetpUDP5yJwq5QPyobBxQrqtScZ2UJVfVKH,Cream,Red,Nothing,Nothing,Nothing,Cigar
1458,2.69,2928,56.84,https://magiceden.io/item-details/2vEDJh216puc5qxbQFoRXxf4Rd8Hzu2gY8tQAuiJa59z,Cream,Albino,Nothing,Nothing,Nothing,Cigar
1459,6,284,55.58,https://magiceden.io/item-details/7Eo9KnzJaWnZu4usTR7cExvqeN5KkDkvdcU2grPeRGo3,City,Brown,Nothing,Solana Visor,Monkey Bun,Banana
1466,2.99,1967,65.42,https://magiceden.io/item-details/BGsRw21k7mT9qAxSFkQMN4BNZBwVd1mNFQPSUQqd8Agm,Blue,Brown,Nothing,Nothing,Cap,Jaws
1468,4,283,75.59,https://magiceden.io/item-details/Z2uY5mnJEDyWwf4zPneTyKxstfcXv81giRBSCxv9YCc,Red Gradient,Blue,Nothing,Solana Visor,Ice Cream,Vape
1476,3.49,690,75.79,https://magiceden.io/item-details/5hHHu26S93U1Wi4SKH5PRc2SLc5wTD3FY4Lw6DES5PbN,Red Gradient,Albino,Neon Earring,Nothing,Elf,Nothing
1481,18.8,622,0,https://magiceden.io/item-details/7Tveui7xwwgwnUPFxMpdJYZnF8cUx1J724hz2NUL4t95,Violet,Robot,Nothing,Nothing,Monkey Bun,Gold NT Mask
1483,6,650,51.17,https://magiceden.io/item-details/6ppkfixXUQ8ipp63aQFrxiCJdvMJutCewQ1owQAr4Kxr,Cyber Age,Albino,Nothing,VR,Bunny,Nothing
1484,3.8,1452,63.52,https://magiceden.io/item-details/EW82CrPx95mbqdoj3xSmV6mzB3QmKJp7jRuA6uuuDMjP,Blue,Red,Nothing,Stoned,Elf,Nothing
1492,15,456,0,https://magiceden.io/item-details/GCjY9FGN3vCEq3JefshMSZcXkFDbACBs2RWv9KDRCQgK,Brown Gradient,Mutant,Nothing,Virtual,Pilot,Nothing
1496,4.5,945,62.62,https://magiceden.io/item-details/FHafdKmxdGJNBdksouMZrTi7NTQavqj1VGYmmk43FCSi,Red Gradient,Albino,Nothing,Nothing,Military Hat,Red NT Mask
1501,12.69,688,0,https://magiceden.io/item-details/9pub5LCHETWYEUgZYMXhWjcayrdWfe4GTbdrLM4ucjHZ,Red Gradient,Blue,Nothing,Stoned,Ice Cream,Smile
1502,5.5,319,60.16,https://magiceden.io/item-details/AfNXKE687itSY65LhoYd1icWmNU6rVnQQx1Tf1c8RF8Q,Brown Gradient,Blue,Neon Earring,Nothing,Fez,Blunt
1503,3.33,2782,52.2,https://magiceden.io/item-details/CxaPDUP3mfK8SXscDKX4DqzTX7jPDiqyQuSpBuy4pDra,Blue Gradient,Blue,Nothing,Nothing,CEO,Nothing
1508,18,3172,0,https://magiceden.io/item-details/1LgA6edzSu4LsNQSY7Y5cFCEKhGdAabxTszqqpcLnJz,Violet,Blue,Nothing,Nothing,Nothing,Vape
1512,6,334,54.98,https://magiceden.io/item-details/4fwWLL8VtbhuYkSF9NfVCdAzYjykD46LyZGe7q1Tt5Pf,Red Gradient,Blue,Silver Earring,Nothing,Fez,Cigar
1513,8,1205,24.49,https://magiceden.io/item-details/EQQxSfC5N4tbNUcjsgMcDMRnNWQ9JBrixiPYjF3PXLci,Red Gradient,Black,Nothing,Virtual,Santa,Nothing
1518,10,3056,0,https://magiceden.io/item-details/3TDQeJznpbNffyDRDNVxSZcqfMyym2mhLLLhnKB6jM3H,Red Gradient,Mutant,Nothing,Nothing,Nothing,Nothing
1524,3,768,79.75,https://magiceden.io/item-details/Cmhuck6x5dRELNxgQKTCbKhdzCHF9ETf5CeBzPD4YvNi,Red Gradient,Brown,Silver Earring,Nothing,Naruto,Nothing
1526,12,841,0,https://magiceden.io/item-details/F8dxHKeLdcR4bREZi7qQvjp5ufy75RUa4w3DVppGBRFK,Purple Gradient,Red,EarPiece,Nothing,Afro,Nothing
1529,14,547,0,https://magiceden.io/item-details/DNUMexmEdmHfxXTEuMjxsi76iEk5LRCaT9bTAezGyBgY,Blue,Gold,Nothing,Cyclowear,Nothing,Vape
1533,4,2626,47.38,https://magiceden.io/item-details/4xA1XfCYahPYgWMtCQbNnPJPc5WoVMMK2QgqUtZtA9jW,Cream,Albino,Nothing,VR,Nothing,Nothing
1534,2.75,2961,55.85,https://magiceden.io/item-details/4Uu6yZvWyKEU84AwbPKnCGDowkqWU2veefDjBHVWMWfG,Cream,Cyan,Nothing,Nothing,Usanka,Nothing
1538,5.5,583,56.98,https://magiceden.io/item-details/ARbK7z3uP9N8XyyAkmRyx9AvC8ycQDJYU5B1sEzDhaUj,Red Gradient,Blue,Nothing,Virtual,Fez,Vape
1540,5.75,195,59.15,https://magiceden.io/item-details/38HVCiLQzjNfs8vDe4ArGWev19EEJHcEN7LbRXkrwa4f,Brown Gradient,Red,Silver Earring,Metallic Visor,Shark,Nothing
1543,2.82,2563,59.94,https://magiceden.io/item-details/3Db9Sgno9xoeZtPEerdcbvVZALKNbdLfWapiLGbAkfgi,Brown Gradient,Brown,Nothing,Nothing,Ice Cream,Nothing
1551,5,2319,41.08,https://magiceden.io/item-details/BcQNSt56VCkU7UyvrfV8rLt4BCKoqYSJP5bM3K1123fY,Purple Gradient,Zombie,Nothing,Virtual,Nothing,Nothing
1555,12,1947,0,https://magiceden.io/item-details/Dj1gTZqMrVmHFXPjbFWrC2Jwpwsudsmme4sfHHotbHpp,Blue,Brown,Nothing,Cyborg Eye,Nothing,Banana
1556,3.29,216,83.5,https://magiceden.io/item-details/FNi2e68Dn9F5i9Ey77M7DywxqGW4j45J5SmYzauDvFR1,Cyber Age,Blue,Nothing,Stoned,Afro,Cigar
1559,4.9,2544,39.37,https://magiceden.io/item-details/6LjRmWvCAAaBCybhDvjhRV22Fdc65inH3N2Ljk23foJT,Binary,Blue,Nothing,Nothing,Monkey Bun,Nothing
1560,3.99,3191,40.68,https://magiceden.io/item-details/gy4FFbzD1zCMqCe8GS1v1WFCvWJLibpte6CFxTc4JVT,Blue,Brown,Nothing,Nothing,Nothing,Jaws
1563,8.7,1946,8.57,https://magiceden.io/item-details/AvHb3hA3wQJCb2vXC2LzKWF2UQEDZV2YK8mWkRUegfVi,Brown Gradient,Blue,Silver Earring,Nothing,Nothing,Smile
1566,4.49,1654,54.18,https://magiceden.io/item-details/2wzXt8JyzxWTStyVnedv6bKheP6Ec6VCDJSimyL1uYhL,Purple Gradient,Robot,Nothing,Nothing,Bunny,Smile
1590,6,2147,33.15,https://magiceden.io/item-details/9KXbiZ9TTWpFqroGhixHhjPixKeJZpNuTii8eVsJPWXu,Psychedelic,Blue,Nothing,Nothing,Bunny,Blunt
1591,269,15,0,https://magiceden.io/item-details/5TAgHYRR9p1mKKLVqLKY3QX93tz8f5bFbCbnbmZ6y1vV,Binary,Mutant,Nothing,Virtual,Crown,Vape
1594,2.6,2050,68.32,https://magiceden.io/item-details/BNSqZxP3dFoGJJQXsckdiG1t6xhtNtEMwLsn4rBtez9M,Purple Gradient,Zombie,Nothing,Nothing,Ice Cream,Nothing
1596,3.45,1792,62.92,https://magiceden.io/item-details/B18oEDgofwAFLeSaGtELpktsnGfxAWsaskaXsnTx1dSu,Blue Gradient,Mutant,Nothing,Nothing,Nothing,Green NT Mask
1597,50,41,0,https://magiceden.io/item-details/FFS3dwSzMQGK8L25UbgWhXc8yyP4VBY978LsXDJvGWQc,Cyber Age,Albino,EarPiece,Stoned,Fez,Nothing
1605,3.7,670,73.93,https://magiceden.io/item-details/G8wiX9WYbGcNnLW1hehN8dr65672N21ph966o7o13Pvq,Violet,Red,Nothing,Virtual,Afro,Banana
1606,8.42,501,28.77,https://magiceden.io/item-details/8ZmZbMz7Kc9ffMtepJU1gv28yenLA8U4g2vmjGfcmvco,Cyber Age,Blue,Nothing,Nothing,Ice Cream,Gold NT Mask
1608,5.69,1251,47.04,https://magiceden.io/item-details/5RbWaPKCzer9PXfnevnanJAJTWRsB1eY7LXSY8cqmn3C,Blue Gradient,Albino,Nothing,Cyborg Eye,Cap,Nothing
1614,3,2944,53.55,https://magiceden.io/item-details/BaaRerjujUaubxwkbguoQGNtzPLqb2sJw6vefRNpxy6L,Cream,Black,Nothing,Nothing,Fez,Nothing
1624,8.5,1014,21.79,https://magiceden.io/item-details/3xhQUWLN9jsasdbFDQ9bcjYoX5HEhHtzJcotoddt7m9e,Purple Gradient,Brown,Nothing,Nothing,Crown,Jaws
1633,2.4,1102,81.73,https://magiceden.io/item-details/2pnQHyAKsSRzudNWSAxSeQ3Aa11mDzgSfzpW9HJiwP3H,Psychedelic,Zombie,Nothing,Virtual,Bunny,Nothing
1642,2.5,949,82.57,https://magiceden.io/item-details/8hrkvs3bUs86bTjfL7d4gv7KyFAmLVjNniJfaNgh74xd,Cream,Red,EarPiece,Nothing,Usanka,Nothing
1644,3.3,262,82.85,https://magiceden.io/item-details/6TY6kbsh3kSqeBPYEWSauFqS3yLS5g2tJrQNE88LKhNp,Purple Gradient,Blue,Neon Earring,Nothing,Santa,Banana
1647,10,259,15.88,https://magiceden.io/item-details/EfDyxM1wFNFGK4sdF2HxQR4jtyqxoyHRVyD4LLN3vMva,Blue Gradient,Blue,Silver Earring,Nothing,Gambler_s Hat,Blunt
1648,3,3048,52.3,https://magiceden.io/item-details/5ndxcm9G7Y4GfTqay1zup5EJm49S4eWuFYYidYtX34qn,Violet,Cyan,Nothing,Nothing,Pan,Nothing
1650,3.99,233,76.29,https://magiceden.io/item-details/BthkJzajFwVKa9hXTpuqsSugEvcny5Qu7GwwkgFknsrm,Violet,Cyan,Silver Earring,Stoned,Afro,Nothing
1660,3.9,126,78.48,https://magiceden.io/item-details/FDKqCWtzKYkLXUriKyEcS2MSNvxwaL7cgn8mji752q6y,Violet,Black,Nothing,Metallic Visor,Saka,Gold NT Mask
1666,2.5,1740,73.05,https://magiceden.io/item-details/8Qtv1Woa3U1UvD8CkBQ4Lt2qo3nGmU6jNRN5TKeL2TUE,Blue,Zombie,EarPiece,Nothing,Nothing,Nothing
1667,7.99,49,38.51,https://magiceden.io/item-details/DSGvhM7kPJJBPn7HkcnjUkcni5Y1fmhyGM78ZLgVJ4Qy,Cream,Gold,Neon Earring,Virtual,Fez,Nothing
1668,7.24,1690,26.25,https://magiceden.io/item-details/ExDsaqqTrsW9oQ4uR4LoyzBbqqTS2PFwUrKx5t2gnZmd,Violet,Brown,Nothing,Cyclowear,Monkey Bun,Nothing
1672,6.5,241,51.1,https://magiceden.io/item-details/CVs7rp6MmkBYwSt2uCHEEu5qLgKwQcjiX8NAx3oyZffN,Psychedelic,Black,Nothing,Stoned,CEO,Vape
1682,4.49,1651,54.22,https://magiceden.io/item-details/Dq6Xq6m7Ed5nwxGMiLENduuDxBvBGVTsENkd3WDr1Nfz,Red Gradient,Red,Nothing,Nothing,Monkey Bun,Banana
1691,20,27,0,https://magiceden.io/item-details/7odcKRCCv2EM3yzpGHEdPBgbxSKr4TGEMJybTgSnAVEd,Purple Gradient,Brown,Neon Earring,VR,Pan,Jaws
1694,4.5,1633,54.34,https://magiceden.io/item-details/AMBbfoEDqPwFDVwvoURGj1y79wWBJRPxL3XXDsftVtwV,Purple Gradient,Zombie,Neon Earring,Nothing,Nothing,Nothing
1697,5,1049,56.37,https://magiceden.io/item-details/7LRFuP4xNqbViwNQTB4f7V8nan1Ks5JHJPVu3Zc3REYf,Blue Gradient,Cyan,Nothing,Cyborg Eye,Naruto,Nothing
1699,3.6,1703,62.49,https://magiceden.io/item-details/6NG64oqHU7QK1U1bRWr8aGVJjJgConNYYAfAnnZXht8u,Violet,Blue,Nothing,Metallic Visor,Pilot,Nothing
1709,2.2,2749,63.9,https://magiceden.io/item-details/8PQ4EtcgwTtxy7mbWNkopnvxU1G4m8VFtVEPshhPtskD,Brown Gradient,Brown,Nothing,Stoned,Nothing,Nothing
1715,3.65,1511,64.31,https://magiceden.io/item-details/Dg3kwtQD3Yfaf91yfC2DSFeJ7FZKnNzHWmY3KgWtWB8g,Psychedelic,Black,Nothing,Cyborg Eye,Nothing,Green NT Mask
1719,3.6,236,80.16,https://magiceden.io/item-details/CCpmqmxEVkop7TvdFjcR8UHmMMgnknBnaSnZsnzUJgq1,Red Gradient,Brown,Silver Earring,Nothing,Afro,Cigar
1726,6,2016,34.73,https://magiceden.io/item-details/GHKLw9PzWhZBxYcDV5Eq3fKNjEUq6yLuToyUu9sFK9BC,Violet,Robot,Silver Earring,Nothing,Nothing,Nothing
1728,2.45,1640,74.75,https://magiceden.io/item-details/5mgJjBh5oExed9FhJtmvThCR3f89CwaQo8dHSTynqnTT,Blue,Cyan,Nothing,Metallic Visor,Monke,Nothing
1731,2.5,2686,61.66,https://magiceden.io/item-details/9FcWw6GyZurkeVJb2sjHNyEZnXdn5XEK5pYxWEiRUcTA,Blue Gradient,Red,Nothing,Metallic Visor,Nothing,Nothing
1745,8,2026,14.61,https://magiceden.io/item-details/54U5wtgcUsz3sw59DDSBvKy8zcCg8fCdeAX4kP2HZ7i2,Blue,Robot,Nothing,Nothing,Nothing,Gold NT Mask
1748,6.5,210,51.47,https://magiceden.io/item-details/8dggFq8SyRpD8pfUsX5ZnWnTB73Dey1A5DknCdsc8Asr,Red Gradient,Albino,Nothing,VR,Elf,Cigar
1751,7.5,1287,28.5,https://magiceden.io/item-details/EP9xPiuoKhXXq8MmcxuwZnJRfcodqTb1e9ZVoQ5sH5HZ,Cream,Black,Nothing,Solana Visor,Usanka,Nothing
1770,3,2430,59.74,https://magiceden.io/item-details/hbA2ntGoVYDCGoExYAzQhivi3RRq1hbv2x5r9F8tGih,Cream,Zombie,Nothing,Nothing,Monke,Nothing
1772,3.5,2540,53.42,https://magiceden.io/item-details/FymTDSr9Z5aE5HDoeed2JbyCfhkB4NDK8puMGzQZhRzM,City,Cyan,Nothing,Nothing,Fez,Nothing
1774,14,26,0,https://magiceden.io/item-details/D9JCUoRRWQZV4NdLU1ZzQsTiU3j4RgS4j5Ee24Tkqsyy,Blue,Brown,EarPiece,VR,Pan,Blunt
1775,18,263,0,https://magiceden.io/item-details/BdhZhNYAKfzW6iVMXBuf63nx1UmzLGZNi6DLeFJKkXhT,Red Gradient,Albino,Nothing,Stoned,Pilot,Green NT Mask
1784,4.2,1090,63.88,https://magiceden.io/item-details/6br8L1di7vHR2nXPAj44pwdZdszNknprYebYW9Ek79d9,Brown Gradient,Zombie,Nothing,Nothing,Ice Cream,Smile
1787,3.1,2406,59.03,https://magiceden.io/item-details/9LRCD2V3h4TVico7AWohpbbVfruLHtdZQNVDCJibcYQi,Binary,Cyan,Nothing,Nothing,Fez,Nothing
1792,4.97,76,68.38,https://magiceden.io/item-details/AjQqhhFCV3wjFgNohcJotGLXRrBkwwmpCXXFQWuzAx6W,Blue Gradient,Robot,Nothing,Solana Visor,Cap,Red NT Mask
1797,3,1941,65.63,https://magiceden.io/item-details/HsHeknWJRcym2tukMEUXPuGALV8NpZyghWdjjaW2VvJg,Violet,Blue,Nothing,Nothing,Elf,Green NT Mask
1810,3.75,2970,45.74,https://magiceden.io/item-details/J9VF9HxWmCALdrGnLgQX6QQn8vT9eaheYedFELFbNkS2,Brown Gradient,Brown,Nothing,Virtual,Nothing,Nothing
1811,10,1797,0,https://magiceden.io/item-details/61SEPeeiitWP22jZnguRqGxwz2STVPXFMW5BtECPCNHZ,Violet,Albino,Nothing,Cyborg Eye,Nothing,Banana
1814,5.25,440,61.2,https://magiceden.io/item-details/3bwJKLhiYtW9J4L5ofjWWCeh8wg7RNqgy7cusUb32ENF,Blue,Mutant,Nothing,VR,Nothing,Vape
1817,2.7,1095,78.82,https://magiceden.io/item-details/J2JjgWuzJAHhZHu3pg72ZAy4c9zQPr8QvsvXRb4gowPX,Binary,Brown,Nothing,Nothing,Shark,Green NT Mask
1823,4,1637,59.29,https://magiceden.io/item-details/87HXP1Nq1EeZbp9QiHgDjJKkPLNWPkeBSTARYFPgv3Jq,Violet,Black,Nothing,Nothing,Shark,Cigar
1824,8,214,36.42,https://magiceden.io/item-details/9URtVa9jWtZXmFcXxkyEbD2g7PRQcMqXbF4m6uwZx8TJ,Blue Gradient,Black,Nothing,Virtual,Naruto,Vape
1826,3.2,972,75.3,https://magiceden.io/item-details/5xYqsvuHXkV7LA1pi39brPmZvhkFG63TUSx3gTGK6KEj,Violet,Cyan,Nothing,Virtual,Shark,Smile
1839,2.88,1976,66.41,https://magiceden.io/item-details/B14h598PYM1rnWy6eoQAcwZMt8J5TKqzZYs4R6sQR7qk,Psychedelic,Blue,Nothing,Nothing,Afro,Vape
1855,9.5,1303,8.31,https://magiceden.io/item-details/G94UbYd7eQCbtjSe1sL7j56mJhU1nsKEoTJPPhBhShGm,Purple Gradient,Brown,Nothing,Stoned,Nothing,Vape
1859,3.9,224,77.3,https://magiceden.io/item-details/4hQc3kuRXyAUoW9PLvikZcjgZHx7P6CNKKDdwbtWCpiR,Blue Gradient,Black,Nothing,Cyborg Eye,Ice Cream,Blunt
1868,8.5,62,33.25,https://magiceden.io/item-details/N6Hbx9QJracjfvfnh3DCVoCfpr4LkftDtKLk9WvTFHx,Psychedelic,Blue,EarPiece,Angry Visor,Bunny,Smile
1870,5,2566,38.1,https://magiceden.io/item-details/B8R97nhxyJmJ5ppbMUZv7KZZtFxiqzv3mUtT6bpzfEcH,Red Gradient,Cyan,Nothing,Nothing,Elf,Nothing
1875,4.9,1711,49.4,https://magiceden.io/item-details/Bx8rfhvof68cyn44kwkX5AyDRjwDYmKkefrzDMZFvYZn,Purple Gradient,Brown,Nothing,Nothing,Pan,Green NT Mask
1879,4.66,3163,34.31,https://magiceden.io/item-details/6SKJpaiMXdhq5Eez5orwDm75vvxz4SJQXq2ZoZkhF1vt,Psychedelic,Red,Nothing,Nothing,Nothing,Banana
1880,10,3208,0,https://magiceden.io/item-details/3ba6TJWzs39TKBdji6izCyybsbpUaJaqq8L7pVTV7wF6,Psychedelic,Gold,Nothing,Nothing,Nothing,Nothing
1882,3.5,1232,69.17,https://magiceden.io/item-details/4rNoTM2dsJ18dgJqokCoCYJRX8doFVXDKfGSHRmuN8Tr,Purple Gradient,Blue,Nothing,Nothing,Elf,Red NT Mask
1883,33,11,0,https://magiceden.io/item-details/EA3g4fijshoAtXmEzr6cHF6btTGAmZx54LoNH69VbSY,Binary,Red,Silver Earring,Virtual,Monkey Bun,Vape
1885,5.5,324,60.1,https://magiceden.io/item-details/CiBds1W2SahxAx6Zqjk8Adyy1CbhNrCZaPs7j7hWffb5,Violet,Black,Nothing,Solana Visor,Pilot,Banana
1887,3.4,1399,68.15,https://magiceden.io/item-details/PaknwAYx4dzqd8EaJ5aqHawUp97PL4nV8HQfdSRfbyS,Brown Gradient,Albino,Nothing,Virtual,Monkey Bun,Nothing
1890,3,2498,58.92,https://magiceden.io/item-details/3uLUW8iVJHvDcLyWDn7nSp7UthzXMRm9ZXvEE2BX7uRi,Blue,Blue,Nothing,Nothing,Monkey Bun,Smile
1892,8.88,286,26.76,https://magiceden.io/item-details/JDvcoSfZ6vrofqZo7GPP5bgMhkP96PrJbdhfPwda7Gz,Brown Gradient,Cyan,Nothing,Cyborg Eye,Saka,Green NT Mask
1894,3.3,1173,71.88,https://magiceden.io/item-details/22WUDHsNnbjQThc1ar2t75ZVct8aqzqa4Z5HKGKosYYi,Purple Gradient,Cyan,Nothing,Nothing,Pilot,Green NT Mask
1902,8.5,73,33.12,https://magiceden.io/item-details/BaDwBMKVErPTNfGBwMrAGjenTmKgvgEe3K53zUc2j7we,Purple Gradient,Gold,Nothing,Virtual,CEO,Green NT Mask
1905,6.9,3180,11.71,https://magiceden.io/item-details/E6LPhccDVHZysv1N1keyzjHUuGJR41mG8TG5SeMG2ihD,Purple Gradient,Blue,Nothing,Nothing,Bunny,Nothing
1907,3.9,255,76.93,https://magiceden.io/item-details/8ga4g1nE1KZXGjoikrjasAdUTgcurPkkB6CcHBefQ7WA,Brown Gradient,Red,Nothing,Stoned,Cap,Red NT Mask
1909,4.8,427,65.86,https://magiceden.io/item-details/2xFTebqaM5poK9dctdBhDx1uJQUbQFDRHTW1ZUUbseqL,Blue,Albino,Nothing,Metallic Visor,Santa,Banana
1920,2,2144,73.18,https://magiceden.io/item-details/6c22SXZasqjiqTEKuP42yDoD4d1wVp6Doqc3LMwrBSf5,Cream,Black,Nothing,Metallic Visor,Nothing,Smile
1924,15,636,0,https://magiceden.io/item-details/Dvq4DMdaeCJHPmiRMxXscn9rPwWdX5w3uJPSkXPV2GUX,Cyber Age,Blue,Nothing,Nothing,Crown,Banana
1925,5,616,61.58,https://magiceden.io/item-details/AapH8f3Dn1CqzfEkUvNmpVZ3khgyePAvNpMcJsxARXTf,Violet,Blue,Neon Earring,Nothing,Gambler_s Hat,Smile
1928,3.5,981,72.19,https://magiceden.io/item-details/CuBLnvE14ttPy6VZ3fDGq3v9ZkPLv2FKrKxX4qn4nbh,City,Brown,Nothing,Nothing,Ice Cream,Blunt
1937,6.4,295,51.45,https://magiceden.io/item-details/7eEk2pecn1JsikfEsVbvrqVRAEFwYL7ErChHKvWLz6AC,City,Mutant,Nothing,Nothing,CEO,Green NT Mask
1958,6,1926,35.81,https://magiceden.io/item-details/12TYLzCxdPxBQKsXBYJ7pb47W2kYrZnPhKuhQ7HuT4RV,Violet,Brown,Nothing,Stoned,Nothing,Jaws
1961,3.7,3082,44.89,https://magiceden.io/item-details/AdmNm2MnCRAvHmPvBdbY29pJ6JSeqVwVC4JCPW71gPbc,Binary,Brown,Nothing,Nothing,Nothing,Smile
1962,3.2,2445,57.56,https://magiceden.io/item-details/fMJiQQq1L7698TES5UsWBvfkxQNrDHtsqHJH7JviVAs,Cream,Robot,Nothing,Nothing,Afro,Nothing
1965,4.9,540,63.5,https://magiceden.io/item-details/DESQhccw8JzWtLGGP9L6zJmyUqiPTJ3hxkbXFzDYqwVH,Psychedelic,Mutant,Nothing,Nothing,Cap,Vape
1967,3.5,333,79.99,https://magiceden.io/item-details/DjJ6A75NVzFooXpRoQrL4o7j2kr4Fvoo97hfuZH45Fmz,Blue,Blue,Silver Earring,Nothing,Elf,Green NT Mask
1976,3.77,1979,57.47,https://magiceden.io/item-details/GGFzMSfmfZPfn7acZB6Pr3esAJG7PZBVzPkEqEHLeQq1,City,Cyan,Nothing,Virtual,Nothing,Smile
1979,3.69,732,73.29,https://magiceden.io/item-details/35q6ARsKyKBynnr41KW9o3qXuMSiUD1QDJec6znuDN6f,Red Gradient,Brown,Neon Earring,Nothing,CEO,Nothing
1981,19,509,0,https://magiceden.io/item-details/4pux6xZPi441bCmE6TMxUwUJHmCn4YraCERga8n7ru5K,Blue Gradient,Blue,Nothing,Virtual,Ice Cream,Banana
1982,6,1464,41.37,https://magiceden.io/item-details/GeJSKgj3uwxGvRxqR5U3Y2kY4M3qJYNT1mz1LuRnqemX,Violet,Cyan,Nothing,Nothing,Ice Cream,Jaws
1984,2,1818,77.11,https://magiceden.io/item-details/orSvweCTQ1aEcFdPNHoRxygUVhySWbr1QA6GQZeodvZ,Blue,Black,Nothing,Nothing,Afro,Jaws
1985,3.5,368,79.57,https://magiceden.io/item-details/4f4kwAWT5NnoyF9PswxWYaBRswJFGma8MWMAYvF66eZj,Cream,Albino,Nothing,Stoned,Saka,Banana
1990,3.3,2872,51.42,https://magiceden.io/item-details/6ufkxxdCnY7SWinsbcwvULXtuXELpM541LkqZ6xZ5wmG,Brown Gradient,Cyan,Nothing,Nothing,Nothing,Jaws
1995,2.35,3278,56.03,https://magiceden.io/item-details/nyoLDjPG22VLezZk8xpZQtD2bimnjynHouRrZXzX2aJ,Binary,Albino,Nothing,Nothing,Nothing,Nothing
2005,20.6942069,67,0,https://magiceden.io/item-details/9AGNgJWtFuxNqFgSTsYuKmm3MUmBjCW3sShdfSbwPsi5,Blue Gradient,Gold,Nothing,Cyclowear,Crown,Smile
2006,10,1186,4.72,https://magiceden.io/item-details/8oAjJcsaXQ3rf7QBWdMr9FSKdkqPmBqyxDo3hcJbGGKZ,Purple Gradient,Brown,Nothing,Cyborg Eye,Naruto,Nothing
2010,10,497,13.02,https://magiceden.io/item-details/5qu8bP8AiKECjxciTWsGHGeQu6GEPpM2VoA9uu9wsNNj,Violet,Brown,Nothing,Cyborg Eye,Pilot,Banana
2011,65,529,0,https://magiceden.io/item-details/J7E88PGnZR2PYG7nG98qJBWsmaef21LmKcvJYiZ48Jaa,Blue Gradient,Mutant,Nothing,Nothing,Gambler_s Hat,Jaws
2012,6.95,61,48.77,https://magiceden.io/item-details/ENZT465J3wXveNtTd6dvmjw6ztv8jmXjtniyrRGyBGtX,Brown Gradient,Gold,Nothing,Metallic Visor,Military Hat,Green NT Mask
2024,4.4,2198,48.53,https://magiceden.io/item-details/BCkddZKvofXvXzYwmFn7wtVovncQj26UXVANJfkie6vQ,Blue Gradient,Brown,Nothing,Nothing,Cap,Smile
2025,3.3,2264,58.74,https://magiceden.io/item-details/FYP1bx3eFo8R2rkaExeJmUnGh6QWm8AEhG7u2Q8qhwDH,Purple Gradient,Zombie,Nothing,Nothing,Usanka,Nothing
2032,3.99,349,74.9,https://magiceden.io/item-details/HwTqkZK8RGXA2UxxheMkMHka6e4ohTj5yueC6pwf8rQK,Purple Gradient,Robot,Neon Earring,Nothing,Nothing,Red NT Mask
2036,3.95,424,74.39,https://magiceden.io/item-details/D6yrjeBRsiDT1XM8QTcUi1Qt3YA5tKrJfSAbzNwRUUZW,Blue,Blue,Silver Earring,Nothing,Shark,Green NT Mask
2041,3.9,1071,67.1,https://magiceden.io/item-details/3mtwaacWBKN1jJCEYtEdN9wA23fFH76C8ys12wh1wdtz,Blue,Robot,Nothing,Nothing,Monkey Bun,Banana
2048,2,2495,68.96,https://magiceden.io/item-details/76g8vBfwimKpF72bqgz6RFphpRmJbLbmRgwGrimYkPxX,Blue Gradient,Black,Nothing,Nothing,Elf,Nothing
2050,9.5,751,14.96,https://magiceden.io/item-details/AJ99uwqf3qFtgT7HTbH2DYNGShdbFt2APd4cMGNqMb3Q,Cream,Gold,Nothing,Nothing,Shark,Banana
2055,5,2903,34.05,https://magiceden.io/item-details/7Ynf3eX5aQb7aD6AvdJZ9qAn35cNzYQAF7npY2z7LC7J,Blue,Albino,Nothing,Nothing,Cap,Nothing
2059,5,1639,49.26,https://magiceden.io/item-details/7ycKeYxfmwREBjNMQVR96mW3gSCbGqh3FfWibXLRFDjo,Cream,Blue,Nothing,Solana Visor,Elf,Nothing
2060,20,36,0,https://magiceden.io/item-details/2qJrtotRPVbN2JXwe1ycgSfUuKQqA7ejKR2daLJBXSAE,Psychedelic,Brown,Silver Earring,Cyborg Eye,Elf,Banana
2068,4.69,1275,56.75,https://magiceden.io/item-details/8PjGV4FDhSAZPsppyekpb4rZcnQcBqNUNLQQFMgEVLtM,Red Gradient,Black,Nothing,Cyborg Eye,Nothing,Blunt
2077,8.9,1427,12.82,https://magiceden.io/item-details/5j8dXg3vGqSE7pKvDYVQt3Q9xPUgPR7MMedwcLYRstwW,Blue Gradient,Blue,Nothing,VR,Nothing,Cigar
2091,4,1120,65.51,https://magiceden.io/item-details/T3Q1ECPehA6uHvW9EizhJNCW78wbn8ASZShwt3c28H9,Red Gradient,Cyan,Nothing,Nothing,Naruto,Green NT Mask
2092,2.2,3085,59.85,https://magiceden.io/item-details/FrMxcFEWF9DwSfoUjNbWc2ViT1Ndpw4iC74KoUP58BD,Blue,Brown,Nothing,Cyborg Eye,Nothing,Nothing
2093,3.8,193,78.68,https://magiceden.io/item-details/FSvGq2kNjN3QXicaM4WqmgGRYJB5yYXqepTDMfcMVcms,Cream,Red,Silver Earring,Nothing,Saka,Cigar
2096,6.49,2525,23.7,https://magiceden.io/item-details/9mPZRPv8zReMtc3ourvQ2x3QS5EGK2HrHe3Fg8W6f5pB,Cream,Blue,EarPiece,Nothing,Nothing,Nothing
2098,10,366,14.59,https://magiceden.io/item-details/BujvG8HoL4bCxiFykXpBPKbKHjdfoHMTFAqnetk5H3Jb,Blue,Mutant,Neon Earring,Nothing,Nothing,Banana
2102,15,338,0,https://magiceden.io/item-details/GBPWZaT5hDMrDBf6pL1hdpA5yRsT1AfSesa1kXKvUVPq,Blue,Brown,Nothing,Virtual,Crown,Banana
2111,40,7,0,https://magiceden.io/item-details/74ssSGR1R2uM66dyqjrYmu7bRuAqncwbzrozvxorPKT8,Brown Gradient,Blue,EarPiece,VR,Ice Cream,Vape
2113,3,3292,49.36,https://magiceden.io/item-details/7CNicPMqN3vjvMzY2FKTe6cYKoKgeV5urbP3TQhJcnEg,Cream,Robot,Nothing,Nothing,Nothing,Nothing
2114,20,1758,0,https://magiceden.io/item-details/AA3LEpQ81dWiAzmTedFV9Wrap38FizjQtYCNQfhSvR9G,Binary,Albino,Nothing,Nothing,Crown,Nothing
2115,2.95,675,81.37,https://magiceden.io/item-details/A6YDtzdvG6rdMc6FYjwSXje6kwaGy1zGoSyB4WuE8FnU,Red Gradient,Blue,Nothing,VR,Santa,Smile
2119,3.9,1187,65.71,https://magiceden.io/item-details/w19Jhn1N5jZqxVy3EEasjWw272gwti6zWsxGbLCh1Zp,Psychedelic,Cyan,Nothing,Cyclowear,CEO,Nothing
2123,205,782,0,https://magiceden.io/item-details/8Wct4ANLGs2iqF8GZ8AKP3J6N3JrpKzifxR8n8xT2qWE,Red Gradient,Albino,Nothing,Nothing,Crown,Cigar
2127,4,1391,62.25,https://magiceden.io/item-details/CUZMsBo4uPjrjq9u3Zty2KQNxfAsNhgTcvYAPZkS5T1V,City,Gold,Nothing,Nothing,Cap,Nothing
2128,2,2039,74.45,https://magiceden.io/item-details/AG9YLy4Fkbh865YzgaN2PieQ2Gb3kWNU1N8Tu9SrD1Zq,Violet,Blue,Nothing,Nothing,Fez,Vape
2129,2.85,1547,71.87,https://magiceden.io/item-details/6fiQx6zpmNxtq6P7WD98yeT8qFQALRPELKupj5JmHBgk,Violet,Albino,Nothing,Solana Visor,Bunny,Nothing
2158,15,1316,0,https://magiceden.io/item-details/8KBXHQYRxqHSq2iNAHs7jP8WmVQJZe4McmoLsURRE5x2,Blue Gradient,Red,Nothing,Nothing,Saka,Banana
2162,49.9,1,0,https://magiceden.io/item-details/Gf5u23TJU25dotFEXAEix73rqP8EN9Dy39k3LZq937HS,City,Robot,EarPiece,Cyborg Eye,Elf,Gold NT Mask
2171,3,1218,74.33,https://magiceden.io/item-details/51bpywByZPAuwNF8avTKsaF2RN6LmLeXKHkETYayQvL3,Psychedelic,Cyan,Nothing,Solana Visor,Military Hat,Nothing
2172,4.899,2763,36.74,https://magiceden.io/item-details/GMbCdrVxRdDMnEvuq3smorxTM4oMTGhzRVKLfh5xfazJ,Brown Gradient,Albino,Nothing,Nothing,Monke,Nothing
2179,8,1573,20.06,https://magiceden.io/item-details/2xPxSg15pWwdCh9YgLgVVJbt1Mu9ekCuEAwm4iVSRUjy,Violet,Albino,Nothing,Cyborg Eye,Cap,Nothing
2181,7.77,962,29.72,https://magiceden.io/item-details/FFqLdjTNGccKt761jzfqua8c9CzwPNEbmAhGm77KyE3q,Violet,Robot,Nothing,Cyborg Eye,Cap,Nothing
2182,15,108,0,https://magiceden.io/item-details/FZL7YGrYmp53ayXpw3ndFK7rUZK1J7zZYrsN4P6wHZLo,Psychedelic,Zombie,Nothing,Cyborg Eye,Ice Cream,Vape
2184,3.5,1128,70.42,https://magiceden.io/item-details/GAVYMdrBGygNAN8JQ58xBTXHUVPkrbQeJeaHpm62oKKd,Blue,Blue,Nothing,Cyclowear,Bunny,Smile
2186,5,85,67.98,https://magiceden.io/item-details/GsEyan9akBBJzDWy3w6FaFrqufhrzy3qHzysWovYFX6e,Binary,Brown,Silver Earring,Cyborg Eye,Gambler_s Hat,Nothing
2187,7.7,2727,9.16,https://magiceden.io/item-details/2pccKShvHMerSZHAD5gZV6xNN91id6L6KB5rmGp8uRSz,Blue,Black,Nothing,Metallic Visor,Nothing,Nothing
2190,4.45,2288,46.95,https://magiceden.io/item-details/5GMoWNZn3LdnWHuJ2iPnkt9fUwpNXNJ1MSaYSLkPKCwf,Cream,Zombie,Nothing,Nothing,Santa,Nothing
2194,3.99,789,69.6,https://magiceden.io/item-details/GmcqQX2M9iKBLpRsYruz1V6qi9ui24x3H9Dr3WBZnr6J,Blue Gradient,Robot,Nothing,Nothing,Gambler_s Hat,Blunt
2195,4.09999,1951,54.51,https://magiceden.io/item-details/GqE5aHeEPLYW4z2zAiL3mMMH3mF8XynpGZgmdqMqpdHv,Blue,Cyan,Nothing,Virtual,Nothing,Jaws
2199,3,2917,53.88,https://magiceden.io/item-details/B5AzeNtVLy2mySuof4H6285o2L3miUVoiKKCuUZT6sh6,Cream,Black,Nothing,Nothing,Monke,Nothing
2221,3.25,2886,51.75,https://magiceden.io/item-details/4UvRhMi1vaLwGxQnQx4qLCpa8dyqPfWhXvyEi8KS6baw,Red Gradient,Blue,Nothing,Solana Visor,Nothing,Nothing
2223,4,1666,58.94,https://magiceden.io/item-details/8KFmZe8imx5Li8e1U1i8tcLvT3bWiR5zeZhTye5zC88m,Cream,Blue,Nothing,Angry Visor,Afro,Nothing
2225,2.88,2378,61.57,https://magiceden.io/item-details/BsSTU7AqA8xhtohPawPynJXCC8XiQCWu1XRFesKZC6qw,Brown Gradient,Blue,EarPiece,Nothing,Nothing,Nothing
2227,2.9,1807,68.24,https://magiceden.io/item-details/4vD44iYqi9twt72JbZRByieZmzhp1nNsRFjzzp7ykv3Y,Purple Gradient,Red,Nothing,Nothing,Afro,Banana
2234,2.8,2139,65.24,https://magiceden.io/item-details/DkjhPZYEeAVF7rqPhQ13FiqJVi5QWzC9bbJpNTtWeDjT,Blue Gradient,Robot,Nothing,Nothing,Elf,Nothing
2235,4,186,76.76,https://magiceden.io/item-details/HRYGdDbqfPsTQQKRjEhzj5n4ZYHsTTUgE4xvM8R4coJm,Red Gradient,Blue,Neon Earring,Solana Visor,Monkey Bun,Nothing
2237,20,3202,0,https://magiceden.io/item-details/3wSKqe5sUSecb2zvyYmvkvCnbxi4XrxCePdQivizmtpR,Binary,Blue,Nothing,Nothing,Nothing,Smile
2244,5.5,1025,51.66,https://magiceden.io/item-details/B4oHCvvswzGf8x9WV1V9CD6PWYjvsMm14c1KLFtWJTf6,City,Albino,Nothing,Virtual,Military Hat,Nothing
2249,2.969,3005,53.13,https://magiceden.io/item-details/3f9mCNdh32c1bU86xM6bkzzntpJi6cMLT81kcPyRjkZv,Cream,Brown,Nothing,Stoned,Nothing,Nothing
2265,2.99,818,79.25,https://magiceden.io/item-details/3YBkMm8arVEcLTxDSJ68Uixa9jMqshjrDLrxe4Lp7jVW,Purple Gradient,Black,Nothing,Angry Visor,Elf,Nothing
2267,4.99,3101,31.76,https://magiceden.io/item-details/A4paCANCQzFRKUfY4PkvAWErjDSbwL4T4oxXr1knPhh7,Red Gradient,Gold,Nothing,Nothing,Nothing,Nothing
2270,2.5,1553,75.3,https://magiceden.io/item-details/4hKhc6zjqTahG2QkoGmqY4xaTS3goMC5NtaK8SA7iX46,Cream,Black,Nothing,Nothing,Gambler_s Hat,Banana
2277,8,3219,0.24,https://magiceden.io/item-details/9a5Pw7wUXEYB7kgLLsM1WQcJJL2T677t3dq4Ta6f7tVm,Cream,Blue,Nothing,Nothing,Nothing,Green NT Mask
2284,2.3,1185,81.73,https://magiceden.io/item-details/GDi9Pv6bGGTfPLfwnGZU1YCsyrZBkv3dPuypswmC95bQ,City,Zombie,Nothing,Nothing,Bunny,Smile
2288,2.5,3125,56.37,https://magiceden.io/item-details/kivo6cnb6scEnGQDxttApnkWdfw8iFH43deUTQbfkgY,Blue,Red,Nothing,Nothing,Shark,Nothing
2289,3.5,2375,55.4,https://magiceden.io/item-details/GpGpR6XCxDJG29YSCA1JQVob5A1wXPSJCSEdTJxydLe7,Psychedelic,Robot,Nothing,Cyborg Eye,Nothing,Nothing
2299,11.2,585,0,https://magiceden.io/item-details/3iCbvKtY45ZfQzAVqpVGyNaRJQ37SJNFuN5zMB5tDymj,Psychedelic,Gold,Nothing,Metallic Visor,Cap,Nothing
2301,200,117,0,https://magiceden.io/item-details/CiBaxoq8PU4Y7SND6CahwBhC6K42VR9E68YRD6wpGEyJ,Binary,Albino,Nothing,Metallic Visor,Monke,Red NT Mask
2310,4,1212,64.41,https://magiceden.io/item-details/Dfi9y8SbkykBVEonmUWCAfJ9fxGuMc7WcesGjeETjrpw,Cream,Albino,Nothing,Solana Visor,Santa,Nothing
2311,5.5,602,56.75,https://magiceden.io/item-details/EXaoKGMPkxNV1yW9Up31D2tB8FiLic8vcb1AcqV4nt6s,Purple Gradient,Brown,Nothing,Virtual,Monke,Banana
2320,3.49,955,72.6,https://magiceden.io/item-details/9YDJ6VfAmZ2HjNzvfDLntkuzbmzp8TkM3aywRZwZNcxo,City,Blue,Nothing,Nothing,Afro,Gold NT Mask
2323,3.5,1806,62.25,https://magiceden.io/item-details/6moEXtwy9NBVDpzvpoXS4wajfEpQp6qJ3zhp6dKUDm79,Blue,Red,Nothing,Nothing,Military Hat,Banana
2337,4.5,2817,40.08,https://magiceden.io/item-details/Btt4bDR3jLwkuctBUa7aPetzqsB1v9Bq9UH4mEpq4dZp,Purple Gradient,Robot,Nothing,Nothing,Nothing,Smile
2345,3.98,1243,64.23,https://magiceden.io/item-details/AUi6TfVSMo5Bkh16Memm57efRPXJVayrhAo6ZQM1oNYm,Red Gradient,Albino,Nothing,Metallic Visor,Usanka,Nothing
2355,4.9,2156,44.04,https://magiceden.io/item-details/2jG9N2JCeZjhjaWKhNuDQx4fQtGLuHWqSjjeWFCPUz5n,Purple Gradient,Albino,EarPiece,Nothing,Nothing,Nothing
2360,8.88,2579,0,https://magiceden.io/item-details/BFmtCwCxXW4nD5a7mYVBqwmAzEaBkZr3qaJ21VnFicrg,Red Gradient,Red,Nothing,Nothing,Saka,Nothing
2365,2.4,2631,63.32,https://magiceden.io/item-details/833gsRvqmMxnjhTfd3kwSJti7fTTMqsw9yXT4uBqgHqv,Cream,Black,Nothing,Solana Visor,Nothing,Nothing
2370,4,550,72.38,https://magiceden.io/item-details/4ofJe1xoTkhjJQci2Qze8NzfB3s8fDmheBjYHHKXsTsa,Red Gradient,Mutant,Nothing,Nothing,Shark,Cigar
2374,20,46,0,https://magiceden.io/item-details/31n9jmUDxZtNkBX8kUtLpTQC5ExJ3WgnBUit1qUYKLHq,Blue Gradient,Zombie,Silver Earring,VR,Nothing,Blunt
2387,4.5,2485,44.08,https://magiceden.io/item-details/HXXo9Xi3jSCMKUoxJJC3MzZmkd6mMPG6sPQL5wQ4VrSE,Cream,Robot,Nothing,Nothing,Bunny,Nothing
2390,8.5,1830,11.97,https://magiceden.io/item-details/Gimx1p4YZsMXmuYuHZ5YTfCZiDxHGKy311XYY77PaP3o,Purple Gradient,Gold,Nothing,Nothing,Monkey Bun,Nothing
2401,5,3036,32.44,https://magiceden.io/item-details/Hs5hXQXErab97aUxzsPJP1vjmQCBsKiKyTnWLWE72qAR,Violet,Brown,Nothing,Stoned,Nothing,Nothing
2402,3,1413,71.99,https://magiceden.io/item-details/Am6an6XvfuZMK16pywXwYDj4LaJQsCf3pi8QJWpGnM56,Blue Gradient,Brown,Nothing,Solana Visor,Bunny,Nothing
2409,3.3,1488,68.08,https://magiceden.io/item-details/9wsrLfPUxaiJtLgsd3yYsCmpH44YZPXvp8ufhvNhRWB6,Violet,Red,Nothing,Cyclowear,Military Hat,Nothing
2410,4,3097,41.71,https://magiceden.io/item-details/6AhyvnS6yhooSN5uescRwB66xoQpqx8ppQ6xL47dDcbw,Psychedelic,Red,Nothing,Nothing,Nothing,Green NT Mask
2413,4.75,1519,53.21,https://magiceden.io/item-details/DGvKESR5fobBeVeMsonSnRMGqR7oYh8Weu4cynXZwVsm,Purple Gradient,Zombie,Nothing,Nothing,Pan,Smile
2417,4.2069,2755,43.76,https://magiceden.io/item-details/F5kKS6VEjX4FgEfpGKhhvF2CrfbdMUpE1DxCBxdPKMBi,Violet,Cyan,Nothing,Solana Visor,Nothing,Nothing
2421,4,1953,55.48,https://magiceden.io/item-details/G1P2yNvkCaeU9c4sKNdVq8Bp1z1Zqme23oPPRQZUQieN,Red Gradient,Cyan,Nothing,Nothing,Pilot,Smile
2429,100,667,0,https://magiceden.io/item-details/AFmT7sz91QUVMWE476pXbAypm9TZm4VpeV7Y1TsvhzCQ,Cream,Albino,Nothing,Cyclowear,Elf,Smile
2436,4.5,2469,44.27,https://magiceden.io/item-details/548KWzt6fMwRTtVqDRVJSGm1z91EbQhPLned6ShDp6Xt,City,Cyan,Nothing,Nothing,Cap,Nothing
2440,6,1353,42.71,https://magiceden.io/item-details/5gU9pxuyowVo1ybLpJKyXvbaFhZMG2wa55DqQ4aHkLV4,Cream,Brown,Nothing,Nothing,Monkey Bun,Red NT Mask
2441,10.4,60,14.28,https://magiceden.io/item-details/CdQHuygTLdznzL8xjGYBem21ZWGLWMoehsWcVreWW6Ln,Binary,Cyan,Silver Earring,Cyclowear,Elf,Nothing
2442,3.88,1123,66.68,https://magiceden.io/item-details/8oRkq3V6dhMWExHbvJY9JZW9emWYM7K7KrKaxxKVzPAJ,Brown Gradient,Black,Nothing,Cyclowear,Monkey Bun,Nothing
2450,4.5,2334,45.9,https://magiceden.io/item-details/34mjcnHNoeD1NViijLpAkPxZHJnqF6nvwTSn2iFNfUGL,Red Gradient,Zombie,Nothing,Nothing,Nothing,Banana
2456,205,1788,0,https://magiceden.io/item-details/BwTmx7Z496CUWHKpegMtx65dbibLqRVhhqqq4Lq28q7D,Cream,Blue,Nothing,Nothing,Naruto,Green NT Mask
2460,15,3,0,https://magiceden.io/item-details/8C1cYRNHsgwxJnorSaVvjgigUjC9pTsnULETSKeqZzZz,Cyber Age,Red,Silver Earring,Virtual,Usanka,Vape
2463,6.4,2269,27.68,https://magiceden.io/item-details/GXpP3ozEDkP7pie3CRAgEGJxo9ifLYWNY6bWZGPYrYTe,Red Gradient,Brown,Nothing,Nothing,Pan,Smile
2465,2.2,2411,67.97,https://magiceden.io/item-details/FbzerJgaE2jNreTVnT2GoQwr9bEeLjKHaYUqLqwE5EMu,Red Gradient,Blue,Nothing,Nothing,Shark,Smile
2468,2.8,764,81.8,https://magiceden.io/item-details/99RdKHARCWjoVfHRJAcjTYwoXrS988PdZrYFBNTthixZ,Psychedelic,Albino,EarPiece,Nothing,Nothing,Vape
2484,4.5,2968,38.26,https://magiceden.io/item-details/HC2Di4LKvpCu6ZqVeYPJAdVxxi7aEx1B5TCmpVNsmgrF,Purple Gradient,Red,Nothing,Nothing,Fez,Nothing
2487,4.5,2571,43.04,https://magiceden.io/item-details/6VV6KqWU5HFaCSYbedwpRbHkgkTdY9kCNoHgHtvDMTeS,Violet,Blue,Nothing,Nothing,Monke,Smile
2492,10,2162,0,https://magiceden.io/item-details/GeBnTZHykg4mU8fs6197LZ8Cda5YRj5W6d2qEbCV6Udt,Red Gradient,Brown,Nothing,Metallic Visor,Nothing,Smile
2502,45.5,455,0,https://magiceden.io/item-details/DaFN71Gd6WUQBJ2iMfcAR6X9PZYfwBRftDVcfpq3QtPK,Purple Gradient,Albino,Nothing,Virtual,Usanka,Green NT Mask
2505,4.5,2270,46.67,https://magiceden.io/item-details/5Eu4pGMkHUohyMCYey6UZ5zMkYnHy3YAz3MsCW5s3QQx,Red Gradient,Brown,Nothing,Nothing,Afro,Smile
2514,6.9,2493,19.98,https://magiceden.io/item-details/6fSUGyEQYDkxFrAp7dPGCECmBt5XVayWv199x6AwpTpY,Cream,Blue,Nothing,Cyborg Eye,Nothing,Smile
2524,3.333,1982,61.8,https://magiceden.io/item-details/212usEuA3yo6QCyZohKH9iUrEFvRqjKGVRLBYMn2RvLN,Blue Gradient,Cyan,Nothing,Solana Visor,Nothing,Smile
2527,7,176,46.88,https://magiceden.io/item-details/7x9EYEyux1QCGezVPaZuiJUgvC87hKcdZGtJmiAYdsHL,City,Blue,Silver Earring,Stoned,Pan,Nothing
2533,3.4,1199,70.56,https://magiceden.io/item-details/DqnxJ5kF38QjpxoSKha3msriQTt7y6V7HUFHAxfncM6u,Brown Gradient,Cyan,Nothing,Nothing,Cap,Vape
2537,3.25,1939,63.15,https://magiceden.io/item-details/Dj7vpGsdEuwqXSeGj3EZGSBcETB242R5vqb2pUPjBHYX,Violet,Red,Nothing,Nothing,Pan,Blunt
2541,4.49,1112,60.71,https://magiceden.io/item-details/BKSarWL5kJV7TMGpnn8S3j2RnSBmsGiGnKv9Qk3ZqVHk,Cream,Zombie,Nothing,Nothing,Pan,Jaws
2542,6,2257,31.82,https://magiceden.io/item-details/Eq3TmnPe3zSuh41hoqux3xQVun3UUe6Sz65FHnFdwGeF,Blue,Albino,Nothing,Cyborg Eye,Nothing,Smile
2549,3.99,2329,51.06,https://magiceden.io/item-details/HtnCfubgtWp43AdvVY8Q6QcpEmNVsCVYhCXPPex1FdGA,City,Cyan,Nothing,Nothing,Pilot,Nothing
2556,9.15,78,26.56,https://magiceden.io/item-details/2gG3Tnh16m9Xum9MYuiTrDen6bMKtj5y2rMvf7uVp9oE,Blue,Gold,Nothing,Stoned,Elf,Green NT Mask
2572,30,32,0,https://magiceden.io/item-details/5JpNaGSZoWAVNT368SuGxSQwbnuQEgeqscKAWZdED1ZL,City,Gold,Nothing,VR,Saka,Green NT Mask
2585,4.39,487,69.24,https://magiceden.io/item-details/7Tn3xaztVK7XXThQLfFVPVmCaiS4ELiTkvVt1kDvPPKe,Cyber Age,Zombie,Nothing,Nothing,Monkey Bun,Jaws
2594,8,2524,8.61,https://magiceden.io/item-details/2nURqtHg688n9HTFvHjMiZX52QKtorhh13RszsEteHs7,Violet,Robot,Nothing,Nothing,Nothing,Jaws
2614,3.95,1727,58.71,https://magiceden.io/item-details/BzcmziU5MMbkvFBwV3rFZTy6PHpRuURgRnFaGV8C3nt,Blue Gradient,Brown,Nothing,Nothing,Bunny,Green NT Mask
2615,2.85,1496,72.49,https://magiceden.io/item-details/A4ugUYyU4tKcRcH8PUNj4b4pwjeNC1UeMdJNF8zjQ7kj,Blue Gradient,Red,Nothing,Nothing,Cap,Green NT Mask
2620,5.75,276,58.18,https://magiceden.io/item-details/5y96p1Q6EiXXNSFhuCZjoWnvwTWxyGdvGskwzBTi5iUt,Red Gradient,Black,Nothing,Stoned,Military Hat,Blunt
2621,3.2,941,75.67,https://magiceden.io/item-details/8686MkVhSmhYVAatZZEWN9aCXL7pnZKUXFi8GhVUXc5Q,Cream,Robot,Nothing,Metallic Visor,Nothing,Green NT Mask
2626,19.99,314,0,https://magiceden.io/item-details/3kcfsPUTDxcVyDLDLwRsvw69fNqPNMrdFiocyJ8GD7ce,Purple Gradient,Red,Nothing,Metallic Visor,Fez,Red NT Mask
2633,3.5,1735,63.11,https://magiceden.io/item-details/CTWWhi7MzYRqUvDfsZBWNM95fqFMQN4eRWniTNrX7f1e,Purple Gradient,Red,Nothing,Virtual,Nothing,Blunt
2636,3.5,474,78.29,https://magiceden.io/item-details/6ukkG5PatguFXTkfzhsdZ5fVPCotDJAJ98faDZiJ3XfY,Brown Gradient,Red,Nothing,Cyborg Eye,Cap,Banana
2639,10,2415,0,https://magiceden.io/item-details/AzJKefMbzp6yebjG3xY5x3ZWZaTPN6NSjcy27wKP1ycn,Blue,Robot,Nothing,Nothing,Nothing,Cigar
2642,5,3111,31.54,https://magiceden.io/item-details/CvcZeHrQe5Ee72dnDQKNPiAif4HaTCG1Z2U2g7aokaV6,Binary,Robot,Nothing,Nothing,Nothing,Nothing
2643,5,646,61.22,https://magiceden.io/item-details/98tKNvbUrnbvwCRzWrR8zV1dgpNsvWzArTekQfpze3Pu,Violet,Black,EarPiece,VR,Nothing,Nothing
2651,2.79,3078,54.04,https://magiceden.io/item-details/ABgA9hit69vfxSoA3DtgazD3tG9354RU7osDikqxP7cE,Blue,Cyan,Nothing,Nothing,Fez,Nothing
2657,69,1224,0,https://magiceden.io/item-details/B2qmXUi7VzH99metT7QpcdiVoBNZ4jZpC1LzEy3udHvY,Blue,Blue,Nothing,Angry Visor,Naruto,Nothing
2658,3.98,2238,52.25,https://magiceden.io/item-details/8gc9woqQA9cjBAhEBEGsPZnpYHi48oWn8QBHEK1vXnNB,Brown Gradient,Black,Silver Earring,Nothing,Nothing,Nothing
2663,5,2193,42.59,https://magiceden.io/item-details/6Qff2AJvhXq3set41Zokz6aBZDXuo8NvCCXc65JNEoFa,Psychedelic,Blue,Nothing,Nothing,Fez,Banana
2665,3,2169,62.88,https://magiceden.io/item-details/HUS9dJ5mvVa8wST4hZMkevRf3ZGKKj3vuRDeFPsBE7Lt,Red Gradient,Brown,Nothing,Stoned,Nothing,Smile
2668,10,848,8.79,https://magiceden.io/item-details/F9d1289npwkssPjhuUJC7NsbPLacfvEQSEmmESDh5fjr,Blue Gradient,Zombie,Nothing,Nothing,Monke,Cigar
2673,3.79,2446,51.65,https://magiceden.io/item-details/F5b43aqdfmZN3kC4rAfYKp8cPipcsoUbXH4ppwnU1ZpK,Brown Gradient,Black,Nothing,Nothing,Saka,Nothing
2677,3.5,2429,54.75,https://magiceden.io/item-details/FkcqKawP2kW7YExrdjusGnQYDSEXpdpDZQXoPmuv4MS3,Blue,Zombie,Nothing,Nothing,Shark,Nothing
2681,4.4,2753,41.85,https://magiceden.io/item-details/Dzgn3kuCrNeK86w9gZre1LjUrV9L1LVopDhm1NpnwMUE,Red Gradient,Albino,Nothing,Nothing,Shark,Nothing
2685,4.1,1134,64.35,https://magiceden.io/item-details/GP25gRhZC6dbv1uDS4ALxkn1y2BKXw9iZUqonwFijZNQ,Purple Gradient,Black,Nothing,Nothing,Monkey Bun,Vape
2689,10,301,15.38,https://magiceden.io/item-details/5Pu8bQmLzgKyoqdTp5jwAdHxpjfaiotkaCZLAZsDWZWY,Red Gradient,Gold,Nothing,Nothing,Saka,Red NT Mask
2693,3,827,79.04,https://magiceden.io/item-details/61PA5yaeM8pVcifU1hpwBKMficTVuBhWBUXANpUCN8yS,Red Gradient,Zombie,Nothing,Cyborg Eye,Shark,Nothing
2694,6.9,1040,37.48,https://magiceden.io/item-details/HGQvaA34xeLyXqFTST3XD9NgEx44GueEb2y2GoBPsRAc,Cream,Gold,Nothing,Metallic Visor,Nothing,Smile
2706,6,706,50.5,https://magiceden.io/item-details/Hctw2uKWRzsRiqp2KjaeTbxMYNZ1TBe3xKfyHkc7oYiK,Blue,Gold,Nothing,Cyborg Eye,Nothing,Banana
2709,4,1663,58.98,https://magiceden.io/item-details/42AcdYtB4mNfPWL9Dt9K7aK2vXgvHPhr9edvdVpSbcMD,Violet,Cyan,Nothing,Metallic Visor,Monke,Nothing
2717,2,3281,59.49,https://magiceden.io/item-details/4STwVnpjTV2oNe3W8o9CnnoX84SLKwMazKvFq8qTKS1c,Blue Gradient,Blue,Nothing,Nothing,Nothing,Smile
2721,14.99,65,0,https://magiceden.io/item-details/7CdewhJQRHfDN3UfzbzTPpQmb8mwkscg2WKKi9cJsUTx,Cream,Robot,Neon Earring,Solana Visor,Monkey Bun,Nothing
2725,50,2064,0,https://magiceden.io/item-details/GtuygSapF3GEm1NYwxeyyisYaXyzhCAairoD2FQ1nMPx,Purple Gradient,Black,Nothing,Cyborg Eye,Nothing,Smile
2732,6,1140,45.27,https://magiceden.io/item-details/BNNPjr9iKKoRSUgziWzNmGhrQf4YTC7zSorZzPnxcoJ1,Binary,Brown,Nothing,Virtual,Shark,Nothing
2737,2,2499,68.91,https://magiceden.io/item-details/4MXsuaRs5ewXGRji3562Ja7YbYHhPGGCjHpvDCQjqiSo,Violet,Zombie,Nothing,Nothing,Nothing,Jaws
2738,3.49,503,78.04,https://magiceden.io/item-details/4paWcQxdDtWqyoNEeeCkiszad5D4Bj29rJQk9MXjskZD,Blue Gradient,Brown,Nothing,Cyclowear,Fez,Banana
2739,6,2618,27.48,https://magiceden.io/item-details/EAxWEkEt5dDLYXYcAeFq9DigbviCxmRLkyC6mu7eytug,Red Gradient,Cyan,Nothing,Cyclowear,Nothing,Nothing
2746,4.5,639,66.31,https://magiceden.io/item-details/E2vrNZUTV7RCfStFbA45aaYhoAwZsqvE9Qi7ppeXaQFa,Psychedelic,Red,Nothing,Solana Visor,Saka,Smile
2748,5,1009,56.85,https://magiceden.io/item-details/5R9yLeGFND55xmBZ3CuMshxvGrqZ2Y1ybjudzRPxi96B,Binary,Cyan,Silver Earring,Nothing,Nothing,Smile
2750,2.5,2864,59.51,https://magiceden.io/item-details/J4K4JsW3r36NiLynXY54KwjJdJnGymM8qXmWAcbdZiyK,Violet,Black,Nothing,Nothing,Nothing,Cigar
2754,4.5,1263,58.79,https://magiceden.io/item-details/8gxpyD44EnhXrXy3voDEUeAVpL8bujxtvfLoN1Xii9Wv,Psychedelic,Red,Nothing,VR,Nothing,Vape
2757,3.4,1473,67.26,https://magiceden.io/item-details/8xbtNKSVeBcdnQmPQWyjVjij2cny2nGE7LtNhTs9ihD5,Red Gradient,Red,Nothing,Cyborg Eye,Nothing,Cigar
2767,5.21,864,56.5,https://magiceden.io/item-details/Dt8aCBjR4PBkG7dMMQoHqNRJiTDZ6SFjKZXH3yP7GRn7,Purple Gradient,Black,Nothing,Nothing,Shark,Gold NT Mask
2769,29.69,1929,0,https://magiceden.io/item-details/2K1q8L4rG3ZYv7KboNtWf9YezPcXn4nHvzKkWwhxvLFv,Violet,Mutant,Nothing,Stoned,Nothing,Nothing
2775,4.69,1162,58.11,https://magiceden.io/item-details/ERv6sEPupwBmgU8XHNtp188iDMb5iMBinwp2HHEjwEmg,Psychedelic,Red,Nothing,Nothing,Monke,Gold NT Mask
2783,4.44,3285,35.05,https://magiceden.io/item-details/FuM3D5KS7n9ZndvzUz5M7p5iMNMi7cfVibptRRABo5ZD,Red Gradient,Blue,Nothing,Nothing,Nothing,Smile
2784,7,2197,22.55,https://magiceden.io/item-details/EGpCjwDY2ncYMF4DdcGbLXA9378huPjt9qu2pNhjWCVT,Blue,Cyan,Nothing,Nothing,Santa,Smile
2785,2.1,1474,80.25,https://magiceden.io/item-details/B58p7DY3CXrK7Rsvh36hcMKtCSX4jb57L2T7VnKjJfik,Psychedelic,Brown,Nothing,Nothing,Santa,Vape
2791,4,2535,48.48,https://magiceden.io/item-details/HU3iSVuDDogdQv3vqvsUminxAMzxUtF5oN6gPXgpNPod,Brown Gradient,Blue,Nothing,Nothing,Nothing,Gold NT Mask
2799,8,680,30.81,https://magiceden.io/item-details/BQxFik6Q4SJXGjpL3RfgYyFJSFidS4QjR5S9DjQHzkXA,Cyber Age,Cyan,Nothing,Cyclowear,Cap,Nothing
2803,8.566666667,8,33.24,https://magiceden.io/item-details/CLrru7JJFVQbvzPyanUDmEW4ZkYEvHCHGto484eWwkfZ,Blue,Albino,Silver Earring,VR,Fez,Gold NT Mask
2805,5.969,1522,40.98,https://magiceden.io/item-details/DHxXEX1wTHUCWhzosymYpau2yNGk61KQWhsCSbkSwTkt,Blue,Mutant,Nothing,Angry Visor,Nothing,Nothing
2832,9.99,167,17.09,https://magiceden.io/item-details/FXAYopyzZieNzknygaWqjDVdmgjD7ZvQfDHd3jQtbwyh,Violet,Blue,Neon Earring,Nothing,Pan,Gold NT Mask
2845,4,327,75.06,https://magiceden.io/item-details/5TZohccFDxyafha9k16k2K5jhaTfbwQgJyWG1Km69yZ3,City,Red,Nothing,Metallic Visor,Bunny,Green NT Mask
2848,3.5,1866,61.53,https://magiceden.io/item-details/CzrBDQdLCQ2H2yMnmu3Ntj66t8nXTiT1xceZhWTA9dfQ,Violet,Albino,Nothing,Virtual,Afro,Nothing
2871,4.98,2975,33.38,https://magiceden.io/item-details/EV3VcG3rUAnUcUKcbcJtd31Nv4VMxh9XL9ebw8buE9rp,Blue Gradient,Red,Nothing,Nothing,Nothing,Jaws
2875,3,1020,76.72,https://magiceden.io/item-details/AmYuHFNAUzrh2rW1XEpkzBeKjuKoT8YV8tV4NQHUFdT5,Red Gradient,Red,Nothing,Nothing,Monke,Gold NT Mask
2882,3.99,1306,63.37,https://magiceden.io/item-details/8guWyTQ2aZkocSnjFwYZDcXegARHg7r4tPCtwkmHQps4,Purple Gradient,Blue,Nothing,Cyclowear,Nothing,Red NT Mask
2883,3,2672,56.83,https://magiceden.io/item-details/HPfF3D4gsqw8B78BQvkHv4QSoMCSs7Rh3n4a7W15czSN,Cream,Black,Nothing,Nothing,Military Hat,Nothing
2889,2.9,3269,50.64,https://magiceden.io/item-details/8RUi1utK9e97M9cLP6BuZLuWuc9hP5Wyk2WZNmuQewa9,Psychedelic,Albino,Nothing,Nothing,Nothing,Smile
2891,5.99,3114,21.6,https://magiceden.io/item-details/7xwE6cgwnE8uyw3j7sxwEhdPUCidaoV6phzugjQumB1B,Purple Gradient,Gold,Nothing,Nothing,Nothing,Nothing
2892,4.99,3222,30.3,https://magiceden.io/item-details/FVcd1Tk7KMNsZtc4M8ZEjWs4GTSjnekatEf4t8fEtCi9,Cream,Blue,Nothing,Nothing,Nothing,Blunt
2910,5.5,511,57.85,https://magiceden.io/item-details/6f7XWq3iK5xrDgoxmbvmNPxUat6nMHLqg7WxfuvPv7Ai,Brown Gradient,Zombie,Nothing,Nothing,Cap,Gold NT Mask
2914,2.379,2219,68.49,https://magiceden.io/item-details/6FmXXU4uYZ3BeQdjAFpntp93wytFuVFEhQheD4mprc1Z,Brown Gradient,Zombie,Nothing,Nothing,Monkey Bun,Nothing
2915,3.65,1612,63.09,https://magiceden.io/item-details/HpndRY9NotWziy4FWsntW6qr3QTCQTQ6x8uGSmQiJ7iM,Blue,Red,Nothing,Nothing,Cap,Vape
2917,75,269,0,https://magiceden.io/item-details/B9AP5t24f8d5APq4k1KqwuQARGBCsJkx3M493u4UeAhY,Cyber Age,Zombie,Nothing,Angry Visor,Usanka,Nothing
2918,9,2244,1.98,https://magiceden.io/item-details/8A4eon8FRqbp6dtRrNy62LVCsYYoGAvbCLWm1jSR1qd5,Purple Gradient,Red,EarPiece,Nothing,Nothing,Nothing
2919,5.5,1016,51.77,https://magiceden.io/item-details/9Meccq5DxFbznPRWjqx75yW8GJKyo9XvQfkpyCybucpu,Violet,Cyan,Neon Earring,Nothing,Afro,Nothing
2920,4.6,1624,53.45,https://magiceden.io/item-details/2qnsLnrrJFfHtoznBbEC2ebpaJZX6QtuZidJSBKm33w4,Psychedelic,Cyan,Nothing,Virtual,Gambler_s Hat,Nothing
2922,5.8,1363,44.59,https://magiceden.io/item-details/NjBTXtnYZVVGMiRA9Y7HX9cYbvjCBBv8VBEk1yAfjZ8,Blue Gradient,Black,Nothing,Nothing,Cap,Jaws
2931,100,16,0,https://magiceden.io/item-details/FXjnsNGyXop94RfCJtv85cr2AyDrpvFsyD5uqTgbrmsA,Blue,Red,Silver Earring,Angry Visor,Naruto,Blunt
2941,2.85,2357,62.12,https://magiceden.io/item-details/BAXBkk1fF97wChbsxrzamEnrnkMKxvC9wpUfDLycHYw1,Blue,Brown,Nothing,Nothing,Monkey Bun,Smile
2944,4.8,1000,58.96,https://magiceden.io/item-details/8ZzJT6WCeyQxTKuHVtnung6TirePJYV3b1DjB5UTWd32,Red Gradient,Red,Nothing,VR,Pilot,Nothing
2952,4.2,2835,42.86,https://magiceden.io/item-details/7cid7rXZ12HN3G2Tzv3A49o7xrdd8RpNRT9eyzM6c6dQ,Cream,Cyan,Nothing,Cyclowear,Nothing,Nothing
2964,25,4,0,https://magiceden.io/item-details/AZqVsWRtJ1hZ2tmEiEaV1HbztatY3sWMUdbem3kjBiLB,Blue,Zombie,EarPiece,Cyborg Eye,Usanka,Green NT Mask
2987,4.8,1541,52.44,https://magiceden.io/item-details/FiK2aCbMVRLPjWLe5nmctGTdC5YcVnfduXsHppTRL4LH,Violet,Blue,Silver Earring,Nothing,Nothing,Banana
2988,5,2052,44.29,https://magiceden.io/item-details/CTmzP6R1wVZoSYmtsueEc8MB6xbSaQuy4voPp1ieSubQ,Cream,Gold,Nothing,Nothing,Nothing,Cigar
2989,7,582,41.99,https://magiceden.io/item-details/BLNS6getNCyfVaAsk6MkquvKDCUaRWsrTPont2GqCU9H,Violet,Blue,Nothing,Virtual,Saka,Cigar
2995,4.3,2656,44.02,https://magiceden.io/item-details/DvksFEj4cdTA9ZgYNXKPyry3fcsT3vnAxNPQ3DQEBYwJ,Blue,Albino,Nothing,Nothing,CEO,Nothing
3019,4,1969,55.29,https://magiceden.io/item-details/3fSkH4U8UwXSetZtFisemg5Ek9H2YBkQgE8n2HodZkYT,Cyber Age,Black,Nothing,Solana Visor,Nothing,Nothing
3029,5.79,3200,22.57,https://magiceden.io/item-details/9SthpxQ5PmNwRyoBPVhnp5HpWaApRktufgeWJyiuk5qZ,Cream,Blue,Nothing,Nothing,Cap,Nothing
3034,5,710,60.45,https://magiceden.io/item-details/9CwyCxP6WgjW7gShwGhr6e6FfH2foWPFzwvVtr3Ahkdq,Red Gradient,Zombie,Nothing,Cyborg Eye,Santa,Nothing
3035,2.99,1225,74.35,https://magiceden.io/item-details/98su9HQamhoeKTWoBnmZzU65vuyGKJKCDfTYRtkRbc4j,Cream,Red,Silver Earring,Nothing,Nothing,Jaws
3037,6,2223,32.23,https://magiceden.io/item-details/5MUYtDSso3rceWDNFRDUbKm5AWafoBMTL1mPw97XLjTe,Blue Gradient,Black,Silver Earring,Nothing,Nothing,Nothing
3040,3,808,79.27,https://magiceden.io/item-details/6PR7vffqW6Dcm7hcVFW4NgQF2SnyEHhGQVz6vPr8ZpEU,Cream,Brown,Nothing,Virtual,Naruto,Smile
3043,100,2290,0,https://magiceden.io/item-details/FK9tqd2DbZNP1nXgDJGDLvyfh98p9e4J3nfAF7jagRcN,Blue Gradient,Robot,Nothing,Nothing,Afro,Nothing
3045,5,2925,33.78,https://magiceden.io/item-details/2eYZJ4vAvjSwbgZ5DV2PWU34Pr8UwQqUGAt98nQrh92h,Psychedelic,Black,Nothing,Virtual,Nothing,Nothing
3055,7.99,40,38.62,https://magiceden.io/item-details/8pMUp6Xvo173mb5iTsHMaY6XwgH6b7KWKQwGfBCPnz6Y,City,Albino,Silver Earring,Angry Visor,CEO,Nothing
3072,4.5,273,70.71,https://magiceden.io/item-details/9gP5LjV8kFpK1AGxfYB5yTozUSA77Y2qT1jsGvTSUcZZ,Violet,Cyan,Neon Earring,Nothing,Usanka,Jaws
3075,9.5,380,19.42,https://magiceden.io/item-details/HBzGbGevtdiC9nYaV2pHUPhDWhq3mymg9NHaU2k5S8Wg,Blue Gradient,Cyan,Nothing,Cyborg Eye,Usanka,Green NT Mask
3077,7,495,43.04,https://magiceden.io/item-details/DbbXMzoTLv39gUz9q6jpkiHRwXa8GSHBwTDbw7KfWgsd,Psychedelic,Robot,Nothing,Metallic Visor,Afro,Smile
3087,4,1907,56.04,https://magiceden.io/item-details/8thmiju9F1iq3deXTHexskmfGecSndR2rxs1sdTQY68P,Violet,Albino,Nothing,Nothing,Afro,Banana
3095,12,1599,0,https://magiceden.io/item-details/393mU28nCPvxsD1KhQUKo9cEgRdgK1gqCPjaQFkeKpzy,Violet,Red,Nothing,Nothing,Elf,Cigar
3112,4,2395,50.16,https://magiceden.io/item-details/9YNqD2xkbqZrwQBG64DQk3CeaazCzsFUiFSc2mcEJrje,Brown Gradient,Brown,Nothing,Nothing,Nothing,Gold NT Mask
3113,25,10,0,https://magiceden.io/item-details/AdWnYFxwFk76JnxdENzsryj5x9Ekp3pxSQ9ZFmrXpSMX,Purple Gradient,Gold,Silver Earring,Metallic Visor,Shark,Smile
3115,3.9,783,70.57,https://magiceden.io/item-details/ButNdxnSP8zh4DQ4wDDG9HhisG8t3GYuvQ5RuyEqih8K,City,Black,Nothing,Angry Visor,Fez,Nothing
3131,2.8,1918,67.91,https://magiceden.io/item-details/7Bi448KKVwtaqZ2m9RXY77c3X1FT49zSQKPcyFWnBMgM,Binary,Zombie,Nothing,Nothing,Monke,Nothing
3141,4.2,964,65.39,https://magiceden.io/item-details/AqKJapbVXVoJuQpZ4ePrzYMpPAXu3twWwkoFRzQ1uGgm,Cream,Mutant,Nothing,Nothing,Santa,Smile
3144,5,401,64.17,https://magiceden.io/item-details/D6Mc6cmBy8MDBk2i98FBgLzkwYEL3eB2tXUSYfFrGtCN,Cream,Albino,Nothing,Virtual,Monke,Red NT Mask
3153,6.9,1521,31.69,https://magiceden.io/item-details/ArpbfVPxQqEZJGRr5bBrnSoeYZiiuCVM8cvGoi19BR4S,Violet,Brown,Nothing,Nothing,Santa,Vape
3157,4,3248,39.89,https://magiceden.io/item-details/BF8v1LSodqXVvU6TJhfmkGQxAoSiUahjgkKD8hXXPSiX,Violet,Blue,Nothing,Nothing,Nothing,Banana
3169,3.75,2296,53.85,https://magiceden.io/item-details/5sgNHg1TkWB9978sr6hawjdNh38sKZxGf7rGSoyuVQqn,Purple Gradient,Zombie,Nothing,Nothing,Pan,Nothing
3173,20,2592,0,https://magiceden.io/item-details/8AaT4H3mjLhY5hvCnv88fDXFGS2RAhkQwGm1iQFFBjSa,Blue,Black,Nothing,Nothing,CEO,Nothing
3181,10,3098,0,https://magiceden.io/item-details/ASNJcdvh6NmrWHPscujQTkvtWbLxEAoqGv1FK9kfK6qW,Psychedelic,Cyan,Nothing,Nothing,Nothing,Jaws
3193,5,978,57.22,https://magiceden.io/item-details/4h9bjs6TnqZiAbyg3L2dtBWjMDuGYvK8bpFj3hCfJ1hW,Brown Gradient,Robot,Nothing,Virtual,Bunny,Nothing
3196,15,1333,0,https://magiceden.io/item-details/CHwWapxdA3qhJqMXQ1CnbmkHZDY15i5jUsx87w6nCHJE,Psychedelic,Gold,Silver Earring,Nothing,Nothing,Nothing
3201,40,2940,0,https://magiceden.io/item-details/3j79iSD6vgmqGcbAnqkxSqhsaK2U47PzHsQpC79pVPx9,Red Gradient,Brown,Nothing,Nothing,Shark,Nothing
3211,4,3049,42.29,https://magiceden.io/item-details/DVtCdZBh6qibPtFeNHzNzCrb9pLpCGudbuUz5bZXDwwu,Violet,Albino,Nothing,Nothing,Monke,Nothing
3228,19.9,897,0,https://magiceden.io/item-details/GU3k8xmHpkdSUC7CRD5vyvFJnRnjpi3DmyBeoYruajin,Purple Gradient,Robot,Nothing,Virtual,Cap,Nothing
3229,3.7,2511,51.77,https://magiceden.io/item-details/86M3Aw87vaw1xGUWLX6weLsGoS36ci6c4QgE2VLDH7Xk,Brown Gradient,Brown,Nothing,Angry Visor,Nothing,Nothing
3253,6.5,1545,35.4,https://magiceden.io/item-details/521uU5qbMRnqX54iVy7Zu2xizhEo9hgivz3FjAqNztNC,Purple Gradient,Red,Nothing,Cyborg Eye,Nothing,Green NT Mask
3259,4.48,2364,45.74,https://magiceden.io/item-details/FWdPAmfDV6L1B7FL5B1UMxNsj15aLNKupMbadz2VMWg9,Binary,Blue,Nothing,Nothing,Nothing,Red NT Mask
3266,13,777,0,https://magiceden.io/item-details/7NQVs8mfpNJzf132faQwKpDNjDKQpTJAx6eAdjNruJz7,Psychedelic,Zombie,Nothing,Angry Visor,Nothing,Jaws
3267,9.4,2644,0,https://magiceden.io/item-details/DSfzS8DBgUYsTy3ugB9eTgHh355UZbh7tqb8uS4htUH3,Blue Gradient,Black,Nothing,Nothing,Afro,Nothing
3271,3,919,77.93,https://magiceden.io/item-details/8h22Fo6Zm4kmX36XzRePLch6Nw92MDcamkRHyg1iaKeu,Cyber Age,Brown,Nothing,Nothing,Fez,Cigar
3281,1.94,2657,67.61,https://magiceden.io/item-details/F8XyfHLGip1hN7VGVm4ciTVqkvvQGAbHG3wo6nPFNM8E,Blue Gradient,Red,Nothing,Nothing,Santa,Nothing
3286,12,683,0,https://magiceden.io/item-details/7bEkMPRRN4RCzoiHGbKmUHQQ7oXkmDeVjnRHvSy9hGNB,Red Gradient,Brown,Nothing,Nothing,Crown,Red NT Mask
3297,23,5,0,https://magiceden.io/item-details/53QvY4FS1gpgB2k9rQQuJmAwcXMHDAqucD69LFZ9JkX5,Red Gradient,Zombie,EarPiece,Metallic Visor,Ice Cream,Smile
3306,2.65,1460,74.92,https://magiceden.io/item-details/FkXTYBpHKTUk36iis62Q7N6t4TD5HbEdYNWLNw2fvBBY,Cream,Cyan,Nothing,Cyborg Eye,Gambler_s Hat,Nothing
3312,2.9,2381,61.33,https://magiceden.io/item-details/EwETavScicRezfKNCicy2aR12nwWWnGAJq7D2SgJA5dS,Binary,Cyan,Nothing,Nothing,Shark,Nothing
3319,3.89,907,69.18,https://magiceden.io/item-details/26XmtTcL7XsEBZ4DhvUeN6efRMCg8Z1b7PpPdXPNNkq4,Psychedelic,Brown,Nothing,Virtual,Santa,Smile
3320,4.251,2564,45.62,https://magiceden.io/item-details/CjS75nqygQrM6SeoX8o7ej4tSFjqEauWMYZWZVvFN3ez,Violet,Cyan,Nothing,Angry Visor,Nothing,Nothing
3327,4.18,1869,54.7,https://magiceden.io/item-details/HLJv46ogwGfqHoysAEariA37PcEHh7ww5WfsXrqJ2xuV,Blue,Blue,Nothing,Nothing,Bunny,Red NT Mask
