id,price,moonRank,ðŸ’Ž score (%),storeURL,Bean,Bkgnd,Eyes,Head,Legs,Teeth
7,7,1536,17.89,https://magiceden.io/item-details/D5uiN3iTjhhc6XufTipLK1dgKVmU53g8SoqyMzDRFZ8e,White,Orange,Puppy Dog,None,Cartoony socks,Spiked uneven
18,4,385,66.33,https://magiceden.io/item-details/AeYF9b4oUpNX82D2SSTXBjR1ju74ZFH7dLgtGeXXUfp6,Orange,Black,Guppy,Crown,Cartoony,Round
20,5.38,287,54.1,https://magiceden.io/item-details/8mVLTy9Gr5e7FL6JAgBdhJz46m17bwKM7yYXZ3QZFBqz,Black,White,Guppy,Dino spikes,Webbed,Grills
59,10,550,3.69,https://magiceden.io/item-details/2qbNW8wSr1WMiPe5eXLryYyQ628DXX6unsoA5pPHAnUC,Black,Solana,Offset,Dino spikes,Cartoony socks,Spiked uneven
80,18.5,432,0,https://magiceden.io/item-details/HBjWT6RUWD9sL96Mc4VArY5EMHhNo5kCiTgnjae34tN5,Blue,White,Cyclops,Bull horns,Dino,Spiked even
85,2.5,936,72.51,https://magiceden.io/item-details/8udB2svuVK3atMyb7xCaazZw6aLAWjSFH7EigRx28PLZ,Yellow,White,Offset,Angler lure,Dino,Round
109,1.75,1166,76.32,https://magiceden.io/item-details/3kLU76ARJgMnoVzsxxKQXkPFWs3WXnpdoSk3hFJSVSHx,Orange,White,Pure Pupil,None,Webbed,Spiked even
115,1.9,1415,70.83,https://magiceden.io/item-details/7oKqYruZeKuq8pYvFHHmvD4Js5nkDzhJt84YjP9JEGNo,Silver,Yellow,Guppy,None,Cartoony,Spiked uneven
116,9.5,1886,0,https://magiceden.io/item-details/EC1oe1crBUXdbP4C7i3zrbvAJk4zEVo2uZp9z2fEdrza,Purple,White,Cyclops,None,Cartoony,Spiked uneven
132,1.4,1975,66.86,https://magiceden.io/item-details/4amDTBSMAzNoTFfyRP4wh72529LTjuohFezYdswiq25E,Purple,Black,Black sclera,None,Cartoony,Spiked uneven
145,1.65,1802,67.13,https://magiceden.io/item-details/2YVQC8iFPY8Q1x5fazytzjbt9ppB6s8nPRJ5JwDeH2C6,Black,Purple,Puppy Dog,None,Dino,Round
168,5,546,53.75,https://magiceden.io/item-details/BghZxfs3ybAHCfXiGoiUJDdNbrLCsko8bkRM1zpofF5T,Yellow,Black,Pure Pupil,Dino spikes,Cartoony socks,Round
187,10,715,1.05,https://magiceden.io/item-details/6ke4jm5NbES34Xd9dmSWZyjNe2aHALPL6UwHNkVf84S7,Red,Red,Pure Pupil,Bull horns,Dino,Round
205,3.33,95,77.68,https://magiceden.io/item-details/6yriVbYCCLCv2faTSoNSWhndUAhkisTeoKXX4dP9w2gM,Black,Pale gold,Offset,Gills,Cartoony socks,Orc teeth
212,4,2090,39.02,https://magiceden.io/item-details/J1JznYYo8p4usfsDLQwoUhHFStrAYEJd45E2pKasHpc2,Orange,Blue,Guppy,None,Cartoony socks,Spiked uneven
223,5,1068,45.39,https://magiceden.io/item-details/BQV5Yp5RpQmBPfE6N4da4QSHNFBmCnugcFY2MKt27Ya2,Purple,Orange,Guppy,None,Cartoony socks,Orc teeth
228,8,1561,7.49,https://magiceden.io/item-details/BHif7Ze1vdHU8SfsW4jn9gsYHJboYv5wieoQDRWzTq2y,Green,White,Guppy,None,Cartoony socks,Spiked even
231,6.3,997,33.53,https://magiceden.io/item-details/2uPsZQ2z7DN95iaB4XWWghrFgNcN2aYSgkcZRVF2ce1k,Red,Orange,Guppy,None,Cartoony,Grills
247,1.4,1301,77.66,https://magiceden.io/item-details/J3Db1oWeP3CcKf1fm97nXN8eAfMacsQex8tkSW7bjy8R,Green,Blue,Guppy,None,Cartoony socks,Orc teeth
277,1.82,2152,59.83,https://magiceden.io/item-details/C9v9avknYbDfv4ER13x57JhwnCxuZdoonN2sGZeXRUau,Red,Red,Guppy,None,Dino,Buck teeth
287,7,515,34.25,https://magiceden.io/item-details/5LwYj6QWtJX79hyssoHZrGP3T1u7bppaHaxWbXwazVRe,Blue,White,Guppy,Gills,Dino,Buck teeth
292,1.5,1867,67.59,https://magiceden.io/item-details/2D2ANriDn1iLiaS6Zv15PA9V2RoG2JdedFMBRdzbSq36,Blue,White,Offset,None,Dino,Orc teeth
315,2,2067,59.39,https://magiceden.io/item-details/56JQLVx3aFsNrBjPP4Zj8cuyCmCND5TGryPM8gUwinqJ,Blue,White,Puppy Dog,None,Dino,Round
322,5,105,60.82,https://magiceden.io/item-details/8vTHNLjdhKBDsEpmgf16zwcU4katD8wwnb9LT9qgPmrZ,Silver,White,Guppy,Unicorn horn,Dino,Round
324,2,995,76.56,https://magiceden.io/item-details/8DdNbeDV15YzW8msrLQjaPREEZKybnr9x5aEC2NudSUN,White,Blue,Puppy Dog,Dino spikes,Cartoony,Spiked even
330,1.68,1914,65.04,https://magiceden.io/item-details/4RyFWNMyENF8X2VzqudxpmLPqashrXpnsHnmqEZW32YQ,Red,Solana,Offset,None,Cartoony,Round
336,5,1960,31.1,https://magiceden.io/item-details/6NctcHwQDcuPHF2rRja5NGTQ6jtCPdrbk6t89TX1g81e,Red,Blue,Offset,None,Dino,Orc teeth
342,4.5,833,54.16,https://magiceden.io/item-details/GkkK981tF32WLzjbVDphvbT6hGAAp9TobkXhn9Nmkhmy,Red,Yellow,Black sclera,Bull horns,Dino,Spiked uneven
345,1.49,921,82.85,https://magiceden.io/item-details/2FDGHohzxMUmfetSJjYUjY54JddsvBrTrCLQcQs4Hihh,Orange,Black,Pure Pupil,None,Webbed,Orc teeth
354,3,673,71.72,https://magiceden.io/item-details/5m1KgGRGuhvXYXX7Pt2uaiG7xXsMTRYpn44AFFtyyhHk,Yellow,Red,Black sclera,Bull horns,Cartoony,Buck teeth
370,2.4,1779,60,https://magiceden.io/item-details/9epkLxKph2DvdnAxpFejs9DhGtri5tjZsJRMe4Lhq76e,Orange,Pale gold,Guppy,None,Dino,Round
371,5.2,2334,23.11,https://magiceden.io/item-details/Fj1z5EBUrwfJB6eeKvmxigWdbZQiKhj5BoWt4Lw66TU1,Red,Black,Offset,None,Webbed,Round
421,8,284,27.95,https://magiceden.io/item-details/qirYiJeXzowrboyT69KNWdBE2kZ4jBjF6wYTw1UateQ,Silver,Black,Pure Pupil,Dino spikes,Cartoony,Round
429,1.69,990,79.74,https://magiceden.io/item-details/6G5E8XkqQEaQBJ994Pm9tyVwUi5EgWgrst2MBSy9GAXT,Green,Blue,Black sclera,Dino spikes,Dino,Spiked uneven
473,1.5,1032,80.97,https://magiceden.io/item-details/Cn2hpG2homz5XDJ3cD7R9qP24zYn26UiCh8QehiMxzWm,Purple,Yellow,Guppy,Dino spikes,Cartoony socks,Spiked uneven
484,4.97,1668,36.08,https://magiceden.io/item-details/7kUkX6gMMatJeaCYZPjiEGp8RPgjbTVMvBVpJTin2dpQ,Red,White,Puppy Dog,None,Webbed,Buck teeth
495,125,3,0,https://magiceden.io/item-details/7325J2TJEBqmBAWYdTsv8G2afyL9MAhJdNLJGtFJhBjA,Silver,Black,Laser,None,Mech,Spiked even
503,1.5,2357,59.74,https://magiceden.io/item-details/6fU2563m6S8Fn8uQSMTRTQAssTwN86osMYMWmCbPFNLk,Blue,Red,Guppy,None,Dino,Spiked uneven
515,5,1593,36.98,https://magiceden.io/item-details/4t9BehbaSMeQegKFMZji3RtPvWuXVTe3ztXgVQwvq26V,Yellow,Purple,Offset,Dino spikes,Cartoony,Spiked uneven
531,3,1390,60.23,https://magiceden.io/item-details/6BBGZowa6DHm6zCTAR6bDqCQjqKAtUqwAhLCCbZxAL1Z,Black,Blue,Offset,None,Mech,Round
536,2.4,1348,66.91,https://magiceden.io/item-details/5qyZ2XhZMcV72wgerfZLgExrpiqZ9rMSKAAo1ioR2b69,Blue,Solana,Puppy Dog,None,Cartoony,Round
547,1.99,1373,70.61,https://magiceden.io/item-details/FoKHeoQi4Pk5KK4YSTHe546ANxXuVqZRJZDfiJ1ZEc8j,Black,Orange,Pure Pupil,None,Cartoony,Buck teeth
585,4.8,1448,41.3,https://magiceden.io/item-details/DjHfvisAWxwZC9Rv4SsgRuezKMhbTBgbbWNL6QxWouk,Silver,Red,Guppy,None,Cartoony,Spiked uneven
590,1.8,2415,55.81,https://magiceden.io/item-details/4T9TfNWYdQkcmz5EhdBnzNb5dVeivqhAuV3B2qNHeur9,Black,Blue,Guppy,None,Cartoony,Round
597,6.9,199,40.31,https://magiceden.io/item-details/BT1CW3MomqBD65DSoYw4jZLPB24cAzU1ZFHD9Ba69KTp,Black,Blue,Offset,Crown,Cartoony,Orc teeth
599,4.94,2094,29.56,https://magiceden.io/item-details/763Uc4o9dX11v7Sg8CyjuXej4RxHbfZjtkb3LAQjwj6,Green,Red,Offset,None,Dino,Spiked even
611,2,1359,70.73,https://magiceden.io/item-details/7zznM1gk31DBJ4gGbZBkfr9vZhpoZ5v1mubE7LLZbgAc,Black,Black,Guppy,Dino spikes,Dino,Round
624,1.39,889,84.36,https://magiceden.io/item-details/6qmeNsFgAPpdfL6mtbcPWWE9ktPSsyCraPeoPypvi4q7,Orange,Pale gold,Offset,Dino spikes,Webbed,Round
627,8.199999999,2321,0,https://magiceden.io/item-details/81X5xjQ9AwJVDpx1Ufwjd71QpjumWvKfM8jqkDstMgrk,Red,Red,Guppy,None,Webbed,Spiked uneven
639,1.35,569,89.89,https://magiceden.io/item-details/HTzuo9sxubyj4HCztL3SthdVsCxbk2gWbu9qCeuGAuqt,Green,White,Guppy,Gills,Cartoony,Spiked even
648,5,964,47.06,https://magiceden.io/item-details/3Bx62r8bQo9kipDLbjpwkKXVEoq4oQRLLx5tKZTsBPhV,Red,Blue,Black sclera,None,Cartoony socks,Orc teeth
661,4.99,477,54.96,https://magiceden.io/item-details/9c8PcZz4sJ5feKCqdoPywpfU7kyo3qhjneDeeWPk7Rsw,Red,Red,Guppy,Crown,Cartoony,Spiked uneven
677,3,639,72.26,https://magiceden.io/item-details/BWPQ2meQxHAkAxpCAyMpuXB3zfY9GBd9GTtwsmZX5wQ9,Black,Orange,Puppy Dog,Angler lure,Cartoony,Spiked uneven
710,42.069,22,0,https://magiceden.io/item-details/9NAyuAyt3KgurhpGD8C1yLdoK8h8jaPUjJ3HWVvV6P3q,Black,Orange,Cyclops,Crown,Webbed,Spiked even
728,1.85,2211,58.58,https://magiceden.io/item-details/JBDFFGJ1zz1mGgZfgjZLkW7CGKb6U8im1bpb7GEujHfG,White,Black,Guppy,None,Webbed,Spiked uneven
735,1.3,1936,68.49,https://magiceden.io/item-details/5TBB7xrG7sfC82BnGhFs95Fav6keQ3z8bPGjVjgFoe2N,Green,Red,Puppy Dog,None,Cartoony,Buck teeth
758,4,1156,53.98,https://magiceden.io/item-details/6UYimNKBjEhHERo6JMimfPazd91T1NYBRQYczX49sC2Z,Red,Red,Pure Pupil,Dino spikes,Cartoony,Spiked uneven
766,15,462,0,https://magiceden.io/item-details/C8KmzCx1pnyUzN6YZk6CrKjRdJidNdBz8a4o7c8YNQun,Silver,Yellow,Puppy Dog,Dino spikes,Cartoony,Spiked uneven
773,1000,2461,0,https://magiceden.io/item-details/CuL6MJ6qPX1ggVnXe27yRoGA29A5TcWGxKzoWqLdJ3he,Purple,Blue,Offset,None,Cartoony,Spiked uneven
774,8.1,1801,2.65,https://magiceden.io/item-details/ZrdAREDBaSo4G1rDm8Bg4QgZ4dh61xG27YSt7mVadTp,Orange,Orange,Guppy,None,Cartoony socks,Round
775,1.25,1620,74.05,https://magiceden.io/item-details/8KZoN6Mygh8D1mJ349Gvwpp5VdYQBEv4VAahC58NEsd1,Green,Purple,Cyclops,None,Cartoony,Round
801,7.5,2054,4.6,https://magiceden.io/item-details/AbEW85X3nSpYpQT13Vjf4MxYweFgreUHemgXL9XAt2rV,Black,Blue,Guppy,None,Dino,Buck teeth
841,1.45,839,84.56,https://magiceden.io/item-details/A2djX6hJKLoawBknxwWMVgyXuV3AHxfXabvPNvuQfJGM,Purple,Blue,Guppy,Gills,Cartoony,Spiked uneven
847,1.3,1576,74.25,https://magiceden.io/item-details/AvqhCYq7Gp8UvqycK1wHuMmJkEkz4z2z4hgqMS7R4AwP,Yellow,Pale gold,Offset,None,Dino,Buck teeth
851,3.2,389,74.27,https://magiceden.io/item-details/Gp2SBuGp9Jnmef3nS3tW5r9zs8FVssa6hVFJzjL9jKHy,White,White,Black sclera,Angler lure,Cartoony,Spiked even
853,10,1040,0,https://magiceden.io/item-details/FgqmayQeLTcP4L5eSCw64GgqxGpoikynNVLkHy9znzB6,Blue,Pale gold,Pure Pupil,None,Webbed,Spiked uneven
865,1.5,2166,62.8,https://magiceden.io/item-details/4wQyKMw4mH4uuSTnQc8dPUHDMgUn6BZ9f6WgDT6bkAdE,Yellow,Yellow,Offset,None,Cartoony socks,Spiked uneven
869,1.5,1031,80.98,https://magiceden.io/item-details/BYNYtYVfJS3zedw5aBvzxGP6dnhPL24ekR5bfqBjznP,Blue,Orange,Offset,Dino spikes,Cartoony socks,Round
877,1.6,1502,72.44,https://magiceden.io/item-details/3CbXDKKbcbjfk5UT7vXKzE7rgrvdHmXcg6hJYJApUakP,Orange,Blue,Offset,Dino spikes,Cartoony,Buck teeth
880,9,1408,0,https://magiceden.io/item-details/FZgA3gbTqaranERnCEpmjCMacqRZ6jPbJEyLikarZkym,White,Blue,Offset,None,Mech,Round
881,3.33,86,77.82,https://magiceden.io/item-details/J7hM8HaywNLgj5xYfqz3a3ANtAWVfCjfdQwXHiiHEV5D,Red,Black,Guppy,Angler lure,Mech,Orc teeth
886,1.99,1389,70.35,https://magiceden.io/item-details/HJFuoRffTaRytREEfdzP2LkKZ1DfXR9DzysNyzzupXBW,Purple,Pale gold,Offset,None,Dino,Spiked even
897,1.99,1089,75.16,https://magiceden.io/item-details/DjXty9dsjFTGGCSgrFkevmqySYe8SuBYCnp9fi4tur3z,Blue,Solana,Puppy Dog,None,Cartoony,Buck teeth
917,2.5,1298,66.71,https://magiceden.io/item-details/DqAM7RUjEP4DxoTGZ1cvkm7YKpRJRbLAp7d4BNjwbzY6,Silver,Blue,Offset,None,Dino,Round
930,1.3,2075,66.26,https://magiceden.io/item-details/4S6pHASAcL6QDsAWjfRHoX3FHmPRwjLCee1ubGwidY7h,Blue,Black,Offset,None,Dino,Spiked even
943,3,1188,63.47,https://magiceden.io/item-details/2odht2Dc43QoV5zESUdcSXqNA51DbXXLQrfdUdYn8gPE,Blue,Blue,Offset,Dino spikes,Dino,Spiked even
956,1.62,2101,62.64,https://magiceden.io/item-details/Hbewhbp4w78JybrUD9SgkrkfXCEt4z5ueeuo2nk5onVo,Black,Yellow,Offset,None,Cartoony socks,Round
1020,7,212,39.1,https://magiceden.io/item-details/5maUogHwHyV9gtn7PPMMx3wfxyoCD8Kq4Ljs9ujinE6h,Gold,Yellow,Guppy,None,Webbed,Orc teeth
1021,1.48,1061,80.7,https://magiceden.io/item-details/CAWxr8fN3kTt2s2K4ZjcQUsydhaAj96uauTzNZrz2dp5,Yellow,Purple,Cyclops,None,Cartoony,Orc teeth
1022,1.4,1145,80.16,https://magiceden.io/item-details/Ey36H1RXVP5pvYovCGAFMxticsk4P8vSogz4L9QemNVB,Black,Solana,Puppy Dog,None,Dino,Round
1028,3,608,72.76,https://magiceden.io/item-details/HntHpXhzQ27s1xM7q8w8vk77tgV79ngt6gw1MjVyA8WG,Red,Red,Laser,None,Dino,Spiked uneven
1040,3,282,77.98,https://magiceden.io/item-details/FrfSdMMVJGSxDggiHyKPuH2xyvmbM49VGbSd86Knod4J,Black,Blue,Guppy,Crown,Cartoony,Buck teeth
1041,1.5,2077,64.23,https://magiceden.io/item-details/AJqYtEn4HUyssQqjTqskQbv78fUgfqqMnJE7XBf5zB1P,Purple,Yellow,Offset,None,Dino,Buck teeth
1050,1.65,2384,57.81,https://magiceden.io/item-details/9G1v9hxvrPWL4RbuNfrbjiHM1YYRqwW5awNsFXkstyDk,Red,White,Offset,None,Webbed,Spiked uneven
1071,2.8,812,71.49,https://magiceden.io/item-details/6zwn6ucSmMC7CAn7MuP76314hQzZwLRA6REwtP5tqeQp,Solana,Yellow,Guppy,None,Dino,Round
1075,4.96,1769,34.56,https://magiceden.io/item-details/CW9wytAF4oSLBAka5djXJrnyx6Cz6dqJqekLfzqx9ewg,Purple,Black,Cyclops,None,Cartoony,Round
1090,2,1342,71,https://magiceden.io/item-details/98u4iNR6VLEiG6jZ7sKbnAfVJKq6t61bbYwZbhN6g3Dv,Yellow,Black,Offset,None,Mech,Round
1094,49,53,0,https://alpha.art/t/73KUxJBGf9SB9AntbZjLJjFafjZoigiKbFnczpCXsLMs,Silver,Pale gold,Laser,None,Cartoony,Spiked uneven
1108,69,34,0,https://magiceden.io/item-details/DQjstckz3YQA47eXRfJkRTYqdjXomgQ2nkzLVEqY1GZ4,Green,Red,Puppy Dog,Gills,Webbed,Grills
1130,3,971,66.95,https://magiceden.io/item-details/2UporbsA6XRqGr125n92yniUqsAsUXFbHgYeXuQthh52,Solana,White,Offset,None,Dino,Round
1132,4.95,1302,42.14,https://magiceden.io/item-details/3ZJp9TfjEFzg6hwPSbGcCVz1wvN94S8H5ZRzSYJQum1U,Black,Blue,Pure Pupil,None,Cartoony socks,Round
1153,1.49,1444,74.47,https://magiceden.io/item-details/Aw23kc38vhqNWAMBe2qnuZxyGrSPmAxkgKeiwPzftF2D,Orange,Orange,Guppy,Dino spikes,Cartoony,Round
1154,2.38,190,85.66,https://magiceden.io/item-details/FkhR2cUk1G6j7HpYjsN4jdSdbS7MZscafjDJgQ6vdJrJ,Blue,White,Offset,Crown,Webbed,Buck teeth
1159,2.7,303,80.65,https://magiceden.io/item-details/3TKfxAPXqsgUHNqG2oyQDXiZ4tDKMh8cHDwZjxYQYC2P,Blue,Orange,Black sclera,Angler lure,Cartoony,Spiked even
1161,1.6,1224,76.89,https://alpha.art/t/3pJ3Nc7WJQAo57SgudmbM8kuX7vJBGdDQQTdcrHhbCE7,Blue,Blue,Cyclops,None,Webbed,Buck teeth
1168,2.49,763,75.38,https://magiceden.io/item-details/DteWVWjmJQKqYti1rPgN2vxS1PeRuG49ugeYVQapqFHJ,Black,Pale gold,Puppy Dog,None,Cartoony socks,Spiked even
1191,1.99,1153,74.13,https://magiceden.io/item-details/5agF5bMzAnizJTqdUQnAvtqHNbe1AVQWsmEyuejRVZJo,White,Blue,Pure Pupil,None,Webbed,Spiked even
1197,4.48,112,65.91,https://magiceden.io/item-details/2uTbvVwBL9ZxNEyyhuF7pMjHe9Kat3BXMq45hnavaR6L,White,Orange,Puppy Dog,Halo,Cartoony,Spiked uneven
1199,1.8,2130,60.38,https://magiceden.io/item-details/92sCZY5iovuEFTNavazq1nDXsaiV9qfVssniNrGo8vgE,Green,Black,Guppy,None,Webbed,Round
1201,3,2441,43.4,https://magiceden.io/item-details/5na4R5jKZc5vCwBAT5xLdoxdF8Xm2ZWdtCM2RTE7Awur,Green,Blue,Guppy,None,Cartoony,Spiked uneven
1204,4.97,2000,30.76,https://magiceden.io/item-details/E9SWaZrm33vj2ojMUcb1dpzZGG2WnCTy7hLb7igFygtP,Red,Black,Offset,None,Webbed,Spiked even
1208,9,125,20.5,https://magiceden.io/item-details/4wpEwrKz5qbCwXYVcmNcYjeheEfJfEvng4p8kX4fT7bD,Gold,White,Offset,Bull horns,Cartoony,Buck teeth
1211,5.9,685,42.53,https://magiceden.io/item-details/7nZg42ScVSdiCAfuqqrRCYMGbKZCBwxHNhSRnj68Gsg,White,Red,Offset,Dino spikes,Mech,Spiked uneven
1227,5,2221,26.92,https://magiceden.io/item-details/Fr7yijuk9REVHwsQYHAEkDggFPJu1SfNfKAgzQyhw58c,Orange,Black,Puppy Dog,None,Cartoony,Round
1229,2.4,375,82.49,https://magiceden.io/item-details/9MB23h7cPEsGpbVRr3syKGN5wUazaov1Cq6yDE9FT6eo,Blue,Yellow,Puppy Dog,Angler lure,Dino,Spiked even
1233,5.55,144,54.69,https://magiceden.io/item-details/AWqwCwvvpPNnicjV446JpfHUJCtJhWFYeReK7yD3wTxw,Black,Blue,Black sclera,Gills,Cartoony socks,Buck teeth
1262,1.69,1472,72.02,https://magiceden.io/item-details/6syN2D6bf2NJTXoXacMPo6TdPY1n2JMGwNwK4cQw7BZg,Black,White,Offset,None,Cartoony socks,Orc teeth
1287,3.88,1266,53.42,https://magiceden.io/item-details/71psKz8or4FhfVY686cJ1tf2mPn8keGoKhP3Q8BsdTtm,White,White,Guppy,None,Mech,Round
1316,16,835,0,https://magiceden.io/item-details/34pviXY8ij3jwbViXU8HMhDxdPaotQSTPKpCwxPZGkuY,Silver,Red,Puppy Dog,None,Cartoony,Buck teeth
1328,12,592,0,https://magiceden.io/item-details/B9NLJW6zxruYU1t85HpNenCZgpK5siywPz3NB4AodujR,Gold,White,Guppy,None,Dino,Round
1330,8,222,28.94,https://magiceden.io/item-details/EQDp5N3s9MrL9Si3oryn6TbUNSpNSXvpaNfVd648qWGJ,Green,Yellow,Guppy,Bull horns,Dino,Grills
1341,1.95,1327,71.74,https://magiceden.io/item-details/2QjUNVaNtdyNuaZnBqUiFw6s8oL34iMYYxHAqWfyF5Ba,Yellow,Purple,Guppy,None,Cartoony socks,Spiked even
1351,1.69,1664,68.94,https://magiceden.io/item-details/HeYKi6fLxrwecunxxB6yrmC6eDKonRLyuooqb8PcaZmB,Black,Yellow,Guppy,None,Dino,Orc teeth
1356,1.41,1480,74.69,https://magiceden.io/item-details/GmnDFCFypyZmMPBQSjvd72vzDkAHbC23bM2oBYgkHqcy,Green,Red,Cyclops,None,Cartoony,Spiked even
1365,2,766,80.23,https://magiceden.io/item-details/4wBtAhrsLoJZw1SShPoHds5iDPcKrtyxTNAqUwcHZ3Zw,Yellow,Orange,Cyclops,None,Webbed,Orc teeth
1366,2.5,1566,62.41,https://magiceden.io/item-details/AbgcwiKDvbDZYCrrgJsn6wioHiUSC6AYe3qk3RjzYBmQ,Orange,Black,Cyclops,None,Cartoony,Buck teeth
1367,4,910,57.92,https://magiceden.io/item-details/7hgedXUMmd1tdSMCenRCKk1tPE2S9gUrQYZF4ZK3sj8N,Green,Pale gold,Offset,None,Mech,Spiked uneven
1373,3,1784,53.92,https://magiceden.io/item-details/CQ97syNiRujw3GmyTTcsfVqqZattRUrMZrZ2EK81z6Vo,Green,Blue,Guppy,None,Webbed,Spiked even
1387,1.8,2288,57.85,https://magiceden.io/item-details/bqDGJDmfT2ickK7oBVMyTUKETBTrhaZhFnzcgksHiVr,Yellow,White,Offset,None,Cartoony,Spiked even
1389,2.9,1862,53.67,https://magiceden.io/item-details/871vHRiL7UHyt9QQoYykpxMsRfZY7nbjy3Dc2KPgQkZF,Orange,Black,Black sclera,None,Dino,Spiked uneven
1417,2.9,307,78.58,https://magiceden.io/item-details/88GVnscfC54YQUM7QGN3sYZwVUmPeiPhXKV8ZAwL7APv,Orange,Purple,Puppy Dog,Bull horns,Webbed,Orc teeth
1424,5,404,56.03,https://magiceden.io/item-details/46w5oZvSXsgWxbw1joTEZ45nnsGJ5tuc3BN4q7KR9Vt8,Black,White,Offset,Dino spikes,Dino,Grills
1429,1001,1467,0,https://magiceden.io/item-details/6gWwBQT5LHXJxJ82X6cyJaJxBSXFRdqAnwGwXEn2Ug6t,Orange,Solana,Guppy,None,Dino,Round
1448,6.66,387,39.7,https://magiceden.io/item-details/EqGV9j1ynqE7uf3YL2FnFGxE954Ye7uyNC5QTHQWTfZT,Green,White,Puppy Dog,Angler lure,Cartoony socks,Round
1457,2.5,420,80.77,https://magiceden.io/item-details/5hHSHyAtKtny9sTtVVm4rxaoAL7ZabFBFS9sQjm82fhu,Orange,Orange,Guppy,Gills,Cartoony socks,Spiked uneven
1464,6,325,47.29,https://magiceden.io/item-details/GLXFea88LeSEmDHyKy9kstCoKe73JraTEiVzXt7h9r72,Solana,Pale gold,Guppy,None,Dino,Buck teeth
1468,22,36,0,https://magiceden.io/item-details/51fkzYYTTpKwEWAr2sECWX6ctpQcnKVGFw3Drv2L9eKL,Green,Orange,Puppy Dog,Halo,Cartoony socks,Spiked uneven
1470,1.7,675,84.69,https://magiceden.io/item-details/DHPou5NreHhWsiYrzFrL4D2zvS5rQmLggvikSps5NzKL,Blue,Purple,Offset,Angler lure,Webbed,Spiked uneven
1473,3.39,350,72.99,https://magiceden.io/item-details/6SBGnVVSYpiH9HKw8CKDVnYZpyLxZyX8xHhFWx9oqZPn,Solana,Blue,Black sclera,None,Dino,Buck teeth
1488,1.3,2160,64.9,https://magiceden.io/item-details/3Y8iECnU31uZzfL41xYTVqKrgVVSshhPcV2VxUiAKEYj,Red,White,Guppy,None,Cartoony socks,Spiked uneven
1491,2.6,2103,52.81,https://magiceden.io/item-details/HhAY8QQ43uS88PQ97w3dPRtK5cbC77NHoNyzqZf3Rnj,Yellow,Yellow,Offset,None,Cartoony socks,Round
1527,3.25,1175,61.18,https://magiceden.io/item-details/AwpBC1Cq74stG5hNA7RKzQ9BqvmXQaN1zoKHJfDL3F3P,Silver,Black,Offset,None,Webbed,Spiked uneven
1529,1.8,1771,66.13,https://magiceden.io/item-details/95vmw6S8j4xrzNzddwUxE6bUkfkoDBCDjivSvJGDr2Xv,Red,Yellow,Pure Pupil,None,Dino,Round
1563,2.25,1835,60.6,https://magiceden.io/item-details/rtZ7MUh5E8rvPQMBjbDT192LVviuqHrWTqKFX7WT25B,Purple,Black,Pure Pupil,None,Cartoony,Spiked uneven
1566,2.15,1898,60.6,https://alpha.art/t/JDE9neZa7QRJPmXFmzzGgAphVMkPakJCmqXzb6jHmjCt,Black,Black,Puppy Dog,None,Webbed,Spiked uneven
1570,1.4,1185,79.52,https://magiceden.io/item-details/HT7kGVWAwJTdD3ouqp5SzGPmkixFczZBMczxy7NFy17v,Black,Purple,Guppy,Dino spikes,Dino,Round
1590,12,663,0,https://magiceden.io/item-details/7TGxn3Zk7FArV8gDAqmwUyk4RGHf5sHSyNYptVqp9mA5,Orange,Red,Pure Pupil,Bull horns,Dino,Round
1591,5,1804,33.6,https://magiceden.io/item-details/EfX56Bk2eKaouWpTpXzEpCsxwbLqVWhw7mqH2yqJqAdX,Yellow,Pale gold,Offset,None,Webbed,Spiked uneven
1602,1.7,1201,76.26,https://alpha.art/t/FSqvmZ18hpSMwP99oVAiUAGgyRUs7Sqcwf8bzXdyQkuj,Red,White,Offset,Dino spikes,Webbed,Buck teeth
1610,7.9,2377,0,https://magiceden.io/item-details/Hgem1SxjQ5i4B5oTX8PiSggejWo5EBbYrJqfjMNx2DMe,White,Purple,Offset,None,Cartoony,Round
1622,2.39,354,82.93,https://magiceden.io/item-details/H4LhERAiS2xDke6XnCBCXAjVCPZYTqSnsTd46JY1oT8W,Purple,Red,Black sclera,Unicorn horn,Cartoony,Round
1641,1.75,1406,72.48,https://magiceden.io/item-details/BRbGmkRE9GMu62A8w3j56pqfK6AdueAQFjTwedWHnNCH,White,Blue,Puppy Dog,None,Dino,Orc teeth
1715,1.3,1957,68.15,https://magiceden.io/item-details/6dfARAcxiAUN2XG7B32XHJqmDJ7pMj53sEeKq8SxvRkz,White,Purple,Guppy,None,Webbed,Round
1717,1.53,479,89.53,https://magiceden.io/item-details/3PymkqUeB1URzstrbwjDpVMDpwMgp8qTnazmQFJ5SvzZ,Green,Purple,Offset,Unicorn horn,Dino,Round
1725,24,196,0,https://magiceden.io/item-details/ChR4MgFxxz4FdX84NhmAvmZ5SWTnW6qAtC3WpUt8fVfT,Blue,Blue,Guppy,Crown,Dino,Buck teeth
1749,1.75,1809,66.02,https://magiceden.io/item-details/6bvvivHiZG3X8k5zSwhDTu6BDCSX3mqh4wiunZFpckwu,Black,Black,Offset,Dino spikes,Cartoony,Spiked uneven
1756,1.5,2287,60.86,https://magiceden.io/item-details/7z7X1VkQ3Az8iMU4pjAeVayFCj4XBSVUr6FJDfD5XcC7,Yellow,Purple,Offset,None,Dino,Spiked uneven
1768,3,1434,59.53,https://magiceden.io/item-details/AajVu12Gov24rV9ryYGzM9nR3VvxTjMyAxmMK2hyxW1e,Red,Black,Pure Pupil,None,Cartoony socks,Spiked uneven
1776,1.8,2442,55.38,https://magiceden.io/item-details/3omMKBzxz2FHuTZrDnXuhPRUsJqAysGwmvdBXJXhmTmq,Purple,Blue,Offset,None,Cartoony,Round
1779,2,1356,70.78,https://magiceden.io/item-details/6s3BXRZv8AuBdcGi2tsEMqDGHU5VwWpaJTVTFc5sCy4p,Orange,Yellow,Guppy,Bull horns,Cartoony,Round
1787,1.5,1623,71.5,https://magiceden.io/item-details/BscSxE3fokZF8rtrJu7asNBQNL4r4qwB4FXwMgGuobYL,Green,Yellow,Pure Pupil,None,Dino,Round
1795,4.98,2073,29.49,https://magiceden.io/item-details/SEmBXfVvqPsEJpqEfX7q7ps93rSwce8P7pAX7wDc2rh,Red,Blue,Guppy,None,Dino,Spiked even
1823,4.2,1292,49.8,https://magiceden.io/item-details/51jYCeNjKTdsGpyMj1kEuUr4RykL9VLVeMBuUsm7Bj9z,Red,Red,Offset,None,Cartoony,Grills
1830,6.9,2369,5.55,https://magiceden.io/item-details/8mk4ETDSiuVWrvJW6gVtDtaUuMcvGYJmWivA8QFbjYc,Red,Orange,Guppy,None,Cartoony,Round
1851,7.7,1644,9.16,https://magiceden.io/item-details/87DDb3sMuopQRexYjq87NagnpN2fnJ6npKPx5fDWtnV8,Red,Yellow,Offset,Bull horns,Cartoony,Spiked uneven
1858,3.25,283,75.47,https://magiceden.io/item-details/4aw3Krya3rZpSbgg4HPMFj4VbKEsfSFz4RR2aCWX8WLM,White,Purple,Offset,Crown,Dino,Round
1859,3.2,1419,57.77,https://magiceden.io/item-details/9wgMnQY3GihFZ3rALNKsM8hH3pGY7xZeKGjWPgtDZAz3,Red,Blue,Pure Pupil,None,Cartoony socks,Round
1869,1.25,2417,61.28,https://magiceden.io/item-details/FUi64aNufLHWqFhcdyYStxqhYtWNtrkJ6b7oAXG1xFhi,Purple,Black,Offset,None,Cartoony,Round
1879,4.99,1596,37.03,https://magiceden.io/item-details/ByUYZLTNQcwyFwLavRrVkayQmK4sXVb98agN86f45nmV,Orange,Blue,Cyclops,None,Webbed,Spiked uneven
1886,4.98,1050,45.88,https://magiceden.io/item-details/675w6q6TnV49M9NGmujY26oZWpPZoMo1htNwk98HwAom,Blue,Black,Black sclera,None,Cartoony socks,Spiked even
1889,2,1208,73.15,https://magiceden.io/item-details/86WmvFVeEVEm4AxAJAEUbKZ9QEE6uEuLV9cXaKM5QWz3,Red,Yellow,Black sclera,None,Cartoony socks,Buck teeth
1890,6.9,1350,21.87,https://magiceden.io/item-details/7LmURkZm9Kt1LcaxCos4VpHkRfM3yjUg9XpYsphoWGft,Red,White,Guppy,Dino spikes,Webbed,Round
1892,3.5,1641,51.21,https://magiceden.io/item-details/Cj7nC6bLBaz3WYibu4Wm4zdoShKmuapecy8bNQ9tFisX,Black,Black,Guppy,Dino spikes,Cartoony,Spiked uneven
1913,6.5,1612,21.68,https://magiceden.io/item-details/81xzepVAD9dBrBssQUA4734cCbXuXbHqKMEzXV5m6Vtu,Yellow,Purple,Puppy Dog,None,Webbed,Round
1934,4,2497,32.5,https://magiceden.io/item-details/9otjyzrrUEyuvxpoEf5tm238m8HGtwQVPmGHmKjWSUhd,Yellow,White,Offset,None,Cartoony,Spiked uneven
1936,6,1648,26.1,https://magiceden.io/item-details/C9BKeaXAPNZsmeAkLbdd5JqC8KjpRwJ33Pr6s2XSKe8g,Orange,Orange,Offset,None,Dino,Orc teeth
1948,6.59,275,42.19,https://magiceden.io/item-details/CuJHuhGyppcJeZSpeBbzHgQXTuieBFSpfCgJyJG97Mp4,Green,White,Pure Pupil,Gills,Cartoony,Spiked even
1957,6,232,48.78,https://magiceden.io/item-details/Bx1yMmWaWzsHWfc7EKgFEEJnvBvnThhaoPQvgr8ZAuWx,Silver,Purple,Pure Pupil,None,Dino,Orc teeth
1969,1.39,2267,62.28,https://magiceden.io/item-details/BsVhazEBTHKALoYZWXuTBGP1FTXWctECkARaQyeBXPhR,Blue,Yellow,Offset,None,Cartoony,Spiked even
1975,30,304,0,https://magiceden.io/item-details/byKcMj7NszDGScpF44Wm6tWqG39GBhSdXRt1EsQ7TQ9,White,Orange,Cyclops,None,Webbed,Grills
1988,25,59,0,https://magiceden.io/item-details/9YDjA7yhvTbba8wBMGEuzFQVp6Lh2xdBgg5KXguZGa54,Orange,Red,Guppy,Halo,Dino,Orc teeth
2025,5,2198,27.29,https://magiceden.io/item-details/83qXWao1pNUypdWJ4VYwiWPKoqJnP2HR9eQBSVv1Qb9X,White,White,Offset,None,Cartoony socks,Spiked uneven
2042,5,742,50.61,https://magiceden.io/item-details/5xrJCMXc7j7GxXpNuhbjUFurwpxs4Yf2vd1C6wB2kPko,Blue,White,Black sclera,Bull horns,Dino,Round
2056,1.75,885,80.82,https://magiceden.io/item-details/AubFw1GDfcnCGApDScVVPSx5v8EFqQ25yDPg5UUs7bmn,Yellow,Black,Guppy,Gills,Cartoony,Spiked uneven
2074,1.46,1155,79.4,https://magiceden.io/item-details/88SJ1cRY6hHR41BJJPdPrCAipHtcBYCY2cmSvrRSmBTQ,Red,Blue,Cyclops,Dino spikes,Cartoony,Spiked uneven
2100,5.9,662,42.9,https://magiceden.io/item-details/GRXmm6Bi75iLqpapTi9VV35uiXP65kPnJMeYoCXP6FN,White,Yellow,Offset,Dino spikes,Mech,Spiked uneven
2103,6.8,1579,19.21,https://magiceden.io/item-details/7HouaMiFgm3n3tftwqQxDF7TDM8eU92bi62QmVwyWBu5,White,Orange,Guppy,None,Webbed,Spiked even
2107,1.9,1681,66.57,https://magiceden.io/item-details/7gJqJ95SXNfuosi84xUyh4ZmdshPgSgQkdoKd2SfMJLv,Red,Pale gold,Offset,None,Dino,Buck teeth
2127,3.5,434,70.55,https://magiceden.io/item-details/4xwHZFF2CXuCm9GNdM1E8zqtGWenohVUSvbJNsz6JUkF,Orange,Red,Laser,None,Cartoony,Spiked even
2134,1.6,1929,65.6,https://magiceden.io/item-details/2fH2jb77xwVWRcWzLEFRzmSuoHzouDu9uKLPutL1SJoo,Blue,White,Pure Pupil,None,Cartoony,Round
2140,2.48,208,84.37,https://magiceden.io/item-details/FRTJJGFWet2SaXJLxMHAUZD28q8Nc4F9WCNF2mBydK5e,White,Pale gold,Guppy,Angler lure,Webbed,Spiked even
2149,2.2,1081,73.18,https://magiceden.io/item-details/DYoXDsrVhTmpoRbyYPNK6Gpy2CR3UgLRYjEWimdoopN7,Purple,White,Offset,Bull horns,Webbed,Round
2168,39,498,0,https://alpha.art/t/5Q8Q9wV2WYYWatvUUw9N5S9Y7UvHfJLc38bctwk1EoUN,Silver,Yellow,Offset,None,Mech,Spiked uneven
2169,3,327,77.26,https://magiceden.io/item-details/5eiw5KHMhQV7iCU6S7sWxs798cvBbiQQCHvEGJPuAmYD,Orange,Orange,Offset,Crown,Dino,Spiked uneven
2178,7,71,41.36,https://magiceden.io/item-details/4pqF7KQCLUTvJGwzvMdesciH7xV4Mnh3mqh1yUpBq76m,Blue,White,Black sclera,Crown,Dino,Spiked even
2182,2.41,1407,65.86,https://magiceden.io/item-details/7SSCz2Y1egj3tYTHyAoENKSEuPSc7cxEZRgBqafGnW1Y,White,Blue,Puppy Dog,Dino spikes,Cartoony,Spiked uneven
2183,3.69,1087,58.19,https://magiceden.io/item-details/wjLNnY7RpjbZv3G9mtDBackwAXrFzggCXDG6E5kRstR,Orange,Yellow,Guppy,None,Cartoony,Grills
2188,4.2,561,61.51,https://magiceden.io/item-details/7t7kfhFEh6W8eqehYfJ8E9Z3Kq3Bp6W5zSKwetG3aFth,Red,Red,Guppy,Gills,Dino,Buck teeth
2210,2.1,1238,71.67,https://magiceden.io/item-details/Fc7nQY6NYPiEXyVTDsuedUGZhpPjWkJZ2EC8WVVFsBtY,Black,Pale gold,Offset,Dino spikes,Cartoony,Spiked uneven
2217,2,1176,73.66,https://magiceden.io/item-details/GpBuv5f4L77sa8s12EYSZFJ6MGDFTn8t4rLXFNpRKaNq,Silver,Red,Guppy,None,Dino,Round
2225,2.8,247,80.54,https://magiceden.io/item-details/9XM1CTQhCMXHtC4r67kKVn4KRrptJpQVfq8mHtc7g2s7,Blue,Pale gold,Guppy,Angler lure,Webbed,Buck teeth
2226,3.33,904,64.72,https://magiceden.io/item-details/DCzSxFvWRghthPKoVJNXs7Wa8MkXadZB1BmQBhPCHKow,Orange,Orange,Puppy Dog,None,Cartoony socks,Orc teeth
2234,6.69,44,44.9,https://magiceden.io/item-details/8TdF5gW7rAjXcY3ikDupnw8EPWaHTNNQbCGQmXUqxLZo,Solana,Yellow,Offset,Gills,Dino,Spiked even
2235,6,336,47.12,https://magiceden.io/item-details/AFrYTx6ny1cGrYNrifqh3sD6MKsP8bgDVZpj8AYybB2h,Gold,Blue,Offset,None,Cartoony socks,Buck teeth
2242,2.5,2141,53.2,https://magiceden.io/item-details/4QFiaxctQs3WiUrrBckJs8UBmtjNVUTJkmMpAn4MWaJW,Orange,Red,Black sclera,None,Cartoony,Spiked uneven
2246,1.6,1093,78.99,https://magiceden.io/item-details/FmByQPhb9qDYqRAJi7vzvDybUwMw5dyYSYc75tALtjfh,Red,Black,Offset,Gills,Cartoony,Spiked uneven
2250,20,328,0,https://magiceden.io/item-details/8dzFfEUkDrKnvRGfyEVK4PzopT5bmhzgMEvPxqtcU7U8,White,Black,Cyclops,Unicorn horn,Cartoony,Round
2262,1.8,2469,54.95,https://magiceden.io/item-details/AGXYnxRHiRu2xiM9N51N1F2nRZa2eYdn5ngwrddP7UtC,Orange,Yellow,Offset,None,Cartoony,Round
2269,2.75,2155,50.48,https://magiceden.io/item-details/7mcdcaxfjeBoedgN2sxXgxZSiDvkqfBQZTg2j2SqPPq4,Red,Red,Guppy,None,Cartoony socks,Spiked uneven
2281,2.5,622,77.54,https://magiceden.io/item-details/9foyK1iBgACf1ynGtrjfBjJ1hDqGHF9duncL1ohRNTwC,Purple,Red,Guppy,Angler lure,Webbed,Round
2284,1.65,1379,73.91,https://magiceden.io/item-details/CELLTRA5rTsSnpREPbFng6VSGJQdxJiMuAv16Vd5JaRV,Yellow,Purple,Offset,Dino spikes,Dino,Spiked uneven
2290,6.2,1710,23.11,https://magiceden.io/item-details/5oFXKfU3Hk6NVNriCRpMrmrydia3BetbhvxDQnQoeWZY,Blue,Purple,Puppy Dog,None,Cartoony,Buck teeth
2304,5,509,54.35,https://magiceden.io/item-details/8XAmtE9RpdHRHWQ5Gv6bL4pARsKFEbUNmcJ3Cn2Bpedy,Purple,Black,Guppy,Angler lure,Dino,Buck teeth
2310,10,49,11.72,https://magiceden.io/item-details/FJqWx5n1eE4XsVGkLVEoCgZrDHN5oazforzDczPDs2ob,Yellow,Pale gold,Guppy,Halo,Cartoony,Buck teeth
2314,10,32,11.99,https://magiceden.io/item-details/BqrKx6y3jbCvkVUbPTJi1kfZYgg4pQZjZfHhrPgZKX4k,Green,Solana,Guppy,Bull horns,Webbed,Grills
2323,2,784,79.94,https://magiceden.io/item-details/3VwbrH46rzUEDHrxtY7azdrqv86G22wTKV7twepnYe5s,Purple,Purple,Puppy Dog,Dino spikes,Cartoony,Buck teeth
2326,15,97,0,https://magiceden.io/item-details/6bnuEV1F2CkZJv34uYvpnrg4GL1uS3E3E1k2wCu2NBfh,Green,Pale gold,Pure Pupil,Bull horns,Cartoony socks,Spiked even
2352,5.5,1528,33.02,https://magiceden.io/item-details/9cTQRmKbz15xrMsa3873oMKusGXV6yKyBbQWUbbfAXAV,Red,Black,Offset,None,Cartoony socks,Orc teeth
2365,7,2322,5.3,https://magiceden.io/item-details/8zkjbikmKTqVadPGj541ASHNqT9pKMQpNZxq34Rd3U2U,Red,Red,Puppy Dog,None,Cartoony,Round
2379,18.5,91,0,https://magiceden.io/item-details/83PC9LDGeLasFK1bWLHbjWXzq23BA87hdtnsbEvYn6ru,Red,Blue,Puppy Dog,Crown,Webbed,Spiked even
2384,3,712,71.09,https://magiceden.io/item-details/BCtzPhjmG2B3X788niWR8syB7gzP1QF6P32GmBpi3sG4,Blue,Orange,Offset,Gills,Dino,Spiked uneven
2403,42.69,205,0,https://magiceden.io/item-details/Hx464v7cPe46KJJmDmDJJVFTU45K6sfV946Z3wYpjr64,Solana,Purple,Puppy Dog,Dino spikes,Cartoony,Spiked uneven
2404,2.69,725,73.99,https://magiceden.io/item-details/4q19DSEmfbkhjpSZFpeHLsCKV88Zk49DfxTNs6kPJjSw,Black,Black,Pure Pupil,Dino spikes,Webbed,Spiked uneven
2409,5,2301,25.64,https://magiceden.io/item-details/E8FHZJmWLjDP7nKjkHmE1hU889c1jkCGYPUCAsmUvFdU,Yellow,Red,Offset,None,Webbed,Round
2412,5.5,435,50.53,https://magiceden.io/item-details/BrhvFTrbZK2g8BhJZSCUwm7HN3dhuHpZNP7U61iysqGn,Red,Blue,Black sclera,Angler lure,Cartoony,Spiked even
2423,4,1321,51.34,https://magiceden.io/item-details/6aE7MahAwXXXV1UJjvZzZbV7cR6SxBg4bgyt4Yy5p8h1,Green,Purple,Cyclops,None,Cartoony,Buck teeth
2434,2,1569,67.37,https://magiceden.io/item-details/7c2f7AN64kET1GwmmRjruFBr3EsWpFYsKBy67imybCAm,Purple,White,Puppy Dog,None,Cartoony socks,Round
2438,2,882,78.37,https://magiceden.io/item-details/BEXCgwJJev56S9ALQ9mvRgy6C3PWTHGjNys1Zw9r3n9x,White,Purple,Pure Pupil,None,Dino,Orc teeth
2475,5.2,1405,37.99,https://magiceden.io/item-details/9Eg2Kp5afp7w56Qr13WVb1S5DPC9osiSVCPbdW2aEf7M,Green,Orange,Puppy Dog,None,Dino,Spiked even
2494,3.5,547,68.74,https://magiceden.io/item-details/FvAZZGtaQhoovwP5E7xUo4wznGfPaBo4HBavf35QdwEL,Blue,White,Cyclops,Dino spikes,Cartoony,Orc teeth
