id,price,moonRank,ðŸ’Ž score (%),storeURL,Artist,Card Class,Character,Combat,Customer Rating,Intel,Love,Power up,Print,Rating,Signed
6,0.79,9961,52.99,https://magiceden.io/item-details/6XJbh4EFfZ9Py9Bcfe89wSfhDj5YiJw8RNkiExCQZPD1,Sam Rowan,Common,Psyreenie Persitan,2,3,2,2,None,Normal,10,None
33,0.088,8122,67.37,https://magiceden.io/item-details/DKCZkeZ12bd4zJBNWZgWsiyafyX358waM12rxCZNcMVD,Sam Rowan,Common,Kysseme XO,1,4,4,2,None,Normal,12,None
103,1.2,933,85.03,https://magiceden.io/item-details/BV6RWJe83DMWCKwKBobshDTD8WHAeCLF1jDjNSbg2wyK,Sam Rowan,Legendary,Cougana The Widow,2,5,4,5,None,Normal,20,None
113,0.1,9150,63.13,https://magiceden.io/item-details/9LMvHPRbtQuhvEARUYNrtzsidXQ5Nm3vxz2qM67inWht,Sam Rowan,Common,Hermin The Creep,2,2,1,3,None,Normal,9,None
307,0.5,6747,68.75,https://magiceden.io/item-details/Hj58X8ostqYc5a2ge3YdHco5LmCyofhqFgguW9mZRvXq,Sam Rowan,Common,Chinsnout Cordylyn,5,3,2,2,None,Normal,13,None
314,0.4,6333,71.41,https://magiceden.io/item-details/4kGTcdCZ3kMSJ6Vtd1dMjWWg5Rw8A1d5mq7pK56iwXLK,Sam Rowan,Uncommon,Credibo And Gorgeon,1,1,2,3,None,Normal,9,None
332,0.2,6923,71.05,https://magiceden.io/item-details/B2NunyJoF7JFHNe1zHJ45ThxFdFKV6DzV4vhH7qxKM1Q,Sam Rowan,Uncommon,Roador Synnix Blu,2,4,3,2,None,Normal,13,None
368,0.7,2592,83.39,https://magiceden.io/item-details/DHsD9aTxj6mwGrt2QWGVPSYhtR5Avsti4ruwBQ3nDY3Q,Adam Baines,Uncommon,Lophii And Garman,2,1,3,1,None,Normal,9,None
385,0.5,1881,88.24,https://magiceden.io/item-details/2oPorDY3MRy5HMpzpCbbAYbR8UbWDXm4FgUQyAaWwgSi,Ben Kovar,Common,Exomundi,2,1,1,2,None,Normal,7,None
387,0.17,7414,69.38,https://magiceden.io/item-details/Hjsb24Rr2mKFRCE4PdKLiXpERbAedb6g75t5PhynRQxd,Sam Rowan,Common,Zendon Zezz,1,2,1,4,None,Normal,9,None
389,0.54,1386,89.82,https://magiceden.io/item-details/7HkwAVu3uZFBppyJwdbLKEZitPNmXg1QAXXdQZtCkYP9,Marby Kwong,Uncommon,Nyandayo Nyan Nyanko,3,5,2,4,None,Normal,16,None
405,4,363,59.32,https://magiceden.io/item-details/E8A1mZVYiJWeYELokKd7f1ovt5FjWU711xpv7SM8LAYc,Marby Kwong,Uncommon,Nyandayo Nyan Nyanko,5,5,5,3,None,Normal,20,None
407,0.5,4606,77.33,https://magiceden.io/item-details/6FbKxdErbDn1EKNQbQh9ecGk4AqYomn7R2TSWBovJvAs,Sam Rowan,Rare,Kuishinbo,2,3,4,3,None,Normal,15,None
409,1,891,87.2,https://magiceden.io/item-details/BhLKCzHYU74NKY5fS8WaLgGmnnbL21MfVFQfV9zPXLE5,Ben Kovar,Rare,Exomundi,4,2,4,4,None,Normal,17,None
429,1.2,892,85.2,https://magiceden.io/item-details/7KHQcL7pfNv4rYBh6PqjvH5KzJiivVcRcjxjbmKLRZqz,Sam Rowan,Legendary,Jeff Squeeler,4,2,5,5,None,Normal,20,None
476,0.24,6006,74.32,https://magiceden.io/item-details/EbbQHzCxL1KhnyYjpXfjuxtmEGow36u63aySPB4M8bEy,Sam Rowan,Common,Hermin The Creep,3,5,3,2,None,Normal,14,None
477,1,2631,80.24,https://magiceden.io/item-details/APyj16AiVgkfYT9tF4988hZmSmycgX3gXougikZJAVEy,Sam Rowan,Rare,Credibo And Gorgeon,4,4,3,4,None,Normal,18,None
507,1,8822,55.45,https://magiceden.io/item-details/23VPXkpoe8R8gSTH6fzU2rqTqFDR2ZrouyCeu3FSCjSg,Sam Rowan,Common,Roador Synnix Blu,3,1,4,2,None,Normal,11,None
539,0.3,5596,75.36,https://magiceden.io/item-details/EYstTSaWqG7WG3CCkdoCuP6a7sQMbo6z3WNYqf4G1WR8,Sam Rowan,Uncommon,Tanks And LEOD,3,3,4,2,None,Normal,14,None
576,0.5,9106,59.31,https://magiceden.io/item-details/CZZ4Bhni8EQgQS6aUxp3ZREjx8DfXmJD9aSqcB8REPfY,Sam Rowan,Common,Hermin The Creep,1,3,2,2,None,Normal,9,None
611,1.4,4323,69.46,https://magiceden.io/item-details/4epf4jJBZEwnQvGg9riLwoFkSygt5iVGDjvKdCKr6aVp,Sam Rowan,Rare,Hermin The Creep,4,1,4,3,None,Normal,15,None
620,0.4,6859,69.31,https://magiceden.io/item-details/7TPxYye1eaq4vQXDJAHmpECdwEicAqHrrm5JDn2nVsnM,Sam Rowan,Uncommon,Urbert Plove,1,1,3,3,None,Normal,10,None
631,0.4,8320,63.46,https://magiceden.io/item-details/FjFAcgPJnzC8DCQgjurfj5RxDv2H5FCWTymW6rQFAvMY,Sam Rowan,Common,Jeff Squeeler,2,5,1,2,None,Normal,11,None
664,0.5,6260,70.7,https://magiceden.io/item-details/Fb3WqdKp1TUcoXPdHupaqLVQRKEpFntAcy71V7D69q7M,Sam Rowan,Common,Calphra Torent,2,1,1,3,None,Normal,8,None
668,0.2,7520,68.66,https://magiceden.io/item-details/5mMzKymwNAxsYLyyCBXvrck9fbQQVdoyJzWVFMY8bj6t,Sam Rowan,Common,Urbert Plove,1,4,1,2,None,Normal,9,None
721,0.55,9193,58.46,https://magiceden.io/item-details/DNaSmrFfxcD8EhsSq2TFJ42FMbrwm95ALqJqy7Le5m2d,Sam Rowan,Common,Iye And Spye,2,2,1,4,None,Normal,10,None
738,2,7234,51.81,https://magiceden.io/item-details/FgCeArwRybvVQfJ4Mucf3xcE2GTJALR8xayEv9pq2sFe,Sam Rowan,Common,Cougana The Widow,5,2,1,1,None,Normal,10,None
773,0.25,7477,68.33,https://magiceden.io/item-details/3f1oGdNjVJv956oXpsECTtBmE79jHXF53eoRZoov2VEn,Sam Rowan,Common,Kodjuob,2,1,5,3,None,Normal,12,None
857,0.31,5039,77.49,https://magiceden.io/item-details/F748tSMAKBVSW58A4oug2pfZ1hyRomkfgQMEz2YK5EFA,Sam Rowan,Common,Kuishinbo,1,2,2,1,None,Normal,7,None
876,0.16,4398,81.56,https://magiceden.io/item-details/D4fvVL7XxdieaXXePcEW8WGTCAXGHgtFLMRrj6acidV1,Sam Rowan,Common,Roador Synnix Blu,1,1,2,1,None,Normal,6,None
879,0.45,8714,61.38,https://magiceden.io/item-details/CXybCwnro5my5LyowVDmp8yX9Ukau9e8kgWNkUFsEC7V,Sam Rowan,Common,Credibo And Gorgeon,4,2,1,3,None,Normal,11,None
882,8,3969,4.88,https://magiceden.io/item-details/32jARZEiax8Xmxf6LDRzxh9crZNRpAh2XVs2oa3aJD4q,Yoan Vernet,Common,Frog Boy,2,2,2,4,None,Normal,11,None
888,1,1442,85,https://magiceden.io/item-details/DwiPkou8LYwxYTj7Fd5KCtxB7ha2UVzoJTio5hV97M2,Marby Kwong,Uncommon,Nyandayo Nyan Nyanko,3,4,1,5,None,Normal,15,None
930,0.5,6074,71.45,https://magiceden.io/item-details/85AMUrQ8GrRBWvifSJX4YbbtQR5jdQPRC7WLQBX9rFix,Sam Rowan,Common,Kodjuob,4,2,5,1,None,Normal,13,None
942,0.1,8413,66.08,https://magiceden.io/item-details/BY6AVPLHZsemyU857XFnfecnS8VbaYQR2kM5rPr7Wuxd,Sam Rowan,Uncommon,Chinsnout Cordylyn,3,1,2,2,None,Normal,10,None
984,0.5,3177,83.05,https://magiceden.io/item-details/9UhmeTgJM3AuV8MbbNR7zSqJWmvxqmBBU42LLrYiXqsK,Sam Rowan,Common,Hermin The Creep,3,1,1,2,Drink,Normal,9,None
985,1,1967,82.89,https://magiceden.io/item-details/8QFAFn99BFGBkaD43sQb9oKTZa3tPn21tCyfrsTQ87dL,Sam Rowan,Rare,Zendon Zezz,1,4,1,2,Bell,Normal,12,None
994,3,1694,63.99,https://magiceden.io/item-details/FaDrpm2g3u62gkgLvb53sPXqHxKToKsomEmAg3Zf2bd4,Sam Rowan,Legendary,Kysseme XO,4,3,2,5,None,Normal,18,None
998,0.2,7622,68.25,https://magiceden.io/item-details/BxCTgvSWPi3ND83ncDWcBUxFxnX2V3aY625PQB9FGco3,Sam Rowan,Common,Cougana The Widow,2,5,1,3,None,Normal,12,None
1006,0.4,5986,72.8,https://magiceden.io/item-details/5onfaGbdXWDAVtuAni81Dn3ZibK14SQX57ieRVrULMgv,Sam Rowan,Uncommon,Iye And Spye,3,3,4,1,None,Normal,13,None
1019,0.6,1734,87.83,https://magiceden.io/item-details/AtCFpqdkZCdGRdH2ZyfG6at6ChTcX4bt3VXkAoZLZbXh,Thomas Du Crest,Rare,Veduur Draestu,3,1,2,4,None,Normal,13,None
1027,3,4275,53.65,https://magiceden.io/item-details/FGMPNWxMJ8actyDpECytVuSZw8BdrbU5xgZ3GVo4jGG8,Sam Rowan,Rare,Rex Star Steveson,4,4,3,1,None,Normal,15,None
1034,5,1162,46.12,https://magiceden.io/item-details/HmVNpNR1vDwqy72G5AZx5KPKiHBeyvCbVZ3tj439FfZG,Thomas Du Crest,Rare,Veduur Draestu,1,4,3,4,None,Normal,15,None
1052,2,979,76.85,https://magiceden.io/item-details/DNfySQix7rsECBMkghTU3Vi8mFKDzqwMqp6eZXykCKWb,Sam Rowan,Rare,Jeff Squeeler,1,4,2,5,Grub,Normal,16,None
1079,2,2527,70.65,https://magiceden.io/item-details/97AVCsRZtpcGAMCQ3aZJDvVo8LVpk2NtjHbU7WLjJ2kR,Sam Rowan,Common,Calphra Torent,2,1,1,2,Food,Normal,8,None
1089,3,4659,52.12,https://magiceden.io/item-details/Gu1ztCuyafNWy8BjWqYic8hwcTfWUnBwb29avmY1B7JS,Sam Rowan,Rare,Kodjuob,4,2,1,4,None,Normal,14,None
1116,0.99,5018,70.78,https://magiceden.io/item-details/9HHKgfxpr3xMdUAmAqKRPavY98cJpmLQ1fx8bjEpkwh9,Sam Rowan,Rare,Tanks And LEOD,4,3,1,2,None,Normal,13,None
1131,0.47,1781,88.94,https://magiceden.io/item-details/3JZidHzRgFVEXWMdYstBP2cGmqLjFU9Ttju1yHACaXgM,Thomas Du Crest,Rare,Veduur Draestu,1,3,1,4,None,Normal,12,None
1156,3,3161,58.11,https://magiceden.io/item-details/9n8BLGDrX7xfj1icTVrXfHBAATDtzp84rCZYSa96spjf,Ben Kovar,Common,Exomundi,1,2,2,2,None,Normal,8,None
1198,2,1377,75.26,https://magiceden.io/item-details/EmbDxVYUR5cPkCvRYiDj17aM9eQXkVvs899dZXnLQvNW,Sam Rowan,Rare,Roador Synnix Blu,5,4,4,4,None,Normal,20,None
1208,1.2,3952,72.95,https://magiceden.io/item-details/FXdGTwVKCU725FQ7JFHwpHzBFAuEuabHz4LJMXbcaWdw,Marby Kwong,Common,Nyandayo Nyan Nyanko,2,1,2,4,None,Normal,10,None
1217,0.1,7328,70.43,https://magiceden.io/item-details/FWFWzxZeicVvcCt2yANxJdowUwTUe2JmhT2at978LrrT,Sam Rowan,Common,Iye And Spye,2,1,1,5,None,Normal,10,None
1231,0.1,8436,65.99,https://magiceden.io/item-details/7XVuqJamMPttWj7JQSTEqVjR9Vd1UvpFSoUbCmnqp8g,Sam Rowan,Common,Hephaesta Beaba,3,1,2,4,None,Normal,11,None
1233,1.2,7917,57.07,https://magiceden.io/item-details/B2xMmmeZnbctFXHuwgKEqAzwxVRk5837YoZrh8wGfgPk,Sam Rowan,Common,Doscilla And Dorvaria,4,1,2,4,None,Normal,12,None
1239,3,871,67.28,https://magiceden.io/item-details/A47UEbvCQqDPRc8cKpeYFdnHKUfgmDiEBkF9UHtXRcZn,Sam Rowan,Uncommon,Cougana The Widow,4,5,3,3,Heart,Normal,18,None
1240,0.5,6352,70.34,https://magiceden.io/item-details/6GkXWVdonq9gjKaKMceSpaf4dBw6UixBgsNffr1vKXbv,Sam Rowan,Uncommon,Urbert Plove,1,3,1,2,None,Normal,9,None
1326,2,5624,58.25,https://magiceden.io/item-details/CYGQNkczNLQ312ZanD73rm9jfKAqM4x1746ykhxmgYv2,Sam Rowan,Rare,Chinsnout Cordylyn,2,4,1,1,None,Normal,11,None
1345,0.4,2096,88.38,https://magiceden.io/item-details/GxZjRY16LeByywRphDswivzP7mjqdPiiG2LvLicjYtf9,Ben Kovar,Rare,Exomundi,2,2,1,4,None,Normal,12,None
1380,1.3,9856,48.31,https://magiceden.io/item-details/Af9kda8AGz4QDfzBki73vUsvhTbXPPoG1CUSZ7wKmjch,Sam Rowan,Common,Kodjuob,4,2,2,2,None,Normal,11,None
1405,0.089,8066,67.58,https://magiceden.io/item-details/81EtVne6ZwD2fgvumzRyJusYJ6mZJu4pSnWBMCF9Pw2q,Sam Rowan,Common,Kysseme XO,2,4,1,4,None,Normal,12,None
1411,2,4594,62.38,https://magiceden.io/item-details/CZcUdCPLMBT6gmyc6GsHbTF7ZK6UyZyvyMsrcdD53U8G,Sam Rowan,Rare,Psyreenie Persitan,3,2,3,4,None,Normal,15,None
1416,0.5,1862,88.31,https://magiceden.io/item-details/AEj5xetbKeEtAKdp7XtLun4fSSgiy9GvqstuhY9XGAgr,Ben Kovar,Common,Exomundi,2,2,1,1,None,Normal,7,None
1422,0.4,6111,72.3,https://magiceden.io/item-details/7smrt6rmdgTK6eqFMZTbxZvduU8GT1v1KjgL6Lnunm8x,Sam Rowan,Common,Cougana The Widow,4,5,2,1,None,Normal,13,None
1432,0.54,2957,83.53,https://magiceden.io/item-details/2dRAyUz3FnD7yFh4wuneaCd1ZWEaYHCjGmfSr9FLm4oH,Sam Rowan,Uncommon,Iye And Spye,1,3,1,2,Bell,Normal,10,None
1450,0.45,6775,69.14,https://magiceden.io/item-details/AiChG2fKpRQw4jzC4i7i6Ct8VmP8tj9WyT2NYXvwaroa,Sam Rowan,Common,Hephaesta Beaba,1,1,5,2,None,Normal,10,None
1451,0.48,9145,59.35,https://magiceden.io/item-details/A1dKcRcs7isRhTh17HCgXA2PPvv1xSew5dqJ5U3FBPF1,Sam Rowan,Common,Credibo And Gorgeon,2,2,1,4,None,Normal,10,None
1484,1.9,2402,72.15,https://magiceden.io/item-details/GYxr94Hq73ZQYh7s6oxerfzc3mk5F4JoCPdE5gjLBHWb,Sam Rowan,Common,Psyreenie Persitan,4,3,2,3,Food,Normal,14,None
1487,0.35,5176,76.55,https://magiceden.io/item-details/4nKHsZTFiNzsVCD8kYbpwSASdqSkUoXbUTtSzQzd6zyD,Sam Rowan,Uncommon,Cougana The Widow,2,4,4,3,None,Normal,15,None
1524,0.98,4546,72.77,https://magiceden.io/item-details/9zLB1GYxHBMPRaDj2bLHPKVA7hmMkmxXhwX2cDXes2bt,Sam Rowan,Uncommon,Cougana The Widow,3,5,4,2,None,Normal,16,None
1558,0.1,7682,69.01,https://magiceden.io/item-details/GFjoj5sw8sfrvs9vyjo6PzkZhcVWvr9bbupT11MtDv3M,Sam Rowan,Common,Zendon Zezz,4,1,2,1,None,Normal,9,None
1669,0.079,9872,60.45,https://magiceden.io/item-details/GSrWMghzrV2pyHBmVVTEymZgQW55q2GU3MwePoH1Z1Yh,Sam Rowan,Common,Iye And Spye,2,3,2,3,None,Normal,11,None
1687,0.8,6793,65.57,https://magiceden.io/item-details/65MPyJFqYoksCZ1E8sMRgfWaxgwuyYPEQe62Hdg189qZ,Sam Rowan,Common,Hephaesta Beaba,1,2,1,5,None,Normal,10,None
1691,0.4,1760,89.72,https://magiceden.io/item-details/G9cPs411UuC7SWsfULKSkYxTR6GYK3e7QR4diwugNzvd,Ben Kovar,Rare,Exomundi,1,2,4,3,None,Normal,13,None
1700,0.3,3158,85.13,https://magiceden.io/item-details/6M9EhwWLGBjtuiYZsXqpEsCqkqDcBJ2L5uivcX3jMtVV,Marby Kwong,Common,Nyandayo Nyan Nyanko,1,1,2,4,None,Normal,9,None
1711,0.15,9245,62.25,https://magiceden.io/item-details/5eAbGHdmRc8U9HbJKjF2FAfEsWSAmeh8o6wL1XK2fHHi,Sam Rowan,Common,Gribbles,3,2,2,4,None,Normal,12,None
1712,0.45,8641,61.67,https://magiceden.io/item-details/Anowe6YLhZqd2UqPrMsG7FQbPfPXqBV6CsJnzctimV6U,Sam Rowan,Common,Chinsnout Cordylyn,1,2,4,3,None,Normal,11,None
1732,0.15,8205,66.42,https://magiceden.io/item-details/F4mmugSjhAiLMiw2hp312oz8dfepm4hwmvoz5H3ejW6J,Sam Rowan,Common,Iye And Spye,2,2,1,2,None,Normal,8,None
1733,1.5,1448,79.97,https://magiceden.io/item-details/Bgur62csQHW8h12edYXVZzqsRwXCiW1EcddpVRzXcJWV,Sam Rowan,Rare,Hermin The Creep,4,4,4,5,None,Normal,20,None
1735,2,4118,64.28,https://magiceden.io/item-details/3BDTc4wEob7GaQtvrJMWGuDxqZhQXe8W7yGiiMmkqhjr,Sam Rowan,Rare,Hephaesta Beaba,4,5,1,1,None,Normal,14,None
1739,0.5,8821,60.45,https://magiceden.io/item-details/CmSFD2ky4Jdbr1xVGFTb5YhT17sDLsEd2eGmFdMHYgAL,Sam Rowan,Common,Jeff Squeeler,3,1,4,2,None,Normal,11,None
1742,0.75,4862,73.8,https://magiceden.io/item-details/8Gkknts6scuSLCKRfR8JbGGbK3ejWnKiZ3kTJ7d24RnE,Sam Rowan,Uncommon,Zendon Zezz,1,5,3,3,None,Normal,14,None
1756,2.5,1314,70.51,https://magiceden.io/item-details/A3jABUoDLytj6YnBmWAGbP5jypNBg3qSvSYKtTTvjcbX,Sam Rowan,Rare,Gribbles,4,4,1,1,Grub,Normal,14,None
1787,0.09,8503,65.82,https://magiceden.io/item-details/Dzuy4euk4nYBPAGZBQgqwyEtVka4f6QJMo48UEWvcDTp,Sam Rowan,Common,Psyreenie Persitan,1,3,2,4,None,Normal,11,None
1841,0.1,9394,62.16,https://magiceden.io/item-details/4Xv8CKBzrfpDxZS2F5W4QAYxdhPRGkpSBEPequuVS9PY,Sam Rowan,Common,Doscilla And Dorvaria,1,3,2,3,None,Normal,10,None
1930,7.5,294,24.59,https://magiceden.io/item-details/7vZ2x37n4jVSmR8BKChGD6Uyx1ERfmuSteDnUueH1cnu,Sam Rowan,Legendary,Chinsnout Cordylyn,5,5,4,5,None,Normal,23,None
2010,2010,147,0,https://magiceden.io/item-details/3mXTAoHLfnVxZhUE8pKwnniy8kXP4sjk1AejAWt7c1j9,Sam Rowan,Uncommon,Kuishinbo,3,3,3,1,None,Solana Glitch,12,None
2019,0.44,4176,79.65,https://magiceden.io/item-details/whrU1xyNouFMUozZD7nF9KRu47NyeoVGnhm5ytwsbkG,Thomas Du Crest,Common,Veduur Draestu,2,2,2,3,None,Normal,10,None
2027,1,1073,86.47,https://magiceden.io/item-details/4AjA8eVhXsafAjw7HKqGtEcASxFjPpcRGFayQHVXMr4P,Thomas Du Crest,Rare,Veduur Draestu,5,2,4,2,None,Normal,16,None
2093,17,338,0,https://magiceden.io/item-details/3DCkWSZ9ggoqUN4X9dGh2vYoLHWYymVv1tc5AxHUjMCJ,Sam Rowan,Legendary,Cougana The Widow,4,3,5,2,Heart,Normal,19,None
2099,0.888,3605,77.46,https://magiceden.io/item-details/BsHGiaKeX4yBJhifzWqvspiSsAZNshFbiKcHRgtn4wTR,Sam Rowan,Rare,Jeff Squeeler,4,5,3,1,None,Normal,16,None
2101,0.8,4355,75.33,https://magiceden.io/item-details/GbNMiJTcrXMKbLnME4qvgrc9U6Z6F7YEuptEy7cgnDnq,Sam Rowan,Common,Chinsnout Cordylyn,1,2,1,1,None,Normal,6,None
2168,0.55,2230,86.34,https://magiceden.io/item-details/Eea7nWiCKsZQnA9TauN64u19wBDdBaN17U1s1YYvEy4R,Marby Kwong,Uncommon,Nyandayo Nyan Nyanko,3,3,4,2,None,Normal,14,None
2185,0.45,7249,67.24,https://magiceden.io/item-details/ExyMbEq4P2QE5JT53KG8VCKnuiNzxMpKSirQmsL8WcyS,Sam Rowan,Common,Urbert Plove,2,1,1,5,None,Normal,10,None
2204,0.4,9271,59.65,https://magiceden.io/item-details/2Cw2btd4QJHocNodJm3yfKxununw1hsMuxiBSGEfUXEJ,Sam Rowan,Common,Gribbles,2,1,2,4,None,Normal,10,None
2267,0.5,7921,64.05,https://magiceden.io/item-details/8aobXeKqgEHapsfjHrppycboLhzQW2SkFde5Ye6HDFkL,Sam Rowan,Common,Iye And Spye,3,4,3,2,None,Normal,13,None
2283,0.5,8497,61.75,https://magiceden.io/item-details/8KP9gy7wfVUR5JTcpz3nv3Br8QtFAxftpbXDjcw5Zaid,Sam Rowan,Common,Tanks And LEOD,2,1,4,3,None,Normal,11,None
2358,0.75,4746,74.27,https://magiceden.io/item-details/Bt9euj2ck19cv7xJ2rFc9cgdyPHAZC8hrNffnsQQqyjD,Sam Rowan,Rare,Melayny Cholya,1,4,4,1,None,Normal,13,None
2379,0.7,1350,88.36,https://magiceden.io/item-details/3nefHmvNo4jy6MAEArFDkzsyJQBv6KqHPncTs9soHLeB,Sam Rowan,Uncommon,Psyreenie Persitan,5,3,2,3,Food,Normal,16,None
2398,0.4,2909,85.12,https://magiceden.io/item-details/2sXTAC5oUZk4GMyiBjtZhwHLJwujefiQWAxRTgT7FdMP,Sam Rowan,Uncommon,Zendon Zezz,3,2,1,1,Grub,Normal,10,None
2493,0.5,1268,90.69,https://magiceden.io/item-details/AqBgCFK6Roi41q7843ucTRrj2Kw7Peub9kk7SSTU7PXj,Sam Rowan,Rare,Kodjuob,1,4,3,3,Food,Normal,15,None
2529,10,1401,0,https://magiceden.io/item-details/CRFVbrujuLTuLAFb5wUpboS3GEwieL73DnVziGntHpRs,Yoan Vernet,Rare,Frog Boy,1,4,4,2,None,Normal,14,None
2538,1.25,2115,79.8,https://magiceden.io/item-details/7DmaBhUfdVPAAtMhizsovjQqBmNkiFw28KarcUwG6hBd,Marby Kwong,Uncommon,Nyandayo Nyan Nyanko,2,1,3,5,None,Normal,13,None
2618,0.22,4388,81,https://magiceden.io/item-details/CTW6i1YS36xhdePZPFxdVgC7zAqw2r9r1tXPsdWB7fYg,Sam Rowan,Uncommon,Hephaesta Beaba,3,2,4,5,None,Normal,16,None
2635,0.4,3841,81.39,https://magiceden.io/item-details/3dvWhdDBTDgPbx5tnmnzTf2QHwameTwtTAKRnjrKGxQJ,Sam Rowan,Uncommon,Melayny Cholya,5,5,1,3,None,Normal,16,None
2708,0.4,7375,67.24,https://magiceden.io/item-details/3JdvY4NAHpUBTcbGm9GVWkP3qcnpB7sT24TcsSsqp3dz,Sam Rowan,Common,Urbert Plove,2,5,1,3,None,Normal,12,None
2748,0.15,9103,62.82,https://magiceden.io/item-details/8ePMHzbhYm99xJZ69e5ANBCzBtjTv9ZaJCjtPvRB2uZh,Sam Rowan,Common,Gribbles,2,2,3,1,None,Normal,9,None
2752,0.15,5775,76.15,https://magiceden.io/item-details/CkZMCcTCdVdgfvPjcE9icakwMSLRmBaMcbtAzoWLLvFt,Sam Rowan,Uncommon,Melayny Cholya,4,3,2,3,None,Normal,14,None
2758,1.49,445,84.09,https://magiceden.io/item-details/6mS3BjG5kJBSzehN4prww7XfGtP2y7eRg8EsmAxSU1hD,Sam Rowan,Legendary,Rex Star Steveson,4,5,2,2,Bell,Normal,18,None
2760,0.22,8690,63.78,https://magiceden.io/item-details/GqBkFdcBRNm1oo7KooVtgvzXJmJ9iPbc5ChCNAsgsza6,Sam Rowan,Uncommon,Cougana The Widow,3,3,2,2,None,Normal,12,None
2800,1,8207,57.91,https://magiceden.io/item-details/F5vQH9yH2xzvzGAmTszeBtpTeBwfWJj5Z2sQKPS37y4r,Sam Rowan,Common,Chinsnout Cordylyn,2,2,1,2,None,Normal,8,None
2808,0.4,4532,78.62,https://magiceden.io/item-details/5B99byGuKa2pXV28cxZDuww4gKWyecVX2nEybDxvcGAf,Sam Rowan,Uncommon,Melayny Cholya,3,5,4,1,None,Normal,15,None
2822,0.25,6597,71.86,https://magiceden.io/item-details/4TEUwfrREEyDMcStHnZnaMmrSwyxyvgQX2UibbC7xFb5,Sam Rowan,Uncommon,Iye And Spye,2,1,3,1,None,Normal,9,None
2824,0.4,3286,83.61,https://magiceden.io/item-details/4Bbg4NT8PH5DXDycvntB2GaTgRGKiWvNgfhz9BT1PDxz,Sam Rowan,Common,Roador Synnix Blu,2,3,1,1,Grub,Normal,9,None
2866,0.4,5933,73.01,https://magiceden.io/item-details/2CQnt6HpuKf3ofEmXkoovq4aAs5pNeGY5wctxM45vSyg,Sam Rowan,Uncommon,Hephaesta Beaba,4,3,3,1,None,Normal,13,None
2869,0.4,2487,86.81,https://magiceden.io/item-details/9NByRFscxdGAHhvDnZsraWv6SDHSaXX4idnG3L5GopWK,Ben Kovar,Common,Exomundi,3,1,2,1,None,Normal,8,None
2872,0.9,1896,84.18,https://magiceden.io/item-details/65v4c3CzEFNS6cuKLA7fSJyikT8teB6oHwSJbavkzARy,Sam Rowan,Rare,Gribbles,3,4,4,5,None,Normal,19,None
2950,2.5,963,71.91,https://magiceden.io/item-details/DsMT6HeW3pKTduiXgZWjVfCAMXnpxx8qEcq9eQMEdSST,Sam Rowan,Rare,Melayny Cholya,1,4,1,5,Food,Normal,15,None
3006,0.8,9327,55.42,https://magiceden.io/item-details/H9LzkZeiSrJ5KoaKTD6VWCGZoFFQRbZ4tHTy2rzdUaWY,Sam Rowan,Common,Urbert Plove,2,4,2,1,None,Normal,10,None
3021,1,3106,78.33,https://magiceden.io/item-details/tDM6xRvvvRBi7JA5GAxJZH8wMwRgJ9gAbUxvoHPbTgP,Ben Kovar,Uncommon,Exomundi,1,2,3,3,None,Normal,11,None
3023,1,5734,67.81,https://magiceden.io/item-details/EPYtKsjNh8a8v2R2VEEGFKAqFzrEccM6qfvShSEqB5Ky,Sam Rowan,Uncommon,Doscilla And Dorvaria,3,3,4,2,None,Normal,14,None
3031,2,5149,60.15,https://magiceden.io/item-details/ECAANE7xnHrnmieHG4rQ8PNQjzt9wQvEmMKGCGZJt9JD,Sam Rowan,Rare,Credibo And Gorgeon,2,1,4,3,None,Normal,13,None
3032,2.6,4568,56.48,https://magiceden.io/item-details/FDdd2PsbNhTjjoY4iyCZ7rnwHhsmaxn1EZfMfXQPUmph,Sam Rowan,Rare,Calphra Torent,2,4,2,4,None,Normal,15,None
3045,0.7,4351,76.35,https://magiceden.io/item-details/EXefNpUHsvc9EqWs1A9WqmEUg2JjjCseqZdo1KqDMg94,Sam Rowan,Uncommon,Tanks And LEOD,5,3,4,1,None,Normal,15,None
3050,0.33,2194,88.69,https://magiceden.io/item-details/FgWMbcvBhG1CFAdkbspXDwDYXQCjtGoR4183XxTwxeza,Sam Rowan,Uncommon,Calphra Torent,4,1,3,2,Heart,Normal,13,None
3081,0.1,7819,68.46,https://magiceden.io/item-details/CLY2NQiUHTqCfaUWGtMcVFuCGr8gTcPj8JeN8DuiTaHj,Sam Rowan,Common,Hermin The Creep,2,1,4,1,None,Normal,9,None
3085,1.5,1294,80.59,https://magiceden.io/item-details/88re25BJruZ1zDpXMZ2y6UcBeWeuv1SBcaELC1iDEoEC,Marby Kwong,Rare,Nyandayo Nyan Nyanko,4,3,1,4,None,Normal,15,None
3097,1.25,4756,69.23,https://magiceden.io/item-details/6tsUct4W7kogEvNE4Xsb5eWUysRqHAZSeCADPL8bqiVK,Sam Rowan,Rare,Credibo And Gorgeon,4,4,1,1,None,Normal,13,None
3100,0.99,934,87.13,https://magiceden.io/item-details/EWqJRDBVfL4LoFmXod9bDugYXqgYR2dbpAuF5Yhh87im,Ben Kovar,Rare,Exomundi,4,4,3,3,None,Normal,17,None
3122,0.67,2072,85.77,https://magiceden.io/item-details/5pPzBiErZW4hb3WgdKrG6h6wnswDH9HbE8CrnTUv5QYx,Ben Kovar,Uncommon,Exomundi,3,3,4,2,None,Normal,14,None
3125,0.3,4431,80.03,https://magiceden.io/item-details/EHLWPr7JYP1WDJvouqgqYKHrAzwBydTVwuu6gM4n8dw4,Sam Rowan,Uncommon,Gribbles,2,3,5,4,None,Normal,16,None
3131,0.4,3907,81.13,https://magiceden.io/item-details/JAuX3JU4mihUvorhvzEnfnNHzy5XAvXPD9CwXrv8R8ZF,Sam Rowan,Common,Melayny Cholya,2,1,3,2,Drink,Normal,10,None
3140,0.55,9795,56.05,https://magiceden.io/item-details/42d4iKTNKWyHMWsZTu7hbmv2YBGWVVwjS1BtbYq1FcDB,Sam Rowan,Common,Rex Star Steveson,3,3,2,2,None,Normal,11,None
3143,0.555,9669,56.51,https://magiceden.io/item-details/D7XeJBwYai4KzEMMHz6NTHP5wJuZfLGteJFfH8SPghg4,Sam Rowan,Common,Hermin The Creep,2,4,2,3,None,Normal,12,None
3164,0.9,2836,80.41,https://magiceden.io/item-details/9on8rU5uq9qEnqi1rZHx7XuBzfN2wVdobJwykHodnsvr,Adam Baines,Uncommon,Lophii And Garman,3,3,1,3,None,Normal,12,None
3166,2.8,4175,56.05,https://magiceden.io/item-details/CeGjJtHLk4FENwwfQMDCEUochiXSxGfJ5PzJuye3jJ6P,Sam Rowan,Rare,Calphra Torent,1,3,4,4,None,Normal,15,None
3179,0.53,5378,73.94,https://magiceden.io/item-details/54Mis8N3StgWh6EGkVaUWMCpjXdzV6cbure1E3RqNC9Y,Sam Rowan,Uncommon,Doscilla And Dorvaria,3,1,1,1,None,Normal,8,None
3235,0.13,3643,84.88,https://magiceden.io/item-details/FjJpoUAd3JYxNE7kgf1YDMFsk7aQ1B7y4nagZ7HYB7cU,Ben Kovar,Common,Exomundi,2,2,1,4,None,Normal,10,None
3243,1,7679,60.02,https://magiceden.io/item-details/ABt1qPydLE3riJ6Bm9hhFcPTThA26e5MaLpRsMNWGiDw,Sam Rowan,Common,Kodjuob,1,4,2,1,None,Normal,9,None
3244,0.23,5381,76.92,https://magiceden.io/item-details/5Tb2AC4Q8Wd9tAJSzFUukVrFhp9vGJMg7u5uYA2hWetu,Sam Rowan,Uncommon,Iye And Spye,3,1,1,1,None,Normal,8,None
3245,0.33,8505,63.42,https://magiceden.io/item-details/8HZvCByGsNzvrEMm4F6kg9WnMVBrn9t5tkDToEYF7QmP,Sam Rowan,Uncommon,Cougana The Widow,1,2,2,3,None,Normal,10,None
3249,1,9416,53.07,https://magiceden.io/item-details/ESfUYm4K6sn5Xxr1aJMRszQU59TnrMhCtUTPRsHuugGz,Sam Rowan,Common,Melayny Cholya,4,1,2,2,None,Normal,10,None
3321,0.5,9208,58.9,https://magiceden.io/item-details/6ESGBb5aT4wffbnKTbHiknHwo2WbXdcEsGkHyeqe7zj2,Sam Rowan,Common,Hephaesta Beaba,1,3,2,3,None,Normal,10,None
3331,0.4,1277,91.66,https://magiceden.io/item-details/F1yGJw1SK34S7ybsPtjDseTWPipSFHyiNi3tgpt68dBL,Thomas Du Crest,Common,Veduur Draestu,2,1,1,1,None,Normal,6,None
3343,0.99,2160,82.22,https://magiceden.io/item-details/H535ywMBrd3WStPdhg4zfnDD7vbZXV5iCVQwBcQjagQ2,Yoan Vernet,Common,Frog Boy,2,1,4,5,None,Normal,13,None
3345,0.26,8796,62.95,https://magiceden.io/item-details/2W7ZPvXRc8rax1vWfKoLjTjGFpQikm2CEEnEUjyNfdor,Sam Rowan,Common,Kodjuob,1,4,2,3,None,Normal,11,None
3352,0.9,8061,59.49,https://magiceden.io/item-details/BYS1DXE6ciiCar3AdDkx7pu7YsDhtfkJtXpHPg22xMk6,Sam Rowan,Common,Roador Synnix Blu,2,1,4,4,None,Normal,12,None
3367,3,3973,54.86,https://magiceden.io/item-details/6s3yTLfZUx1d8qYRGyQe6VXL2SjCk4ZhTRfYKmHzAwVd,Sam Rowan,Uncommon,Cougana The Widow,1,5,5,3,None,Normal,16,None
3377,0.8,8576,58.43,https://magiceden.io/item-details/FBLHnDCdTc7jCrfWHbnA5AWVR5475KNEz6DV2fhmfG2r,Sam Rowan,Common,Rex Star Steveson,2,3,1,4,None,Normal,11,None
3394,3.33,1116,63,https://magiceden.io/item-details/6cNNxvN5ceBctmvSSLFhjMGPkxCGmh35VwGbfTC1JSMk,Marby Kwong,Uncommon,Nyandayo Nyan Nyanko,3,4,3,5,None,Normal,17,None
3399,0.15,5302,78.04,https://magiceden.io/item-details/A8VHHBw81X3CTZEm7izHKjNUrFNzprC1oqinpon9tnSo,Sam Rowan,Common,Iye And Spye,2,1,1,2,None,Normal,7,None
3400,0.39,4910,77.21,https://magiceden.io/item-details/HVTcL77FvgRHKBHKy4oM8fuFG3oygc7YRnu1e3vt2iq4,Sam Rowan,Uncommon,Cougana The Widow,3,2,3,5,None,Normal,15,None
3429,0.1,3830,84.43,https://magiceden.io/item-details/GcWons8yKjWuTPZ9dsM8HWdmiQuvAzYUGdKev9gHoGhe,Marby Kwong,Common,Nyandayo Nyan Nyanko,1,2,3,2,None,Normal,9,None
3448,0.25,5677,75.54,https://magiceden.io/item-details/6TXCUSZXboumJ12b6oZE2GnVR4Yd5EgYxWLF68YKwtR,Sam Rowan,Uncommon,Cougana The Widow,2,1,3,5,None,Normal,13,None
3449,0.1,9090,63.37,https://magiceden.io/item-details/49dEBaq7xXUYCBnFcgYtdc2bFfegdC7hzgT6keZktJTf,Sam Rowan,Common,Chinsnout Cordylyn,2,3,2,1,None,Normal,9,None
3453,0.39,7405,67.22,https://magiceden.io/item-details/F72fDEXUGxUtmCk3yJZGLYmVseJNBy4zVCzhYM39vsPK,Sam Rowan,Common,Kodjuob,2,1,5,1,None,Normal,10,None
3471,0.15,9569,60.96,https://magiceden.io/item-details/5Dzu4E2mhg6tg4bQNHo2kS9vXbHK38hJL2fuwZAbbgor,Sam Rowan,Common,Roador Synnix Blu,3,2,3,1,None,Normal,10,None
3502,0.6,5814,71.49,https://magiceden.io/item-details/3hbZ6nvKJmpJLRZhHwnhT6UcKZmZbJk8jayHrUHcU4aC,Sam Rowan,Uncommon,Tanks And LEOD,4,3,3,1,None,Normal,13,None
3514,0.5,3925,80.05,https://magiceden.io/item-details/DYsPXjVC1CDKKPfKCBncCbegmkyMpxA8huQFBWEjJ1dj,Sam Rowan,Uncommon,Zendon Zezz,3,5,1,5,None,Normal,16,None
3515,0.45,8356,62.81,https://magiceden.io/item-details/J1Yk2JCQmZmkdhyFqA3b391nm7no1Canin7zsbptVwvh,Sam Rowan,Uncommon,Psyreenie Persitan,3,2,2,1,None,Normal,10,None
3525,0.35,2477,87.35,https://magiceden.io/item-details/8orcmRDkAUqv3PQtSMeYdGETFvXRGb3DTnun38sqy3DE,Ben Kovar,Uncommon,Exomundi,3,2,2,4,None,Normal,13,None
3526,0.38,9386,59.39,https://magiceden.io/item-details/GZaQcUPKL6JKhnPQFDRB37eFpEDfQ4r1pyNSqaHS552G,Sam Rowan,Common,Jeff Squeeler,1,4,2,2,None,Normal,10,None
3535,1.8,7122,54.25,https://magiceden.io/item-details/DhHkK2HhmrRYuQPYT4xzPvkEq3sg4J6dJjivK8dWk7Xx,Sam Rowan,Uncommon,Jeff Squeeler,2,3,3,3,None,Normal,13,None
3543,0.6,1777,87.65,https://magiceden.io/item-details/H8LUs4gCPve4TSq7Y1bo6wJk4gUDLAJiUjZyZbxH7taq,Ben Kovar,Uncommon,Exomundi,4,3,3,3,None,Normal,15,None
3610,1,3928,75.04,https://magiceden.io/item-details/4NtAaU6MasHoqCc4q9efGxPKq2prKR4axaohu7W9JzUe,Sam Rowan,Common,Iye And Spye,2,3,2,3,Drink,Normal,12,None
3621,12,35,0,https://magiceden.io/item-details/DCdWo7CbYN2YGzJiUAe6cBifE9NE5bN9jVCbK6uxqwQ5,Sam Rowan,Legendary,Rex Star Steveson,4,5,5,5,None,Normal,23,Signed
3667,5,1420,45.08,https://magiceden.io/item-details/5CPtm6b3tHsC4FT8f2ECngbRyfFaPPUf3Dnw8yzd56vf,Sam Rowan,Legendary,Hermin The Creep,1,4,4,5,None,Normal,18,None
3701,8.9,341,10.4,https://magiceden.io/item-details/7fZKx9zzhCwUHgWftmtKYQcwjzr3owZUx4q4HzYLAR9q,Marby Kwong,Legendary,Nyandayo Nyan Nyanko,4,3,3,5,None,Normal,19,None
3725,0.4,7003,68.73,https://magiceden.io/item-details/H9uPAAPLMAHzheEHAZ4ooU7ddrmDCZBoVqc7SZaYHZKq,Sam Rowan,Uncommon,Melayny Cholya,1,3,3,1,None,Normal,10,None
3743,0.6,6727,67.84,https://magiceden.io/item-details/AvNf4V1TvzLUQRFwVCPdJn2dwx5LmW4AokHcKvN1DMZs,Sam Rowan,Uncommon,Psyreenie Persitan,4,3,2,2,None,Normal,13,None
3756,0.25,5843,74.87,https://magiceden.io/item-details/CYxwjZjwRUF2dkN4g8EAyitHwxYmuWdX1F1Y6hhmAZ9G,Sam Rowan,Uncommon,Melayny Cholya,1,3,3,4,None,Normal,13,None
3758,0.3,2287,88.61,https://magiceden.io/item-details/KU12ok5JpgKkcLHRc6tfsNpLZF6qBjcuoTmMYVoRQP8,Sam Rowan,Uncommon,Credibo And Gorgeon,1,1,4,3,Heart,Normal,12,None
3764,8,244,19.79,https://magiceden.io/item-details/Bi5fpdNavAJasCfVnUCZEoPRMjhnDi1m3W67W7NzrkCz,Thomas Du Crest,Rare,Veduur Draestu,4,3,2,4,Grub,Normal,17,None
3823,0.65,777,91.16,https://magiceden.io/item-details/DJiLum4iFx5abPn9R1cdhsscD1ZhjgVb8va4oYGNzXF2,Sam Rowan,Uncommon,Kodjuob,2,5,5,3,Drink,Normal,18,None
3835,0.149,5993,75.28,https://magiceden.io/item-details/EnxvxW5CrXZtUFKQkU9GTiqrzyAL4NYRvjJoaDzNTPXx,Sam Rowan,Common,Zendon Zezz,1,2,4,5,None,Normal,13,None
3877,1,3600,76.36,https://magiceden.io/item-details/5Cq9MoLNKkuZXmZT9uc96WazhiqXmAMSSEmPyjVqhA5f,Sam Rowan,Common,Rex Star Steveson,1,2,2,2,Food,Normal,9,None
3885,2,3447,66.97,https://magiceden.io/item-details/C6wMrHokf6KJU1yE6rdR6UjGjRrbKm1gzitDbqzspVpX,Sam Rowan,Rare,Iye And Spye,3,5,1,4,None,Normal,16,None
3897,0.5,8329,62.42,https://magiceden.io/item-details/CuKBW5mZadYnFYYjiWRsiscB1ucAZp4GhhsQdPchn7kd,Sam Rowan,Common,Hermin The Creep,2,1,2,5,None,Normal,11,None
3923,0.09,8807,64.61,https://magiceden.io/item-details/CD19NbufkGWvxZ9cnweiWfDdZPrwZPG1Z5g4soxoxwXr,Sam Rowan,Common,Hermin The Creep,2,1,3,4,None,Normal,11,None
3941,0.7,1578,87.45,https://magiceden.io/item-details/CL48ALLSmrYVBvo5UcDyqRBuGTw45zscU61LTgb6Bhee,Ben Kovar,Uncommon,Exomundi,3,2,3,5,None,Normal,15,None
3986,0.29,3888,82.3,https://magiceden.io/item-details/g4zq8kNjQbnN9gv3VT23DUiZ7CeUbPpi76uhFiktyuG,Sam Rowan,Common,Credibo And Gorgeon,2,1,3,2,Drink,Normal,10,None
3987,0.13,8175,66.74,https://magiceden.io/item-details/FHTdhWEpxarDUU9o41qMYbsj7J6eZ7BjYK2XHescHNhw,Sam Rowan,Uncommon,Gribbles,2,3,1,3,None,Normal,11,None
4019,0.45,5001,76.25,https://magiceden.io/item-details/DsrBeLF7A5tvjymcJFMs2PeUukUvjDQtkHvpa3hjrk2e,Sam Rowan,Common,Psyreenie Persitan,5,4,3,2,None,Normal,15,None
4045,4.2,2815,47.5,https://magiceden.io/item-details/G9fLwGisUo7GcWnnUDgAK3CsHqyEevxKGUjUUAANxkKU,Sam Rowan,Uncommon,Roador Synnix Blu,3,5,5,3,None,Normal,18,None
4052,0.085,8628,65.37,https://magiceden.io/item-details/BHLM9EeCrntyFrEX5rkAvKfuoJQgpgSftnV5wRXtHQtK,Sam Rowan,Common,Calphra Torent,3,2,2,1,None,Normal,9,None
4073,0.555,7654,64.57,https://magiceden.io/item-details/7G9JoKYTb8xvDD9QQD19b44Sb8mgNvp2KfwevXgWyeZW,Sam Rowan,Common,Hermin The Creep,2,1,1,4,None,Normal,9,None
4075,0.08,8878,64.42,https://magiceden.io/item-details/Bpp26JHq9B3MNKFCr1aiy7MQaPgTRhvwFoxUQ5Tzzvky,Sam Rowan,Common,Gribbles,4,3,2,1,None,Normal,11,None
4114,0.2,6655,72.12,https://magiceden.io/item-details/9CGCyNQCbfDNKmDeL5p9qMnrsJoc8QnaJxUG8U9tnqnf,Sam Rowan,Common,Hermin The Creep,3,1,1,2,None,Normal,8,None
4119,0.45,7519,66.16,https://magiceden.io/item-details/FWXFS9ENATQh3DW5PekMQ29wt5XESe2TXyLFY5mC4xVb,Sam Rowan,Common,Hephaesta Beaba,2,4,1,1,None,Normal,9,None
4163,2,389,79.21,https://magiceden.io/item-details/CUdu3JuRaSeNcUUTn66NLPXW3KGwWYGLaa5TJacJ3z5S,Thomas Du Crest,Common,Veduur Draestu,1,2,1,1,Bell,Normal,7,None
4175,0.8,2049,84.57,https://magiceden.io/item-details/G8it6Uy74HFsGYgeejVFHC2oejzp9rFgBCxeGNAoJcpH,Marby Kwong,Uncommon,Nyandayo Nyan Nyanko,2,2,3,5,None,Normal,14,None
4177,0.1,6334,74.41,https://magiceden.io/item-details/ByDLj59ADBA9R5oZqeJ68PmtAXbE1hYQFxHY4Nanu9hF,Sam Rowan,Common,Urbert Plove,3,2,1,1,None,Normal,8,None
4200,1.69,4772,64.76,https://magiceden.io/item-details/ERdBMujiVUBRfZDquiynZuL9X4v9JCGbiZKeZNFJHp3V,Sam Rowan,Uncommon,Tanks And LEOD,3,3,5,1,None,Normal,14,None
4203,0.24,3894,82.78,https://magiceden.io/item-details/DW3ABPsNFaT2b4LkFk6EwEsnpxMYRa6cXUiQrFkfL1Ja,Sam Rowan,Common,Hermin The Creep,2,2,1,2,Bell,Normal,9,None
4234,10,3855,0,https://magiceden.io/item-details/BuySR1Nc6TEN7pvRQz1eMi5qev7Mqk4PBsDox1jE5fm,Sam Rowan,Uncommon,Rex Star Steveson,5,3,4,3,None,Normal,17,None
4258,1,2568,80.49,https://magiceden.io/item-details/BLHpqgL2TNmuPAiHYSJBXNTk2MfZKeYUNXJ1B9ykzqer,Sam Rowan,Uncommon,Chinsnout Cordylyn,1,1,3,3,Heart,Normal,11,None
4283,5,4419,33.08,https://magiceden.io/item-details/526xwQNAU8oLRGjFyQcqPaVmpzyvovYARc3oq6grf2eb,Sam Rowan,Uncommon,Doscilla And Dorvaria,3,5,2,4,None,Normal,16,None
4286,6,518,38.7,https://magiceden.io/item-details/52yaF2uy8s4VkJ3yGKHjB9n5yy3ksqk9gazpZy45bmpA,Thomas Du Crest,Rare,Veduur Draestu,4,4,4,4,None,Normal,19,None
4309,0.5,7072,67.45,https://magiceden.io/item-details/8TB53zvTKFaA3vg9L2WZsexhps4sTjo7Nn9KFtVQSYix,Sam Rowan,Uncommon,Credibo And Gorgeon,1,3,3,3,None,Normal,12,None
4318,0.2,5809,75.51,https://magiceden.io/item-details/CQ3Qq3aYweciJod1BH56286kEDRDmAXCQAxGJc2Vouom,Sam Rowan,Uncommon,Zendon Zezz,4,3,3,2,None,Normal,14,None
4322,1.3,2116,79.3,https://magiceden.io/item-details/AriLV1PX3tM1akPHoLBoyJHMGvEjqHHVkLgA65zMJZ6U,Thomas Du Crest,Common,Veduur Draestu,5,1,4,2,None,Normal,13,None
4366,1,5743,67.78,https://magiceden.io/item-details/9ouVv3Evof4NxFXtXniiLTM24AX9Thvzm5A4fBp9PRCT,Sam Rowan,Rare,Tanks And LEOD,2,1,4,2,None,Normal,12,None
4394,0.09,6537,73.7,https://magiceden.io/item-details/DdDoHoHDRKR4TzJxzTZH1J78Qezs61rhrFT29XuB8XKQ,Sam Rowan,Common,Credibo And Gorgeon,2,1,3,1,None,Normal,8,None
4418,0.4,8504,62.72,https://magiceden.io/item-details/EFoNGc7GVSe3ued2HPy8zh7wxbEd9X7McDoaTam6tHum,Sam Rowan,Uncommon,Gribbles,2,3,1,2,None,Normal,10,None
4425,1.5,1168,81.09,https://magiceden.io/item-details/AhpuXCfzXcpYXgWDAvm1Q65kHvMfvc8ZWs97BLf3B2M3,Sam Rowan,Uncommon,Iye And Spye,3,3,4,4,Bell,Normal,17,None
4437,0.8,2000,84.76,https://magiceden.io/item-details/CuGiTmTuhU5RmXetUfr3JxBkuifv3kDHnSkkpGVFD2ci,Yoan Vernet,Uncommon,Frog Boy,1,3,1,5,None,Normal,12,None
4446,0.7,5386,72.2,https://magiceden.io/item-details/G5EYKRTcum2jqGjXc3aTggiva6RCFn6SzjTgBfMLQ7Ab,Sam Rowan,Uncommon,Chinsnout Cordylyn,2,2,5,3,None,Normal,14,None
4477,0.45,1024,92.17,https://magiceden.io/item-details/xxFHof2AeqwmBmD9pMpyW4FcXwn3oaKwb5Q1YhwcFaL,Ben Kovar,Common,Exomundi,3,1,2,2,Drink,Normal,10,None
4489,0.4,6424,71.05,https://magiceden.io/item-details/CoXassgtgRFEiG5tei8a1qiwKP6BmMw2HHwCGpLkCpfL,Sam Rowan,Uncommon,Zendon Zezz,1,3,1,2,None,Normal,9,None
4491,0.5,4880,76.23,https://magiceden.io/item-details/9b99Rt2cMNXsaWHP63BjGXEaP5q8dJdbP59WxiX3kgWC,Sam Rowan,Uncommon,Kysseme XO,2,3,5,3,None,Normal,15,None
4507,0.1,3589,85.4,https://magiceden.io/item-details/ByCNWTPexX3rwaaXjr685T95WaiDf6vPbiiVAFa9z2v4,Adam Baines,Common,Lophii And Garman,1,2,3,2,None,Normal,9,None
4510,0.4,5177,76.04,https://magiceden.io/item-details/8Q1Fi2hKR3W5m7QHJ7bwrVVe6hsWn4HeRb7vmJrsxpoz,Sam Rowan,Common,Credibo And Gorgeon,1,2,2,1,None,Normal,7,None
4511,0.105,7347,70.3,https://magiceden.io/item-details/2KA3yAZK4cUu4vVcwQT9nv1M9gf7hMkQ1gVYdrzBDesn,Sam Rowan,Common,Hermin The Creep,1,1,2,5,None,Normal,10,None
4538,0.22,8887,62.99,https://magiceden.io/item-details/DZ1vznhKAAjspPSfCGrVYyNtArGhDJxhXcJtTWcr73DJ,Sam Rowan,Common,Cougana The Widow,2,5,2,2,None,Normal,12,None
4566,1.9,2938,70.01,https://magiceden.io/item-details/AuhPoP6RHmKqnV51A99Jw4T44gSB6fVgZvsEQiu9cw21,Marby Kwong,Uncommon,Nyandayo Nyan Nyanko,4,3,2,2,None,Normal,13,None
4575,0.185,9820,59.6,https://magiceden.io/item-details/5BkaLgBFmnhHuQq8VyhrbiyiC4M8gWQZsa9sQwsRKs25,Sam Rowan,Common,Iye And Spye,2,4,2,2,None,Normal,11,None
4655,0.56,2329,85.84,https://magiceden.io/item-details/CL7ZXrWmEQdbxusmBHK1v3uoJtNDjRt8kWjUTmm9w378,Sam Rowan,Uncommon,Roador Synnix Blu,3,4,1,1,Heart,Normal,12,None
4685,0.2,8971,62.85,https://magiceden.io/item-details/A9kVhytUBPonVEDbuminpMi4uTD4iWeZjpefvS6SD6mR,Sam Rowan,Common,Cougana The Widow,1,4,3,2,None,Normal,11,None
4691,0.5,584,93.43,https://magiceden.io/item-details/EZVoF2z1cv9wXdCvv9zDB1oZEAPiAJtUqjqTa1hnQR1w,Thomas Du Crest,Uncommon,Veduur Draestu,3,2,1,4,Bell,Normal,13,None
4712,0.53,4574,77.16,https://magiceden.io/item-details/EpUHZQcVWByEUHjeTTfrNcEDAiD8uEXwCM6rB3kKVT9G,Sam Rowan,Rare,Kuishinbo,2,4,1,4,None,Normal,14,None
4722,0.8,2237,83.81,https://magiceden.io/item-details/Ctc5udykDKLkX3fMga1jHr9LVKKqTF5kdRDwNQiRv9rZ,Sam Rowan,Uncommon,Credibo And Gorgeon,1,3,2,4,Bell,Normal,13,None
4730,0.5,5648,73.16,https://magiceden.io/item-details/9aanbgJCEUNKhMD9PFAf8REJV7KoKkFcLb8KsDjk3inU,Sam Rowan,Uncommon,Kodjuob,3,1,5,1,None,Normal,12,None
4742,20,39,0,https://magiceden.io/item-details/JoGrKkLoAfu95oX7f9DHERCmPPza5UsNN4bmYkQa9Vi,Marby Kwong,Legendary,Nyandayo Nyan Nyanko,2,5,5,5,Bell,Normal,22,None
4780,0.75,5868,69.77,https://magiceden.io/item-details/CTVY7DuJazWUCtod9pXoQHsYNCHDjoccjGes3X2NNap2,Sam Rowan,Common,Rex Star Steveson,2,1,5,4,None,Normal,13,None
4781,0.25,8832,62.91,https://magiceden.io/item-details/H5X2dobhxF1kUkS9XQgjWuoKCU5nNtMJ8Auw88z43Ya6,Sam Rowan,Common,Zendon Zezz,4,3,2,1,None,Normal,11,None
4801,0.14,4781,80.23,https://magiceden.io/item-details/DhEq9iMq3dgGtu9ZZFGF3wizxaovAjz6Pta6QFoSeEW9,Sam Rowan,Uncommon,Calphra Torent,3,3,2,5,None,Normal,15,None
4830,0.8,5702,69.94,https://magiceden.io/item-details/H3bH9CqmiaKQBheFXibzwjmctFd3a4U5BL5Tq2EAhpqH,Sam Rowan,Common,Calphra Torent,2,5,4,2,None,Normal,14,None
4832,0.21,8188,65.89,https://magiceden.io/item-details/2KHotZF1JEXaUvQasHss9dSvVFim5RPRyrHdjTctW63D,Sam Rowan,Uncommon,Kodjuob,3,3,1,2,None,Normal,11,None
4839,0.5,975,91.87,https://magiceden.io/item-details/9CEqqUxJzTr7d9vKtWzL798Fugf9WxcDAanneSN6Zztp,Sam Rowan,Rare,Gribbles,2,5,4,1,Heart,Normal,16,None
4863,0.25,5744,75.27,https://magiceden.io/item-details/v6ckHkn58aJgTn8BC2siikCT9J7atoB97FGK55iizyz,Sam Rowan,Uncommon,Zendon Zezz,3,3,4,2,None,Normal,14,None
4888,0.5,6809,68.51,https://magiceden.io/item-details/4nCpTHmYgFPkFhQ1bSQma3VyYqP6A6TNcXsi66k5qcJr,Sam Rowan,Uncommon,Rex Star Steveson,1,1,3,3,None,Normal,10,None
4921,0.888,6512,65.82,https://magiceden.io/item-details/8ZMV2tEoqLZYvqZAkfGbA6c6N8b8Fx7aPm9uJU8oN8Z2,Sam Rowan,Common,Rex Star Steveson,5,2,2,3,None,Normal,13,None
4930,0.8,6654,66.13,https://magiceden.io/item-details/4svq3Y9qRwpH8b5iMa9bp67ZH7MPHs9wpFbNCkmRWzWx,Sam Rowan,Common,Hermin The Creep,3,1,2,1,None,Normal,8,None
4933,1,3488,76.8,https://magiceden.io/item-details/2oAUcBpPnj1efVTyj7b8R5pQg87RAcUbDmb5BWBFhTN1,Adam Baines,Common,Lophii And Garman,2,3,1,4,None,Normal,11,None
4940,0.12,2168,90.89,https://magiceden.io/item-details/8ikw4ipWSpwvf7K2gBN7XdNQnXZS3QNjCXN2jJVjBVCo,Sam Rowan,Uncommon,Hephaesta Beaba,1,3,1,1,Grub,Normal,9,None
4956,0.75,375,91.77,https://magiceden.io/item-details/FRTXujMYGm6yZgUNLEtghqPJ25LNgxxWcgUTR43t8RWd,Thomas Du Crest,Common,Veduur Draestu,1,1,1,2,Drink,Normal,7,None
5010,0.35,2615,86.8,https://magiceden.io/item-details/G62vmJytWYVkrAkQCSLYg49LpfzUQh5jXMeKtokHxn7e,Sam Rowan,Uncommon,Urbert Plove,3,1,1,3,Grub,Normal,11,None
5024,0.1,8189,66.98,https://magiceden.io/item-details/7dPfS1kTPWbgZrr6aEUuRKaL1ghWpPFFFZu4W6XhJihd,Sam Rowan,Common,Melayny Cholya,2,2,2,1,None,Normal,8,None
5073,1.5,3817,70.49,https://magiceden.io/item-details/9yVMwZ85Bf4SMKSFajjiwyaVcVFXmKUSxQ7SHx9Ynrox,Sam Rowan,Common,Urbert Plove,3,2,2,1,Drink,Normal,10,None
5085,0.15,7728,68.33,https://magiceden.io/item-details/5FESWXnXy84UmtcDrzH5ANyZatyAchbgz3u1oQRtSa2c,Sam Rowan,Common,Gribbles,2,4,2,4,None,Normal,13,None
5086,1,4087,74.41,https://magiceden.io/item-details/H2zH6LWJz68arsnKz22RLZ6KjHdrvYwfmc1jPrdJAg9M,Sam Rowan,Rare,Kysseme XO,5,2,4,1,None,Normal,15,None
5093,4,104,60.35,https://magiceden.io/item-details/C7XiZxRP3JwfuVprgwj3tj3eLcotXmrmG5fGB7cCGQf3,Sam Rowan,Legendary,Hephaesta Beaba,5,3,4,5,Heart,Normal,22,None
5098,0.1,9220,62.85,https://magiceden.io/item-details/FNQ7iT47Vt4nbKczfWiUQSX4T5hA1LhAYpved8xzRxtJ,Sam Rowan,Common,Doscilla And Dorvaria,1,2,4,2,None,Normal,10,None
5108,0.8,6706,65.92,https://magiceden.io/item-details/G9tw91Mk6LUUGhLdFUnTHXbDwPuJQNGU1tmUnSd86tme,Sam Rowan,Common,Jeff Squeeler,2,1,3,1,None,Normal,8,None
5135,0.84,4626,73.85,https://magiceden.io/item-details/7ef3DSszQPxZTmeSTXfk7JLHfmBjBdBKPEodSRkT9qZV,Sam Rowan,Common,Kysseme XO,5,4,2,4,None,Normal,16,None
5156,0.1,3667,85.09,https://magiceden.io/item-details/EvbCwbJN15pstvL6YZMbDErrvmoUtmSRY66tURQkvuZR,Yoan Vernet,Common,Frog Boy,2,1,4,2,None,Normal,10,None
5163,6.5,1142,31.2,https://magiceden.io/item-details/C2vLYMHsANSWX2DrirXw7R7VpqvfSjEFrYgGBnuoxVXQ,Sam Rowan,Legendary,Psyreenie Persitan,5,5,3,2,None,Normal,19,None
5164,1,3505,76.74,https://magiceden.io/item-details/6noEAQCbPwULYsKREkxuNBNfapTPcAu9xyjXVHgmfcao,Adam Baines,Common,Lophii And Garman,1,4,3,2,None,Normal,11,None
5172,0.25,3036,86.11,https://magiceden.io/item-details/HfqaQNDzW22Zq17Xqjfs3sypZu8k9b5R3Y1Vqtti1DRE,Yoan Vernet,Uncommon,Frog Boy,1,3,2,3,None,Normal,11,None
5231,0.75,4473,75.36,https://magiceden.io/item-details/DVtorPkkrTdT1EfKBjwDNov4F4W1kwbw2h5n2iWMC3Ky,Sam Rowan,Uncommon,Chinsnout Cordylyn,3,5,1,4,None,Normal,15,None
5268,2,1295,75.58,https://magiceden.io/item-details/6YCamb4KzsEjk5SKSr6RWCgGe58XSB93RvkYLEeVuQqw,Adam Baines,Common,Lophii And Garman,1,1,2,1,None,Normal,6,None
5278,0.45,3238,83.31,https://magiceden.io/item-details/Hv2S5N1GQADtdR44DHQTMA3VGkWvZmwDbd8WKdY6ZANT,Sam Rowan,Uncommon,Tanks And LEOD,3,1,2,2,Bell,Normal,11,None
5290,0.12,9412,61.88,https://magiceden.io/item-details/GzYHMSYQVdJbMBBqsqzLfzmQvWZvUAW3rrjUfNgnDcYd,Sam Rowan,Common,Iye And Spye,1,3,2,3,None,Normal,10,None
5360,0.9,4374,74.26,https://magiceden.io/item-details/H8LHXgU6ofaK81yy15E2ZqHqo7GSsiGpMcW4iV9qVbiS,Sam Rowan,Uncommon,Kuishinbo,1,5,3,4,None,Normal,15,None
5378,1.3,2872,76.27,https://magiceden.io/item-details/FJWhrXdtUtBxgvQSuQ3dy2G6FNAFg7Y3DEeoBCiKQMaH,Sam Rowan,Uncommon,Psyreenie Persitan,2,3,1,1,Food,Normal,10,None
5381,0.1,9841,60.37,https://magiceden.io/item-details/FNTQKN4Pur7jXcmxdZ4KAxvquUBZAEKtJojnKDvHTjgL,Sam Rowan,Common,Jeff Squeeler,4,2,2,2,None,Normal,11,None
5433,0.1,2141,91.2,https://magiceden.io/item-details/FedVLJLu9DBaZshZwpgLLc5gS1e3QJn3hiTqbwKNQE28,Adam Baines,Common,Lophii And Garman,2,4,2,5,None,Normal,14,None
5434,0.6,3336,81.41,https://magiceden.io/item-details/6ihPkfEWHekYjRVwNF6i9MNj8eF8ja3TXHfPbRQQkGhF,Sam Rowan,Common,Kysseme XO,1,2,3,4,Bell,Normal,12,None
5457,3.3,1141,63.2,https://magiceden.io/item-details/ECT6PP6mSybqDS3Q4oKF6WogH6pJwKaPaQXjywuM5kQL,Sam Rowan,Legendary,Jeff Squeeler,5,2,5,3,None,Normal,19,None
5497,0.5,8647,61.15,https://magiceden.io/item-details/CuQXBWoawbDRjRifF5L2vzgJxraEPLK4k3LnU4bYBpXV,Sam Rowan,Common,Psyreenie Persitan,1,3,4,2,None,Normal,11,None
5552,0.5,7175,67.04,https://magiceden.io/item-details/C55hnTYs88EBytKxesPrzXHEuKxcymrs2Q2mBon8Z7jB,Sam Rowan,Uncommon,Iye And Spye,3,3,1,3,None,Normal,12,None
5556,0.26,8994,62.16,https://magiceden.io/item-details/C5SJLMeXWXnqfmuP7jMwunVi1rd1A67cDH1QgHiHi8zx,Sam Rowan,Common,Zendon Zezz,2,2,1,3,None,Normal,9,None
5575,1.4,1311,81.52,https://magiceden.io/item-details/HXouNQkVX9Vz5BGkLN5xkcSdDPn6RhG9Hc8cAS56iZHX,Sam Rowan,Rare,Chinsnout Cordylyn,3,5,4,5,None,Normal,20,None
5615,0.4,6701,69.94,https://magiceden.io/item-details/EFzPasARXQtL8H2SvZSyz9ygFEkDn5o9FubVcwTHog5i,Sam Rowan,Common,Tanks And LEOD,1,3,5,2,None,Normal,12,None
5657,1,1732,83.84,https://magiceden.io/item-details/hbZbGXXqCL9Rpas9pgDNFhGDLLMFzzAeyCFQycpJGEu,Ben Kovar,Rare,Exomundi,3,2,1,4,None,Normal,13,None
5658,0.4,9793,57.56,https://magiceden.io/item-details/8qkNDw37X2s9VUCkHiEuwDikz3xJZhaqb775Urs9DaoY,Sam Rowan,Common,Urbert Plove,2,4,2,2,None,Normal,11,None
5661,25,2,0,https://magiceden.io/item-details/EQsvamHK7ieVMCzD5XFUkdH8JkXaBDd6aU4to7exGtrD,Yoan Vernet,Legendary,Frog Boy,4,5,5,5,Heart,Normal,24,Signed
5678,10,161,0.13,https://magiceden.io/item-details/DhVNa6kUVgWb4z7iH5yPjiwQH7ddcEGcXxP8jBpPKSMB,Thomas Du Crest,Rare,Veduur Draestu,2,3,4,5,Grub,Normal,18,None
5705,0.4,8342,63.37,https://magiceden.io/item-details/DBnMQX8emrxG1mVPf7D4DEycbuzfCSgXcVcqdyDGj8Vi,Sam Rowan,Uncommon,Tanks And LEOD,2,3,2,3,None,Normal,12,None
5724,0.5,2285,86.62,https://magiceden.io/item-details/9nUtxYoFR1kXyitd9xyagmKX2FXdqnfXwRJREnfupNi5,Sam Rowan,Uncommon,Credibo And Gorgeon,1,4,1,3,Heart,Normal,12,None
5726,0.4,8121,64.25,https://magiceden.io/item-details/8Qcw6zRo36BnYKnhDFt324g1XfCwWeRmFYqd7JEX9J88,Sam Rowan,Common,Rex Star Steveson,2,1,2,2,None,Normal,8,None
5779,0.36,5121,76.67,https://magiceden.io/item-details/CLcRVUFiyqt2aLEF3ibNTmWyhCcezercnU3VwWCmhDQS,Sam Rowan,Common,Kuishinbo,2,1,2,1,None,Normal,7,None
5797,0.1,9015,63.67,https://magiceden.io/item-details/HKp3Qzj8ZFuxm6UZJ6nLeQSbRSSj1n6WDkN5KdLjTPRK,Sam Rowan,Common,Roador Synnix Blu,3,2,1,2,None,Normal,9,None
5826,0.1,6750,72.74,https://magiceden.io/item-details/9YB3zPzJJWHELWVC6Qtg9JmQkUfBVfD3PkyG9LyYGePD,Sam Rowan,Uncommon,Jeff Squeeler,3,2,4,2,None,Normal,13,None
5831,0.2,7530,68.62,https://magiceden.io/item-details/H9kykhtrXNpQMPJzgZkERCoHwbFvYQTx6M9etwCw466c,Sam Rowan,Common,Melayny Cholya,1,2,4,1,None,Normal,9,None
5866,5.6,430,43.05,https://magiceden.io/item-details/CLeYCAoATCj1r7DnQj5avM425EWDxvzcsUgAS2HuzBr9,Sam Rowan,Legendary,Jeff Squeeler,5,5,3,5,None,Normal,22,None
5894,0.7,8025,61.64,https://magiceden.io/item-details/28j4RYpzLHpBwsLZ8ZCLNQWgB32whwmTYqGtJmBSQfXp,Sam Rowan,Uncommon,Jeff Squeeler,1,2,3,3,None,Normal,11,None
5912,0.5,1461,89.92,https://magiceden.io/item-details/ayGtRvA2tREUgdUmYpkSYRwyHaZvBGdbCs5AavRVWjQ,Ben Kovar,Rare,Exomundi,2,3,4,3,None,Normal,15,None
5929,0.22,4350,81.15,https://magiceden.io/item-details/gNKPpXDSDk5rewRT6UzbjAnNu5rSoovhnWynwuoMecy,Sam Rowan,Common,Melayny Cholya,1,2,1,1,None,Normal,6,None
5930,0.7,3818,78.48,https://magiceden.io/item-details/A6SzCL4JQP8hE1S2B97xbKy3JmEDT65AYcjDpcAcxfeS,Sam Rowan,Common,Tanks And LEOD,2,1,3,2,Heart,Normal,10,None
5938,0.8,3029,80.64,https://magiceden.io/item-details/2guogbMPrrCsXDDuciVfsW228t7iyXSHBp5ndPvph59N,Sam Rowan,Uncommon,Cougana The Widow,2,3,3,1,Drink,Normal,12,None
5972,0.9,1919,84.09,https://magiceden.io/item-details/x2mAko6b1mbpGagnKSqK2RNpZPm8DykQSjuQ11RY1KM,Sam Rowan,Rare,Hermin The Creep,4,5,5,1,None,Normal,18,None
5999,0.11,6438,73.89,https://magiceden.io/item-details/FdbixPv9jLRbQAYvc4Yt9MkFUnnv6T1JTC9JKp5mDTdL,Sam Rowan,Common,Iye And Spye,1,1,3,2,None,Normal,8,None
6001,2,7605,50.32,https://magiceden.io/item-details/7cxhsJJEQ8UvPoqUqw6zVRjbyxdXiZrh36ERTDnGTRru,Sam Rowan,Common,Jeff Squeeler,2,1,1,4,None,Normal,9,None
6021,0.33,4681,78.73,https://magiceden.io/item-details/66bP4uZEwX1R3tYXwCiRkgQzfMvLABmCFCtvbxhEp6hi,Sam Rowan,Rare,Zendon Zezz,3,4,3,2,None,Normal,15,None
6046,0.6,9611,56.29,https://magiceden.io/item-details/G2ZstV4upuG57K663jvHsvTMGyFBqS7583Pgv7W9Pkum,Sam Rowan,Common,Roador Synnix Blu,2,2,4,3,None,Normal,12,None
6048,0.22,5479,76.63,https://magiceden.io/item-details/DXqact1fQdUxuHLS5vPk5mnEUje8bxVpnA5B94B6fziB,Sam Rowan,Uncommon,Hermin The Creep,2,3,2,5,None,Normal,14,None
6051,0.2,8767,63.67,https://magiceden.io/item-details/BLBCseP2BjMf4ekqYNULzU9GFYRXueYWQtKN2ExMeU6m,Sam Rowan,Common,Hermin The Creep,1,2,4,3,None,Normal,11,None
6060,0.5,5115,75.29,https://magiceden.io/item-details/BzhBeDp3kWRuvSN8RivqHVzHUADzix3BXVeZdqCp1Ho9,Sam Rowan,Rare,Psyreenie Persitan,1,1,3,4,None,Normal,12,None
6156,0.65,9990,54.27,https://magiceden.io/item-details/G7RwHVYJ5FekuBPFGyYc6vAaumkf9r8GKyRogwDmcnce,Sam Rowan,Common,Kodjuob,2,2,3,2,None,Normal,10,None
6160,0.888,4915,72.21,https://magiceden.io/item-details/7LtYsczPwvcYVJN6JkHpbuCjFTw353rUb6wCGzCptWRi,Sam Rowan,Uncommon,Kodjuob,3,5,3,1,None,Normal,14,None
6166,1,1491,84.8,https://magiceden.io/item-details/8PQ81BgWHLt1VrrSK3wxhDgWoZVabBFFZosMjFySvYUd,Sam Rowan,Rare,Urbert Plove,1,3,2,4,Bell,Normal,14,None
6168,0.799,3511,78.72,https://magiceden.io/item-details/DhZNrffGaFK7wXtnwBDFeJGTNFYrXhA7aPGXJ9JkjVeo,Yoan Vernet,Common,Frog Boy,2,1,2,3,None,Normal,9,None
6174,0.3,6641,71.18,https://magiceden.io/item-details/J8V8hRBJpyfZw2HCGsNft8piMKQnRcAmngGzNAmuL4m,Sam Rowan,Uncommon,Cougana The Widow,4,3,1,1,None,Normal,11,None
6175,0.7,2048,85.57,https://magiceden.io/item-details/9dT6VoyFxDSuVebPBBt8JZgTHRik4Ye7HuCvySv4GY1f,Sam Rowan,Common,Iye And Spye,2,3,4,4,Grub,Normal,15,None
6219,0.5,7627,65.23,https://magiceden.io/item-details/DjYuks9QJsiGLsMFoeK9WZAKob5d4GncELDdyNTmv3Wc,Sam Rowan,Common,Urbert Plove,2,4,2,4,None,Normal,13,None
6249,0.49,1765,88.8,https://magiceden.io/item-details/HiEtVWACHDU9mivuHZbasWuyCcuWf1LRpr72km4oPiEK,Sam Rowan,Uncommon,Rex Star Steveson,2,3,3,4,Drink,Normal,15,None
6270,0.1,7006,71.72,https://magiceden.io/item-details/H4eRCa6Xa9LgGGrXDFDur6qx1EJ8YfHyEb2osvGdmbPR,Sam Rowan,Common,Doscilla And Dorvaria,2,3,5,2,None,Normal,13,None
6278,0.8,5813,69.49,https://magiceden.io/item-details/2hUJPQo1qdzmxXR93kv48zPa1G5yqtrh2jGZFq3SYetd,Sam Rowan,Uncommon,Gribbles,2,4,3,3,None,Normal,14,None
6279,0.87,4541,73.89,https://magiceden.io/item-details/9vmjJXCHktCmKLFnZYgGUHtRdMC5YArP4tA6AzmXpsgh,Sam Rowan,Uncommon,Jeff Squeeler,3,4,1,5,None,Normal,15,None
6285,2,4291,63.59,https://magiceden.io/item-details/ANXaRaMPpDr1wcc7VNbN5VJyRP9Pqb3YtcCKfprLNnEY,Sam Rowan,Common,Tanks And LEOD,1,2,1,1,None,Normal,6,None
6291,0.09,6510,73.8,https://magiceden.io/item-details/DdH859JXzXXPNgJMb4LBNRcrgrhWggesfMHRnzdgwHWx,Sam Rowan,Common,Urbert Plove,2,3,1,1,None,Normal,8,None
6292,0.15,7450,69.44,https://magiceden.io/item-details/GzuCRJbQmXgJN9DUHXdxKkhWk5gpDNjuzwMnjTfjyCgY,Sam Rowan,Common,Iye And Spye,2,1,3,5,None,Normal,12,None
6325,0.75,1472,87.38,https://magiceden.io/item-details/7jVXpRU3dhhBDXZXABA8FHo8zc3v7FbUpL9yagbtD9Cy,Adam Baines,Common,Lophii And Garman,2,5,4,4,None,Normal,16,None
6351,0.65,5275,73.15,https://magiceden.io/item-details/D8nyKKED53Uu1rAPH64DhM9avvQVEJS3yoK7rb3XSjZr,Sam Rowan,Common,Chinsnout Cordylyn,2,2,1,1,None,Normal,7,None
6360,1.37,870,83.59,https://magiceden.io/item-details/Qqwt23Ffbi4hYrtEkMbEJA8R3HZaQPvcoTwtS5sxL5t,Yoan Vernet,Rare,Frog Boy,4,2,4,4,None,Normal,17,None
6362,0.079,6514,73.9,https://magiceden.io/item-details/132LEpqHZ7YC55ZkwfTXG67VSx6cKDAq9VFmadGoraGA,Sam Rowan,Common,Urbert Plove,2,1,3,1,None,Normal,8,None
6392,0.08,3059,87.72,https://magiceden.io/item-details/V2W3REe6GFByU9NfpuqD3mqeYAjoaaNKDifMvUe8DfF,Thomas Du Crest,Common,Veduur Draestu,5,2,2,1,None,Normal,11,None
6419,0.35,2905,85.64,https://magiceden.io/item-details/BaQg8pNWYsqFP9ZtRhf1uLp7nhnbGtcFTX3bTVvoP9He,Sam Rowan,Uncommon,Tanks And LEOD,2,3,3,1,Bell,Normal,12,None
6460,0.9,1465,85.9,https://magiceden.io/item-details/AuPpP4ADRb12xvm4uzCZawKiY81eVmbSoeVPwLMtWZzF,Thomas Du Crest,Rare,Veduur Draestu,4,3,1,3,None,Normal,14,None
6464,4,5151,40.15,https://magiceden.io/item-details/GzPLL3ihsAxacA1oMN4Hu168twhre9sBSmodBTXJrFJd,Sam Rowan,Uncommon,Roador Synnix Blu,4,3,4,1,None,Normal,14,None
6483,0.4,4147,80.17,https://magiceden.io/item-details/8PWPF8SqhLDMTpHriWgcnz81tfrmL6kc4EpvzUTSd511,Sam Rowan,Common,Kysseme XO,2,2,2,3,Drink,Normal,11,None
6504,5,798,47.57,https://magiceden.io/item-details/9jubno9znkXqPo4q6K3p38FzKewLYfoXiC687VUkzKeA,Marby Kwong,Rare,Nyandayo Nyan Nyanko,4,4,4,3,None,Normal,18,None
6535,2.7,2019,65.69,https://magiceden.io/item-details/2wcYez8AvQEQn8CrGUuKv8w1KW7UhGuXop8YvS4WSsWF,Sam Rowan,Legendary,Calphra Torent,5,3,2,3,None,Normal,17,None
6543,0.48,7926,64.23,https://magiceden.io/item-details/7fbnm4BxL2GjgCqQHtMtrDJsqceY6LuinnkqitGiCiKa,Sam Rowan,Uncommon,Psyreenie Persitan,3,3,2,1,None,Normal,11,None
6593,0.35,5920,73.57,https://magiceden.io/item-details/DQrG323aP2huVdTw6Bg5P83JU7ZS2WV1jeYutFEoiAh3,Sam Rowan,Common,Gribbles,5,2,4,1,None,Normal,13,None
6610,0.1,7138,71.19,https://magiceden.io/item-details/PD5g8V2Ni8UqJ1gpBTH1RvNZhC52QZr22RGgQU68cWw,Sam Rowan,Common,Iye And Spye,1,1,2,5,None,Normal,10,None
6649,2.2,1938,71.01,https://magiceden.io/item-details/9ya84AHSyDwFJksMhsy7VmGjuXaHxaGZt5hmzR6TiB46,Sam Rowan,Common,Melayny Cholya,2,3,3,5,Heart,Normal,15,None
6672,1.95,5628,58.74,https://magiceden.io/item-details/2baRkFm5SkAbu4dSuTQM92xdsJL3pSYwLGS8LetjV5iH,Sam Rowan,Rare,Gribbles,4,2,1,1,None,Normal,11,None
6673,0.1,9092,63.37,https://magiceden.io/item-details/8QzJyfxjSnSsos18KS7d7pf5L2y1VZxAsrgQsfoCS9Sx,Sam Rowan,Common,Zendon Zezz,2,3,2,1,None,Normal,9,None
6684,0.089,6492,73.89,https://magiceden.io/item-details/CDDTAkdGb7jMsLD5xo8GMhpho5YVZtXNftEsUK53vWBr,Sam Rowan,Common,Psyreenie Persitan,2,3,1,1,None,Normal,8,None
6729,0.4,9423,59.04,https://magiceden.io/item-details/8RS4uWL1hXcPvd15U3XHZs9fcxxiUKG1HypLxkmaufhA,Sam Rowan,Common,Gribbles,1,2,3,3,None,Normal,10,None
6811,0.38,6232,72.02,https://magiceden.io/item-details/GjAZ6XTexDFY916v3GVpyaeoiVfyerDEfYS5DLfQm8jC,Sam Rowan,Common,Calphra Torent,3,1,1,2,None,Normal,8,None
6830,0.8,9104,56.32,https://magiceden.io/item-details/535ut1qVm3qwZyeQbef3rVDiQr4xjrkBNg5X6AXGHDXt,Sam Rowan,Common,Calphra Torent,1,3,2,3,None,Normal,10,None
6919,0.7,1861,86.32,https://magiceden.io/item-details/ok7KwBiLXebDwxgHj7J4apxdY6wUheWTQwdmtuMdPx1,Sam Rowan,Common,Tanks And LEOD,3,3,5,2,Bell,Normal,15,None
6951,2.1,1227,74.86,https://magiceden.io/item-details/DjPQoNhF7AV1Rcm69TcfBu5Af89sGofa2nSUEUiZ4LQs,Sam Rowan,Rare,Hermin The Creep,5,3,5,4,None,Normal,20,None
6991,4,911,57.12,https://magiceden.io/item-details/6zK5LwVgQpzyBuXdUMoKNEUoXQXo5MsM4e5nZXiVyEwi,Sam Rowan,Rare,Rex Star Steveson,1,2,4,5,Food,Normal,16,None
7030,0.4,8575,62.44,https://magiceden.io/item-details/7fz5UznSFJgAWJaBzNDoDiLNnCm25gXLxNqwfpY985Uc,Sam Rowan,Common,Melayny Cholya,3,1,2,4,None,Normal,11,None
7033,0.39,1393,91.29,https://magiceden.io/item-details/CUqm3tEKoJF8TL2DjJhjHwD2vD3TMvD5wAxie9fjHW1f,Yoan Vernet,Rare,Frog Boy,4,1,2,4,None,Normal,14,None
7034,1.5,4271,68.67,https://magiceden.io/item-details/4qvm1EKVFvabiq8Ugkemh8U3b9ZvmyNVAggxfoXpSLX1,Sam Rowan,Rare,Doscilla And Dorvaria,3,4,4,1,None,Normal,15,None
7036,0.56,3517,81.09,https://magiceden.io/item-details/G3QJna3Kggj5VQTrrQduNrLM7U1Ys8WQA2NLJdePBN58,Sam Rowan,Common,Calphra Torent,4,1,2,2,Heart,Normal,11,None
7053,0.5,3149,83.16,https://magiceden.io/item-details/Hcx1Wuf819uapnudnUTxJVjL9SzWyErvima8F5CVgL92,Adam Baines,Common,Lophii And Garman,5,2,2,1,None,Normal,11,None
7060,0.99,3765,75.79,https://magiceden.io/item-details/9cjVzt9uirxwfeCBof64wZZD4MNiPGL57hEA2B6zguec,Thomas Du Crest,Common,Veduur Draestu,3,3,1,2,None,Normal,10,None
7067,1.9,7889,50.18,https://magiceden.io/item-details/AvALtMDWw5QnTmudErMoeBnEcLXvbAbzcx68Uix9QzYY,Sam Rowan,Uncommon,Psyreenie Persitan,3,1,2,3,None,Normal,11,None
7101,0.25,6393,72.67,https://magiceden.io/item-details/C5M6REDegbrF6c2vcBAb1mWw62EyjvZpxeyb3JHU1ZFv,Sam Rowan,Common,Zendon Zezz,1,1,2,3,None,Normal,8,None
7109,1.1,5467,67.88,https://magiceden.io/item-details/CfLbZYQ9QT85ttah4RHH2XK7XTi5TTWEsnwA2cKMzJYq,Sam Rowan,Common,Kodjuob,2,4,4,4,None,Normal,15,None
7114,0.3,6542,71.58,https://magiceden.io/item-details/F9pdU6FSxV7o12cJrE4uAcfzZymyxqncGF3fB3odKKeL,Sam Rowan,Common,Calphra Torent,5,1,1,2,None,Normal,10,None
7124,0.5,4922,76.06,https://magiceden.io/item-details/CfJMQEuYGAzj6edJ55H392dnMmRjVoppYGvz5AVLfHKP,Sam Rowan,Common,Cougana The Widow,5,5,1,2,None,Normal,14,None
7151,0.6,6012,70.7,https://magiceden.io/item-details/8XdPbYRj37NUEJLMAG2RDUahdYYKipJ1XBrmd35x57Rv,Sam Rowan,Uncommon,Gribbles,3,4,3,1,None,Normal,13,None
7217,0.25,1698,91.47,https://magiceden.io/item-details/BH1EWRMmxYPCdmJK6usVa51UjaUUAF5Rwde3Aui5xXgD,Sam Rowan,Uncommon,Kodjuob,2,3,5,2,Grub,Normal,15,None
7230,0.24,3879,82.84,https://magiceden.io/item-details/Hux58AsHE1QmrDrD2avMjBpBAEEG8uuC8xHZcwV67Vtm,Sam Rowan,Common,Doscilla And Dorvaria,1,3,2,2,Food,Normal,10,None
7237,0.48,4622,77.46,https://magiceden.io/item-details/CLJUds1EnKfyrXx5HBQczp9mGPgDvo9C2Dn5tuTqeiKU,Sam Rowan,Common,Roador Synnix Blu,5,4,2,4,None,Normal,16,None
7248,0.85,5645,69.67,https://magiceden.io/item-details/A6Y9SMVc49YCseJb727h5VA3R7xuSzsumFbX8UA5aSmM,Sam Rowan,Uncommon,Kuishinbo,4,3,2,3,None,Normal,14,None
7251,28,29,0,https://magiceden.io/item-details/4p3yQZ64GZhFS2EMBqKRReyezpZ8LKzj9iDNKEHjAinU,Sam Rowan,Rare,Credibo And Gorgeon,4,2,3,4,Grub,Painting,17,None
7266,4,4219,43.88,https://magiceden.io/item-details/E9tr3LvV1rJ7E5QhXrynB4a5ahnXCRQnYVyJUwwzr45n,Sam Rowan,Rare,Melayny Cholya,4,3,2,4,None,Normal,16,None
7284,5,194,49.99,https://magiceden.io/item-details/7VbSRC9qUxPJEH3EpHEDAxbAsqANUZbmco6fQdWvuy6J,Sam Rowan,Legendary,Urbert Plove,4,1,5,5,Heart,Normal,20,None
7299,9,712,7.92,https://magiceden.io/item-details/HzXuKH9vUz3U5xVsrXnPhftBZ3cvE5bMdcnDm1m9obuL,Yoan Vernet,Common,Frog Boy,5,1,2,2,Drink,Normal,12,None
7309,0.6,4299,77.56,https://magiceden.io/item-details/QyTfi5nj21pb8RpFczgGmkFAG8JNg7ZDiyMzMK2jKNe,Sam Rowan,Rare,Hermin The Creep,1,4,4,3,None,Normal,15,None
7342,0.6,551,92.56,https://magiceden.io/item-details/hGXzDqBb2vmXFpdRwj3hHFkRvC2PfgV82Ddi5UzgcTv,Sam Rowan,Uncommon,Jeff Squeeler,5,5,3,3,Food,Normal,19,None
7352,0.89,3860,76.41,https://magiceden.io/item-details/GLF2LocbWszsk2hrAnbcihCw7CViheCESsixksn8jtUo,Sam Rowan,Common,Kodjuob,2,2,1,2,Grub,Normal,9,None
7377,1,5168,70.08,https://magiceden.io/item-details/Gu2T1k9rWjs7kmqm7NkEaV3NwmrmUfHxrv8b9cC93NzC,Sam Rowan,Rare,Melayny Cholya,2,1,4,3,None,Normal,13,None
7399,0.55,7927,63.53,https://magiceden.io/item-details/HmDfHadEF8dAHA8epfa8cNoJUa2uDxWa38Rj6swNHFgo,Sam Rowan,Common,Roador Synnix Blu,4,2,4,2,None,Normal,13,None
7453,0.6,4284,77.62,https://magiceden.io/item-details/GAoX4yB3sTnbJR8bJ7kv9SiWEBV7TsdrEcT35VhBpSJ9,Sam Rowan,Rare,Roador Synnix Blu,3,4,3,3,None,Normal,16,None
7475,0.44,7589,65.98,https://magiceden.io/item-details/A2L3WCuSMsJLvQdC8SudHbgaPgawxb3PdDbF58PN1wPx,Sam Rowan,Common,Tanks And LEOD,4,1,2,4,None,Normal,12,None
7509,0.6,9348,57.34,https://magiceden.io/item-details/D1bmRYXtLzm9FH1qGEPnpNzgmaqHnPCww8cwpne9L9hn,Sam Rowan,Common,Doscilla And Dorvaria,4,2,1,2,None,Normal,10,None
7520,0.48,2134,87.43,https://magiceden.io/item-details/DswNnB4PYpUo7G1B5zFxU7Xz83m39YB4mF4zyUmcekUt,Yoan Vernet,Uncommon,Frog Boy,4,3,3,1,None,Normal,13,None
7586,10,323,0,https://magiceden.io/item-details/ANGeRTr9NHuKkvEheutqXJYPKtUoATabqTpyF6QdNHhL,Sam Rowan,Rare,Credibo And Gorgeon,4,2,5,5,Drink,Normal,20,None
7606,1.15,1138,84.71,https://magiceden.io/item-details/96yLW6iBeBMaSD5fFfYCdj3SU2w6MU5AeYSGFESSRqR8,Sam Rowan,Legendary,Credibo And Gorgeon,5,2,3,5,None,Normal,19,None
7626,0.38,6298,71.75,https://magiceden.io/item-details/A3yrvS8VtACKZMzKsKPP4CaMKsEhVEhEHdA3Avkv177T,Sam Rowan,Uncommon,Cougana The Widow,3,1,1,4,None,Normal,11,None
7645,0.75,3191,80.49,https://magiceden.io/item-details/DxCeBpkr6UNkCYRbpBRTnQAcRXudhVoc7XKZYmUiBziC,Adam Baines,Common,Lophii And Garman,1,2,5,2,None,Normal,11,None
7669,6.9,1279,26.65,https://magiceden.io/item-details/ALUJ3qvaHFkntBw8LzTdUkDASUtHEgUiuhqiAtbphHqf,Sam Rowan,Legendary,Psyreenie Persitan,3,5,1,5,None,Normal,18,None
7682,4,43,60.6,https://magiceden.io/item-details/7QHVPvSdC2D8eAqv9PBJRMbqK9q9xURnuw7G7Pp939wN,Ben Kovar,Legendary,Exomundi,5,5,4,2,Food,Normal,21,None
7693,0.25,2324,88.96,https://magiceden.io/item-details/7dqVa8i9wDhQvZY3VQzi9MyYaTQvnYvaic7hTAwV5XqM,Sam Rowan,Uncommon,Hermin The Creep,1,4,3,1,Food,Normal,12,None
7714,0.35,2319,87.98,https://magiceden.io/item-details/FYrYBgxu6FJWnHCnuvvMvzaXfvnbCJUYtGjg1vcWkzXN,Sam Rowan,Uncommon,Cougana The Widow,3,3,3,1,Drink,Normal,13,None
7720,0.65,8461,60.39,https://magiceden.io/item-details/5B3VSTZMUnVcgEv1M2Z11MybX5U98eAy7A6p9NFSQw89,Sam Rowan,Uncommon,Doscilla And Dorvaria,2,3,1,2,None,Normal,10,None
7721,5,84,50.43,https://magiceden.io/item-details/2Rw2GeeAkCpaFAVyykmJEroh9SEiDAi4ySzFL5VM1fbz,Adam Baines,Legendary,Lophii And Garman,5,3,5,5,None,Normal,22,None
7737,2.5,3418,62.08,https://magiceden.io/item-details/DyCmGLBJGDAbnokfYHNrZ8Q1YejHgyNMDs9HkoEfTDw4,Sam Rowan,Rare,Tanks And LEOD,4,4,4,2,None,Normal,17,None
7760,5,589,48.41,https://magiceden.io/item-details/AHWRHtybLckeP6VqKd6ZdfVBgSwcnvbKVWEQhBxaCdTp,Sam Rowan,Legendary,Kuishinbo,5,3,5,4,None,Normal,21,None
7765,0.8,4445,74.97,https://magiceden.io/item-details/6zaDqfuiDsNxPy99eDmo8yF3xFKMvW6x5WY37RoXMFMy,Sam Rowan,Uncommon,Psyreenie Persitan,1,5,3,4,None,Normal,15,None
7766,0.5,6079,71.43,https://magiceden.io/item-details/HYvp6cS7QyYqjuYnh293CpqZBtTS6Zw4FwvUjXyTbjSG,Sam Rowan,Uncommon,Jeff Squeeler,4,3,3,1,None,Normal,13,None
7782,2,1218,75.89,https://magiceden.io/item-details/AQUyujRphxV2BoYdyDFYsC8hE1rJsiTxAYvLatsHkiMo,Sam Rowan,Rare,Roador Synnix Blu,1,3,3,4,Food,Normal,15,None
7790,1.7,4716,64.89,https://magiceden.io/item-details/DhPrafMkStnsq3YV2bd5FjASNpE58bYaE63REsXuuX6s,Sam Rowan,Rare,Roador Synnix Blu,2,4,4,1,None,Normal,14,None
7794,2,4989,60.79,https://magiceden.io/item-details/E8BFpHeRsyUP8Pqwv3V4LUZBPN3VcF3t1kHhaZ9dftck,Sam Rowan,Common,Tanks And LEOD,4,2,3,5,None,Normal,15,None
7826,0.75,3929,77.54,https://magiceden.io/item-details/JBbYi4tZxVzR7XAoT2bDt9nQvLen7GodU4ggMWUd2kUq,Sam Rowan,Rare,Kuishinbo,5,4,2,2,None,Normal,16,None
7876,1,7356,61.32,https://magiceden.io/item-details/522GmJrbw6pNvk8S8JgFXSoSYYEdKHspHUUtjNzB18aE,Sam Rowan,Uncommon,Hermin The Creep,4,3,1,2,None,Normal,12,None
7878,0.6,401,93.16,https://magiceden.io/item-details/F8eu6EUkVjr4nW9BLtu75R3ZL9eXV9Uj8zTyAmD2jQi4,Ben Kovar,Uncommon,Exomundi,2,2,5,3,Bell,Normal,15,None
7887,5,3599,36.36,https://magiceden.io/item-details/6h3C6hqCcgvWaFNf5snuLvbKudyeDqJTPZLrfaE9JAPU,Marby Kwong,Uncommon,Nyandayo Nyan Nyanko,2,3,2,1,None,Normal,10,None
7903,6,7129,12.23,https://magiceden.io/item-details/GznYMLwv4U3zLm9NUZKRSsdnwfkg3LNtSY2pjyjAfUcZ,Sam Rowan,Uncommon,Kysseme XO,1,1,3,3,None,Normal,10,None
7908,0.16,7997,67.15,https://magiceden.io/item-details/DZDgWtw5Tu4zKexvvb26YUuK7cjG5zjUAPsc4m8oHLSk,Sam Rowan,Common,Hermin The Creep,3,2,4,3,None,Normal,13,None
7912,2,4917,61.08,https://magiceden.io/item-details/ANFiz7fdiitnMcdicjea4SiFiau3mEKeuSLraCVN9AMH,Sam Rowan,Common,Roador Synnix Blu,1,5,2,5,None,Normal,14,None
7926,0.385,8966,61.02,https://magiceden.io/item-details/5CBwwD1SAb44YmPR6exVJ1y5GaYiuqLZs1weSRgL8r6M,Sam Rowan,Common,Zendon Zezz,3,1,2,2,None,Normal,9,None
7969,0.75,3482,79.33,https://magiceden.io/item-details/HoBHoWdobpzqAcJ8FvuxszLKxiZn6wcBhrEcWhCGEzLk,Sam Rowan,Rare,Doscilla And Dorvaria,1,5,4,3,None,Normal,16,None
7971,0.1,9835,60.39,https://magiceden.io/item-details/7ddmxXLutE7b7wfpkyQeu9L7R4vaJsrYu2YQNwnZACpL,Sam Rowan,Common,Psyreenie Persitan,2,3,2,3,None,Normal,11,None
7977,0.6,4184,78.02,https://magiceden.io/item-details/9AqmHGWfmwCKAKE4k68WiqPW4w5GoB5LybENeEU3FTWW,Sam Rowan,Rare,Kuishinbo,2,4,4,3,None,Normal,16,None
8009,0.09,3250,86.86,https://magiceden.io/item-details/DcNSxZbnNR566TXqWNDi5FnczZsGdfuoepcgZWeCHo7F,Sam Rowan,Common,Gribbles,1,1,2,4,Heart,Normal,10,None
8028,3.69,505,61.85,https://magiceden.io/item-details/HMSGKi4wAz9zR3bgwaAt9ZLoV7jcx8pH4kaW7DFWKPRk,Sam Rowan,Legendary,Cougana The Widow,4,5,5,4,None,Normal,22,None
8083,0.5,5797,72.56,https://magiceden.io/item-details/BSWM43bFi68bDAHnFKJjChoqHec6CHzvWQyKnjihPerx,Sam Rowan,Uncommon,Roador Synnix Blu,3,3,4,2,None,Normal,14,None
8094,0.55,4180,78.53,https://magiceden.io/item-details/AsvgSfSPMkMc7XmxYRy7B5S3TSYwRnYnsfpwVqzx1ga7,Sam Rowan,Rare,Kuishinbo,4,2,4,3,None,Normal,16,None
8108,1,2442,80.99,https://magiceden.io/item-details/AnyuEjZxYMiNVewiMM1uiXgcAthnWhVGDABGTXKp7sAX,Sam Rowan,Rare,Tanks And LEOD,3,4,4,4,None,Normal,18,None
8114,0.4,8740,61.78,https://magiceden.io/item-details/8XeJhYE7jc8YsaUF8Eb94dxMUVVzn4Y3E1N7CGLF3nKH,Sam Rowan,Common,Kysseme XO,2,5,2,2,None,Normal,12,None
8171,0.22,2715,87.7,https://magiceden.io/item-details/DYa6kA3U4HgSd6626KW5ftC3LzB2895ouBswMvvYN77b,Ben Kovar,Uncommon,Exomundi,3,3,1,1,None,Normal,10,None
8178,0.15,5653,76.64,https://magiceden.io/item-details/HTtn55shQhFkqtSNryvrYK1DrXgEyXhVUSMBtLwc1H1q,Sam Rowan,Uncommon,Gribbles,3,5,1,1,None,Normal,12,None
8183,0.45,6531,70.12,https://magiceden.io/item-details/9m3D6HYrfMQX4wdx3CjaU7mmdBCvjGWFb6VWYDvJNU5p,Sam Rowan,Uncommon,Tanks And LEOD,2,3,3,3,None,Normal,13,None
8243,0.099,5821,76.47,https://magiceden.io/item-details/6835He2sQGRjcK1ZCFF5NoWEnWPEhnaqa2bZwvFnLRm7,Sam Rowan,Uncommon,Roador Synnix Blu,4,2,3,3,None,Normal,14,None
8273,0.089,9852,60.43,https://magiceden.io/item-details/68NijT2SAPak1uDxpgeqDoPXPULhQkcfpqjpCKFHXHtu,Sam Rowan,Common,Kysseme XO,3,2,2,3,None,Normal,11,None
8314,0.3,8931,62.01,https://magiceden.io/item-details/J3XsEeT8v3yu79Lq29w5A18NLDPkdWnJAyqBLpUNdAKb,Sam Rowan,Common,Kuishinbo,1,4,2,2,None,Normal,10,None
8364,1,2878,79.25,https://magiceden.io/item-details/GzeJTafZi3FFXqXEWVZf4W6bkk3PAFaceRJRE2eb2Qt7,Adam Baines,Common,Lophii And Garman,2,1,1,5,None,Normal,10,None
8366,2.5,348,74.38,https://magiceden.io/item-details/GPiHbLkry16r6J9KnggpvnXZ2qENJopf4xfxjo7CCeBS,Sam Rowan,Rare,Cougana The Widow,2,4,5,5,Bell,Normal,20,None
8372,0.39,6329,71.53,https://magiceden.io/item-details/7funi9aWRY5mmDBCxeM2QbZKLYMaZ2Kk3aZsFWcDNS4h,Sam Rowan,Uncommon,Gribbles,4,1,1,3,None,Normal,11,None
8382,0.37,8954,61.22,https://magiceden.io/item-details/GH2yPCdv2hbXa1cAsSkxdn4KNyMWZktdT5KeqK7utHfk,Sam Rowan,Common,Roador Synnix Blu,1,2,2,3,None,Normal,9,None
8416,0.5,4676,77.05,https://magiceden.io/item-details/GHHyYpoXtuamrM1JjF8NST9QYHwLbrzb335TZTsgnkt1,Sam Rowan,Rare,Iye And Spye,4,2,4,1,None,Normal,14,None
8421,0.5,5755,72.73,https://magiceden.io/item-details/J1MHLjC3CweV73TAmv9HviqMcrgRkwV7eP66ehriThA7,Sam Rowan,Uncommon,Credibo And Gorgeon,2,4,3,3,None,Normal,14,None
8477,2,2537,70.61,https://magiceden.io/item-details/7dPBo5sp4vpxmAEAPdrC4LQai1DyYWGVqYkCqkagHEgE,Adam Baines,Common,Lophii And Garman,1,1,3,2,None,Normal,8,None
8498,2,5330,59.43,https://magiceden.io/item-details/GqC3N5YZiAyGSx6ysZDnPeQXTNUgzpxTd2MUdQPXU7ym,Sam Rowan,Rare,Hermin The Creep,3,1,4,1,None,Normal,12,None
8503,1,4943,70.98,https://magiceden.io/item-details/ADkYJP1FcYaygFSMXqpSYjaLvk8YPQJpdozmAraKFbkP,Sam Rowan,Uncommon,Calphra Torent,2,4,4,3,None,Normal,15,None
8514,0.41,6138,72.09,https://magiceden.io/item-details/Ht5C5P9egeBDeagrwAXYywkUL3VNvodvSpRzojx8bNvz,Sam Rowan,Common,Jeff Squeeler,3,4,4,2,None,Normal,14,None
8543,2,2265,71.7,https://magiceden.io/item-details/C7anN4usBFGCDwtzVKMf5qKyJGTBTp9hQdbjTcPFdWSN,Sam Rowan,Uncommon,Doscilla And Dorvaria,1,4,3,1,Drink,Normal,12,None
8560,1.1,4378,72.24,https://magiceden.io/item-details/GjCkNQCBwyqFCNPZXVbGgCYbRrWNqSNfF3sS3V6PMjqW,Sam Rowan,Uncommon,Calphra Torent,1,5,3,4,None,Normal,15,None
8570,1.2,7149,60.15,https://magiceden.io/item-details/6dQJeAZnvtqmoFke83pszAyUMSAoWQDGwg2S38FnawuD,Sam Rowan,Uncommon,Roador Synnix Blu,3,1,1,3,None,Normal,10,None
8622,4,775,57.67,https://magiceden.io/item-details/EA52wmnxv5RJrebZ5svZCfDCMNjD257WUpXWxfhLjRX2,Yoan Vernet,Uncommon,Frog Boy,5,4,4,3,None,Normal,18,None
8638,4,1421,55.08,https://magiceden.io/item-details/8QHAGsxwRzCA39J8anMREjcoruN8mJHiDN8KyBJBdn88,Yoan Vernet,Rare,Frog Boy,3,4,3,2,None,Normal,15,None
8640,1,5162,70.1,https://magiceden.io/item-details/2fNLXRKuMmwDCPCu1PcbbMJXAXgFZRgcq3NpvM1H2SyR,Sam Rowan,Rare,Credibo And Gorgeon,1,1,4,1,None,Normal,10,None
8662,5,1499,44.77,https://magiceden.io/item-details/DYDPEdTji6v1QJp25ir7L91FMZztDJENqe64eL5RVuKS,Sam Rowan,Legendary,Tanks And LEOD,5,1,5,2,None,Normal,17,None
8671,0.38,9382,59.4,https://magiceden.io/item-details/UHnbsNnDR5k4hnWzWnrzUKqb8fkcFshmzBjBGPu2RVa,Sam Rowan,Common,Melayny Cholya,3,2,1,3,None,Normal,10,None
8678,5,8875,15.23,https://magiceden.io/item-details/GyxYZbZYsbzxPSz5ynEMuNS8h6qnvX2Lj6vscT2Et2QR,Sam Rowan,Common,Hephaesta Beaba,2,1,3,2,None,Normal,9,None
8684,10,6092,0,https://magiceden.io/item-details/GdQRmsCvyn4TEit1KbgzzrCVc87UfnUj8JBKcpVSojM4,Sam Rowan,Common,Roador Synnix Blu,2,4,1,5,None,Normal,13,None
8801,0.1,7411,70.1,https://magiceden.io/item-details/Q4LoV7HQUSHx5AJH6NUj8N8tjmniW7bnP35LGaMGP8i,Sam Rowan,Common,Credibo And Gorgeon,1,1,2,4,None,Normal,9,None
8809,0.14,7755,68.32,https://magiceden.io/item-details/heXMUMnqZAHky9VXZfoB3wJUi2fzjoX5VVPpFV6R8su,Sam Rowan,Common,Roador Synnix Blu,2,4,1,1,None,Normal,9,None
8811,3.6,1229,59.85,https://magiceden.io/item-details/CstSaqb753RUCJSqioENKdj94f29t9K7fCrk4KhWdcPx,Sam Rowan,Legendary,Credibo And Gorgeon,5,1,3,5,None,Normal,18,None
8822,0.5,6164,71.09,https://magiceden.io/item-details/7FeDsTKTKYpUGpMCoG474TF52fawFHrYn3KJfTrZgDby,Sam Rowan,Uncommon,Tanks And LEOD,1,2,3,1,None,Normal,9,None
8848,1,5699,67.95,https://magiceden.io/item-details/Eci4wagto9JZRXBu2tqUArU1GdpmQ7qZskTHg7ctVcTa,Sam Rowan,Uncommon,Credibo And Gorgeon,3,4,2,3,None,Normal,14,None
8851,0.4,5379,75.23,https://magiceden.io/item-details/8QXntCQMZQtags3LvX1sERGasbmzJQFANh9xQuqqGbeK,Sam Rowan,Uncommon,Gribbles,1,1,1,3,None,Normal,8,None
8852,0.6,4569,76.48,https://magiceden.io/item-details/CVKkFS2dp2916JE5oBdKKmxq3CQUmfPLAvacE1n6ugZD,Sam Rowan,Uncommon,Kysseme XO,4,3,1,5,None,Normal,15,None
8855,1.88,925,78.27,https://magiceden.io/item-details/DXqtwqctsM7fSMgQpmyuKeiWnQdcTq1m8y6duy2DoThS,Yoan Vernet,Uncommon,Frog Boy,2,5,3,5,None,Normal,17,None
8861,9.6,54,4.55,https://magiceden.io/item-details/HSVU9s96sSDT9hidWn42bUVguWdZacrqcxfr7QgEgZKP,Adam Baines,Legendary,Lophii And Garman,1,5,3,5,Grub,Normal,19,None
8871,1,3838,75.4,https://magiceden.io/item-details/Di23g6rTu7vsVaP5SVyAjN2YJgSJHS8D2epjNZ5g9c35,Sam Rowan,Common,Melayny Cholya,2,2,1,2,Bell,Normal,9,None
8875,0.55,1868,87.79,https://magiceden.io/item-details/GPvZbHJeWBvW5NimypN91TvH6ap6LVEFDeriL6eJ46Wh,Thomas Du Crest,Rare,Veduur Draestu,4,1,1,3,None,Normal,12,None
8920,0.65,3470,80.38,https://magiceden.io/item-details/rTLWfkjpXbKGxphetnCJJm4RWnAgwcekkdXs9DLuQH5,Yoan Vernet,Common,Frog Boy,1,3,2,2,None,Normal,9,None
8933,1.45,1399,80.67,https://magiceden.io/item-details/2HiBdybRVhMMLJzJiqAsSQGDjeHFfVmmyiqPzGcPJSjX,Sam Rowan,Rare,Jeff Squeeler,4,4,5,4,None,Normal,20,None
8939,1,6918,63.07,https://magiceden.io/item-details/6zRAVBBhb9oAfsJdYKmXrMuA8Ppq1ebdZx7JhfN52Tgc,Sam Rowan,Common,Urbert Plove,1,1,5,2,None,Normal,10,None
8953,0.56,9821,55.85,https://magiceden.io/item-details/ArTZoXHwguybNw57TSqZgfXFDwcc2knnpxZvG4GQpNvH,Sam Rowan,Common,Zendon Zezz,2,4,2,2,None,Normal,11,None
8958,0.079,9029,63.83,https://magiceden.io/item-details/GYyqFJ5KhViKd4EnCMEMZUpGq8sw497efhuvZUZA7PCb,Sam Rowan,Common,Kysseme XO,3,2,1,2,None,Normal,9,None
8971,0.5,5049,75.55,https://magiceden.io/item-details/H2dd8a4FXUEX8mi4L2qZTdrC6xRv9e4TZCEVEztCSfPj,Sam Rowan,Uncommon,Roador Synnix Blu,3,3,3,4,None,Normal,15,None
8998,0.099,7119,71.28,https://magiceden.io/item-details/66YoHBqcrL88oSfrt55fTVGpiLQ1MZX8S2Wz8Ju1TyZ,Sam Rowan,Uncommon,Jeff Squeeler,3,4,2,1,None,Normal,12,None
9016,0.5,4507,77.72,https://magiceden.io/item-details/FVwkMpVWG7RBbVKPeNcMvF3LBoPhSErCMFpDeZbLa1CP,Sam Rowan,Uncommon,Urbert Plove,3,4,1,5,None,Normal,15,None
9018,0.25,9499,60.24,https://magiceden.io/item-details/HRpUng7vdzW5sLa3AEfd7JBQBbCoBzDEUcktTcDRXbTe,Sam Rowan,Common,Iye And Spye,3,3,1,2,None,Normal,10,None
9022,0.4,8156,64.11,https://magiceden.io/item-details/ADR8pJ1CP7C7ZaKT3TxE3hA7Hciy7LcK97seCbQFyVhj,Sam Rowan,Common,Kodjuob,1,4,4,2,None,Normal,12,None
9034,0.5,5181,75.03,https://magiceden.io/item-details/F616CPkUNK3wdm7Jf9vyt16XbaNbHNXP8eRKhgYRdzWa,Sam Rowan,Common,Psyreenie Persitan,1,1,2,2,None,Normal,7,None
9038,0.2,7218,69.87,https://magiceden.io/item-details/9bU2XnucLc82BoTMt2Xbk8azC6BoTYYKeRpNwgs2P2Fd,Sam Rowan,Common,Hermin The Creep,5,2,3,1,None,Normal,12,None
9041,1,2754,79.74,https://magiceden.io/item-details/HcfWmZoGFNaY6sXXFB3TAniCu9WHh8j5XQAvfEfdwMCo,Sam Rowan,Rare,Gribbles,4,4,4,3,None,Normal,18,None
9055,2.5,2924,64.06,https://magiceden.io/item-details/CtjmKD8Bv6wKVcuRWAyMzLXUynT1ZU88emK6X2bqcFGM,Sam Rowan,Uncommon,Kuishinbo,4,3,5,4,None,Normal,18,None
9072,0.08,3831,84.63,https://magiceden.io/item-details/EBuAgTXb8UeTi9YVWDxY378StjNFm3bCeCbNizP9XVdB,Sam Rowan,Common,Doscilla And Dorvaria,2,2,2,1,Bell,Normal,9,None
9080,10,484,0,https://magiceden.io/item-details/6WKUuQzm9eQUydNkqQgvJCFcYGD4NTJjC6C2VLXnvKAt,Sam Rowan,Legendary,Hermin The Creep,5,5,4,4,None,Normal,22,None
9081,3,4199,53.96,https://magiceden.io/item-details/EooF3e95d1xUHMq7UuDNwRu1xJBQxSstdJ8tWtiM9vRJ,Sam Rowan,Rare,Calphra Torent,4,3,4,2,None,Normal,16,None
9118,1.25,1322,82.98,https://magiceden.io/item-details/Gu55JwyGxwqrygyHxBNnUL5M8aVPXAK3VukKu5Nm216Z,Sam Rowan,Legendary,Kysseme XO,4,5,4,2,None,Normal,19,None
9127,0.666,7721,63.2,https://magiceden.io/item-details/7HjFtXbnaVwogHYMZqp6oyRhNAkeuFJx5qoguQa1QTpV,Sam Rowan,Common,Urbert Plove,1,4,2,4,None,Normal,12,None
9132,0.13,2919,87.78,https://magiceden.io/item-details/HbAGcmQLk1XnqRgXNJ9pN4VMksmi4oAFAgYd8mbjhS3x,Thomas Du Crest,Common,Veduur Draestu,1,4,2,1,None,Normal,9,None
9139,1.2,3527,74.65,https://magiceden.io/item-details/HLhzk9vzW5Yco9w9UsamLBxVVsgv1YWusTCwkzdDE7VA,Sam Rowan,Rare,Psyreenie Persitan,3,4,4,3,None,Normal,17,None
9174,0.5,6906,68.12,https://magiceden.io/item-details/HMht5SeJ61t6C9DZtFHXXHqxfGi8bvTm5xQAQ8pQukeQ,Sam Rowan,Common,Chinsnout Cordylyn,3,2,2,5,None,Normal,13,None
9201,0.5,3499,81.76,https://magiceden.io/item-details/A6zvqeV7SA3kyRwPEwFgwc6rXx6zbJ9FhTZryxy9CREy,Sam Rowan,Rare,Credibo And Gorgeon,4,3,5,1,None,Normal,16,None
9202,0.25,8850,62.83,https://magiceden.io/item-details/2yrgytewcSwk8MdKiPxApQ26TLuayUNEQ7CudRh5VDVQ,Sam Rowan,Common,Hermin The Creep,1,4,3,2,None,Normal,11,None
9206,0.6,1001,90.76,https://magiceden.io/item-details/A58QKfu4MTWwvwgmCr1UTfwYhjGAtWdRkaivCF6gs9Ta,Ben Kovar,Uncommon,Exomundi,5,1,5,3,None,Normal,16,None
9229,0.15,2532,89.13,https://magiceden.io/item-details/HNNEoDyXKPMKVJQ39VkPkcLzFdqUCFjDZKQSTjCvXaGG,Adam Baines,Uncommon,Lophii And Garman,1,3,1,2,None,Normal,9,None
9258,0.39,4603,78.44,https://magiceden.io/item-details/BWi4VDHkzXn1qMmbsfzVcNu8HKr8c46PEgsBDua7QpLs,Sam Rowan,Rare,Rex Star Steveson,2,1,4,4,None,Normal,14,None
9261,0.18,7872,67.45,https://magiceden.io/item-details/D3Lqf7hW8xqF7bhEHofT5iApSY7kWzgaRVnGgUD1yJNU,Sam Rowan,Common,Zendon Zezz,2,4,4,2,None,Normal,13,None
9277,0.5,1936,88.02,https://magiceden.io/item-details/94N1LT6QXEa4YSxsBNrSfnoTiPUx6VZ2vzoE2k85MK5p,Sam Rowan,Rare,Urbert Plove,4,2,1,1,Heart,Normal,12,None
9300,0.777,7192,64.2,https://magiceden.io/item-details/EXshQH9tHCwcHEx9dnxbKL6nbtPq2wUwfEhV96gQ4VM3,Sam Rowan,Uncommon,Hermin The Creep,1,1,3,3,None,Normal,10,None
9353,5.55,898,41.67,https://magiceden.io/item-details/6bbKLQ5eeRQoswkh93ApMyQ1u4XH4LiAKEAa2WcmVuYG,Sam Rowan,Legendary,Kodjuob,4,2,5,5,None,Normal,20,None
9365,1,8094,58.36,https://magiceden.io/item-details/GCrnC4kGHMs2ABSHQAmWcfa7yu6gs1gEawpkUZmmir8f,Sam Rowan,Common,Credibo And Gorgeon,4,1,4,2,None,Normal,12,None
9380,0.8,2829,81.44,https://magiceden.io/item-details/FXhu9Gxx7Xe35cKkX39MM6CCTRE3gRWuFcmfk2c2f2fg,Sam Rowan,Uncommon,Urbert Plove,1,3,1,2,Food,Normal,10,None
9439,0.13,7732,68.51,https://magiceden.io/item-details/6nr6mKVU9fPdaeCQX4TFsTcw2QcX8RxUdvzGDQVTkZ1X,Sam Rowan,Uncommon,Hephaesta Beaba,1,3,2,3,None,Normal,11,None
9453,0.44,5358,74.92,https://magiceden.io/item-details/5ZbDCfb67utLX5KVSoU7uJeVMe34FuZxVSGUmXAtmgdK,Sam Rowan,Common,Hermin The Creep,2,1,1,2,None,Normal,7,None
9479,0.077,9426,62.26,https://magiceden.io/item-details/96wSqiVHbg3xqNjq74BwFBERwTZhw6quyPkypVbNvtkS,Sam Rowan,Common,Zendon Zezz,2,4,1,2,None,Normal,10,None
9514,0.09,7265,70.78,https://magiceden.io/item-details/6VEAKQuNpF4caAM6t4g6hzy9AAXA4GV8K6TimTMch48K,Sam Rowan,Common,Gribbles,1,5,1,2,None,Normal,10,None
9524,0.09,7801,68.63,https://magiceden.io/item-details/FfLHVBKMtqgsWBCadfqM664GR8Fg6741WwtEg6pS1ZZ7,Sam Rowan,Common,Calphra Torent,2,4,4,1,None,Normal,12,None
9558,0.09,7989,67.88,https://magiceden.io/item-details/EknZZ9o6Kq5i2r6eoTTEbABfzFBzpu3N2ZSzwMwSXWD3,Sam Rowan,Common,Credibo And Gorgeon,1,2,2,2,None,Normal,8,None
9575,1.3,1398,82.17,https://magiceden.io/item-details/58Xa5QJpFVeRg5jyjXz1f1uUJphJGvSvBRt5PXrnbgrd,Sam Rowan,Uncommon,Iye And Spye,3,3,5,1,Heart,Normal,15,None
9583,1.3,4357,70.32,https://magiceden.io/item-details/G5f5hewdZKpibvSgnzUi4dzr7oAdzkKp4412rhgDVNVs,Sam Rowan,Common,Zendon Zezz,1,2,1,1,None,Normal,6,None
9633,2.5,4262,58.7,https://magiceden.io/item-details/6nYkKRReS6RnV8VrQYvKsQZQJvFgQi1a13UsxUh43Kwz,Sam Rowan,Rare,Roador Synnix Blu,3,1,4,4,None,Normal,15,None
9634,2.5,916,72.1,https://magiceden.io/item-details/Cbuk42hmVKDBUbnCRkWnmosGPWVDjPj6o7rsUx3MVo1n,Sam Rowan,Rare,Melayny Cholya,5,4,2,1,Heart,Normal,16,None
9638,0.1,3486,85.81,https://magiceden.io/item-details/8wUXCqmKfMwfcgE5MVpd9jL85sbQKcuD73SqReXrBBKC,Thomas Du Crest,Common,Veduur Draestu,4,3,2,1,None,Normal,11,None
9640,0.96,1778,84.05,https://magiceden.io/item-details/DF1cWwYYuiErw49LU5gHaivRrQo32j1HMNkd4sWABkb6,Sam Rowan,Uncommon,Zendon Zezz,1,3,1,5,Bell,Normal,13,None
9661,0.6,8806,59.51,https://magiceden.io/item-details/2mWohSiNRbokiGi2dpHEmWjH6qX44yAMohHNVvWDF7Qd,Sam Rowan,Common,Tanks And LEOD,2,2,1,4,None,Normal,10,None
9680,1,7593,60.37,https://magiceden.io/item-details/Ecxe6EvKYgYUr4FWgcz5CbgSdtmF2VaNYJqpJsNd7KTC,Sam Rowan,Common,Calphra Torent,3,4,2,3,None,Normal,13,None
9742,0.5,4936,76.01,https://magiceden.io/item-details/DXrxedhcXqEZEiBHEqnPeZCd3QcZLZv2NgqByZwYiaKr,Sam Rowan,Uncommon,Psyreenie Persitan,3,2,4,4,None,Normal,15,None
9778,0.5,6717,68.88,https://magiceden.io/item-details/ArfSW5xqbHoQhww9U7zEaSPD6GqvoaocdGCjhWm6noBH,Sam Rowan,Common,Kysseme XO,2,3,1,1,None,Normal,8,None
9782,0.35,7226,68.34,https://magiceden.io/item-details/2NyPWnkzPeNRok3f1PZfSL9pChVDcnL81bn5xfymo5Fi,Sam Rowan,Uncommon,Gribbles,2,4,3,1,None,Normal,12,None
9829,1.2,3190,76,https://magiceden.io/item-details/Azfed7wJS1J7sBNQcwUCDZKgRRFZCXFWrq9R2FuMxhMd,Thomas Du Crest,Common,Veduur Draestu,2,1,5,2,None,Normal,11,None
9832,0.8,6494,66.77,https://magiceden.io/item-details/2Fy5UX8uVowW9e6TsC22oTBcp3w1P7vgb6FRrtSc7ZUN,Sam Rowan,Common,Roador Synnix Blu,1,2,3,1,None,Normal,8,None
9871,0.35,7374,67.74,https://magiceden.io/item-details/BByaGUxxk1LhxJKvPbh5L2pXAuE9P3pcsHQX9mx61Gxw,Sam Rowan,Common,Psyreenie Persitan,2,3,1,5,None,Normal,12,None
9911,0.14,5895,75.77,https://magiceden.io/item-details/A4tWYwR8h2aP67r5vLdYBwhaEyLzoDVbEhUsDr18sDHW,Sam Rowan,Common,Kuishinbo,4,1,2,5,None,Normal,13,None
9956,0.45,5516,74.18,https://magiceden.io/item-details/Eu67qcWahLT8fUk6CYdYN3CvP8VQGZMpTfZnfjSPHoZ2,Sam Rowan,Uncommon,Credibo And Gorgeon,2,3,5,1,None,Normal,13,None
