id,price,moonRank,ðŸ’Ž score (%),storeURL,1:1,Background,Mouth,Skin,Sunglasses
1,0.1,372,85.89,https://magiceden.io/item-details/24TV3iK6qy3u2NCBKoRQcKsZzpBcgXFaVKq7XYdsa8i5,,Generative_Purple,Cig,Grey,3D
4,0.1,797,70.58,https://magiceden.io/item-details/Fa17bpJMKGs8YUN9JZk1TowVAdtNaBw5dHxXqH3fXGXb,,Pastel_Orange,Normal,Purple,Shades
15,0.044,969,64.94,https://magiceden.io/item-details/67BcEgSt1MUZWw8igQ7xcyyXEza5prpwrcSvxY8jP3qV,,Generative_Purple,Cig,Purple,Normal
19,0.05,1057,61.71,https://magiceden.io/item-details/2QSvsK6hdSbaZq6cT2xXzw23ocp4kyA2XhUXBkQoqYtm,,Great_Landscape,Normal,Green,Normal
21,0.2,384,84.46,https://magiceden.io/item-details/Dqh8koXBMyMdKG7Ep8GFyfGxGhvnFsTe8ZRUDrKV79YM,,Pastel_Brown,Gun,Gold,Normal
22,0.035,1089,60.71,https://magiceden.io/item-details/8sXSrH1Cbs9NHzzr757jYKTFkmeE2UiB7R4ZEo4d6Xt8,,Jungle,Normal,Grey,Normal
25,0.15,913,65.9,https://magiceden.io/item-details/9ye8E4VadCUFRePBxHZZ3exh771XY48toHN6g3xBtv98,,Pastel_Grey,Cig,Grey,Normal
26,0.05,499,81.82,https://magiceden.io/item-details/9CV9NPL3FHQhHwHRNjXK3EAd7WWaMWEyi76e5mUY2iuq,,Jungle,Pipe,Purple,Normal
31,0.187,1018,61.75,https://alpha.art/t/HqZVi1WNBBQXBv1e6JYcEYrzeUhFqiTC8DjLbwCr3LAo,,Pastel_Grey,Normal,Blue,Normal
33,0.19,679,73.93,https://magiceden.io/item-details/2SafmNUS824y1MYCxMRDqvdUx6fwBzDMTgyVSz75abHW,,Fire,Normal,Orange,Shades
40,0.1,923,66.04,https://magiceden.io/item-details/GvJRbUPgbUrfxL6X365QEwZv4ivSMuHWsZxW6ssUhqDw,,Pastel_Orange,Cig,Pink,Normal
41,0.1,980,63.98,https://magiceden.io/item-details/8KhyTSDc4FMwhzmQNaxR5b59bxgsASaa9BUqJoAq6bBD,,Pastel_Green,Normal,Pink,Normal
63,0.15,532,79.63,https://magiceden.io/item-details/CvLYJAY6HquUFVZKPBaqXVs23W7Ae33yUiNRC8NbTNHf,,Pastel_Orange,Normal,Orange,3D
65,0.1,1077,60.49,https://magiceden.io/item-details/4sLdMmsLafMvnwtVbLFkjdmcmhh5dFeAwWurzKCVsNsk,,Jungle,Normal,Green,Normal
71,0.11,1043,61.61,https://alpha.art/t/EHovd2dvVuQX1v22MoBxiwmXyFJtwLA8WTgKwaTxfyy4,,Pastel_Grey,Normal,Pink,Normal
73,0.178,860,67.53,https://magiceden.io/item-details/4p7pcnsq6Zu1LBjSgbyhWZgtM2tPyZD8SEY4AMsLxM2j,,Pastel_Green,Cig,Red,Normal
74,0.149,1038,61.4,https://magiceden.io/item-details/86khWmRUxUnaKFsEq8XZJMoGzzvYRWUzvnFi4dEGqWaw,,Pastel_Blue,Normal,Grey,Normal
77,0.175,390,84.5,https://magiceden.io/item-details/5zveLUsaHkzuV7aoBn3rPraSxy3NgitX7yUiTzesyTmm,,Pastel_Yellow,Pipe,Purple,Normal
89,0.18,988,62.9,https://magiceden.io/item-details/5o8K9UQeQSEqFYiwzYrci1SBkcMGS4t8xauCMhTaAirh,,Pastel_Green,Normal,Yellow,Normal
90,0.149,943,64.83,https://magiceden.io/item-details/E2oCGfhVCpDpBxSSR99xsyQ5HU31cSVFXrEM2yXZqjik,,Water,Normal,Orange,Normal
98,0.179,380,84.82,https://magiceden.io/item-details/35hJg5Gr2sPK1Yd1ssV2Xc6W9fCwPmh1oZ4SzVYTsdfE,,Pastel_Blue,Pipe,Pink,Normal
100,1,902,57.8,https://magiceden.io/item-details/6cVURfkLrYa4m7ymUzeqzDGWKWjvNAiVrWkJuhSHmLLM,,Pastel_Grey,Cig,Bronze,Normal
102,0.2,678,73.87,https://alpha.art/t/5VwMbJitqEXuPKM8FBaCJxhNaqE7v8xpjiyMRzpcot5D,,Great_Landscape,Cig,Aqua,Shades
107,0.11,934,65.54,https://alpha.art/t/D95GDXshaj5bvsgVmVMCDz1Ctxv9WMsmGRuWz9EjKxBc,,Jungle,Cig,Yellow,Normal
109,0.1,970,64.35,https://alpha.art/t/8rBM6Vu333uYtg6HrhitZHMfiV7Q4LuVfqLakCwMJPcu,,Water,Normal,Purple,Normal
111,0.6,85,91.24,https://alpha.art/t/DTTGSG7GoFk8oqKrxpC82kdwXWcbRY1pCV1dGtKen3z9,,Generative_Purple,Spatula,Blue,Normal
112,0.15,1072,60.17,https://magiceden.io/item-details/3RSZiL8CNS279FaSduTX2aeFbMDuDYwqgffjoAkkqaAj,,Pastel_Orange,Normal,Green,Normal
113,0.13,947,64.87,https://alpha.art/t/GeQF8CNHAwmv2mvqwy44qM61LSjQ7VdDxSZJPWnUSFeL,,Fire,Normal,Silver,Normal
118,0.15,738,72.21,https://magiceden.io/item-details/CDqox92J8oLUniAb79K7AUU6xjLbTjdjmWD3BroUi1bJ,,Pastel_Yellow,Normal,Purple,Shades
121,0.75,995,56.94,https://magiceden.io/item-details/8xY7SBAZ9xWEnNjD12HMcbzbTwEx2rTHGxCuA1dZTDaE,,Fire,Normal,Purple,Normal
124,0.15,842,68.46,https://magiceden.io/item-details/2hGK5qZyDYKUvt5Q4icg2F4V3DwgtiMZGPC4PhKZaPCA,,Pastel_Yellow,Cig,Orange,Normal
126,0.11,870,67.85,https://alpha.art/t/3EEd1Yr5Q2gzz6T8K7NNAJQtLppSuXU3Tpj49CpN22mx,,Pastel_Blue,Cig,Bronze,Normal
129,0.1,1100,59.66,https://alpha.art/t/ybHqbngzahgQuMvgYv4wZx4cFR9GMTYqnaFnRZZR28o,,Pastel_Orange,Normal,Red,Normal
131,0.115,985,63.65,https://alpha.art/t/CyDj6V69RPzKsuCHuQorTi39T6cLinBwJEvqfYGrGAiB,,Generative_Purple,Cig,Red,Normal
134,0.149,978,63.57,https://magiceden.io/item-details/DcYC2BNmK6Mr6tuU7W7o22fD2TSmb6WnRpW8SBKGv9gs,,Pastel_Brown,Cig,Red,Normal
136,0.109,987,63.64,https://alpha.art/t/5M9xLES5VWcGWqGwKEMGiMjPaoPkArgKuztc4TRYHFED,,Water,Normal,Red,Normal
140,0.3,764,69.77,https://magiceden.io/item-details/9xs8YoSiuVcV4N4YDipY22VywgAWNrZ3gkPJU7R9LX52,,Fire,Cig,Silver,Normal
151,0.14,1004,62.72,https://alpha.art/t/2DUkTHsHXcRw5kJR9JSZtrUJayP9shM7nfZjfyAQPu76,,Pastel_Grey,Normal,Silver,Normal
152,0.15,881,67.05,https://magiceden.io/item-details/EnhfyuMLyCUYYb8oHdphKzEMnB8ECZSE8xGC4tUf5Szg,,Pastel_Blue,Cig,Purple,Normal
153,0.125,107,95.19,https://magiceden.io/item-details/C6gGMN7weg1Sa4Au3N6X6aMDAhhkXzhzk9mD6DEh4FDV,,Pastel_Green,Knife,Zombie,Normal
155,0.23,840,67.73,https://magiceden.io/item-details/9SBwkSmzYdj7FVk2ogBRtPdmsurSBYmsXY9DgzR44txb,,Pastel_Orange,Normal,Red,Shades
156,0.149,938,65.01,https://magiceden.io/item-details/5fy8a3SKthd2wr5nApK81s2pcyeRdcgbcPuZJnc9znSv,,Pastel_Yellow,Cig,Aqua,Normal
162,0.2,634,75.45,https://alpha.art/t/56XcaWBFBFoHjzFK5DQV6C4ZzaBoqXu5XAYtf2zGVTKn,,Pastel_Orange,Cig,Bronze,Shades
163,0.69,251,84.35,https://magiceden.io/item-details/3bqtPkcVppd8SpuVYrdwkouzaB3Kq5dHqHNeZm7Rq6Ls,,Volcanic_Eruption,Cig,Silver,Shades
167,0.174,1058,60.43,https://alpha.art/t/Axcd1xhMJjKGQfuFxiQojupAHn84Xjgq7HPGz9dkwBbq,,Great_Landscape,Normal,Yellow,Normal
171,0.6,647,70.98,https://alpha.art/t/4HW9iuyn8q8gCaqA6MxuXJnTEsuz3NMB1WRLVAsucXR1,,Water,Cig,Gold,Normal
174,0.5,1101,55.62,https://magiceden.io/item-details/4sys1ZKu2nGkFbr1RhgCq3goTHtEZ4YeASy1TiuniY7u,,Generative_Purple,Normal,Purple,Normal
179,0.159,1032,61.52,https://magiceden.io/item-details/HcQ4Es7Ck8qC2Jb7BBfxsNZrBxk6oimAjwEJ8kccGscM,,Pastel_Orange,Normal,Silver,Normal
184,0.45,602,74.11,https://magiceden.io/item-details/C7XMFmn6svCZ1toyJ9FpXwXZXkz21VhuuMU5ZYUBjwn8,,Pastel_Brown,Normal,Purple,3D
186,0.08,35,98.24,https://magiceden.io/item-details/14bxKvX7jurF5XKXXVi8oXG9Vc3haJ4dM4rsirCqtqhx,,Pastel_Brown,Spatula,Aqua,Shades
187,0.159,772,70.89,https://magiceden.io/item-details/DwpzVL8BditZFWHME6WiSqZzBCEddH8qEuMQTiSF9aKw,,Pastel_Grey,Normal,Purple,Shades
188,0.159,1083,59.68,https://magiceden.io/item-details/8K9ri4ceUyDUftyGbTKJbvyN48XvKrkTUu9MAKn7GpQQ,,Generative_Purple,Normal,Orange,Normal
195,0.15,830,68.89,https://magiceden.io/item-details/8xJ2EQdkCJ9hCUkvoHT77bYKawkyS9KdQwiFDof7aAXG,,Pastel_Purple,Cig,Silver,Normal
201,0.159,1063,60.4,https://magiceden.io/item-details/8d4txYMUwunpyYRd9PNa6kLZQ67uoDjhewwZVnqBSUqg,,Generative_Purple,Normal,Silver,Normal
211,0.1,284,89.07,https://magiceden.io/item-details/D2UXxBjPR5kvyv9ks8MAwCVapH6jJZFVBfsRp6xR8qwT,,Pastel_Grey,Knife,Orange,Normal
221,1,94,86.91,https://magiceden.io/item-details/6AdPCFDbZJKQr1bgJAvz1hJhiMVs4U8DCPrtfuZEEJ6T,,Pastel_Blue,Gun,Green,3D
224,0.1,173,93.07,https://magiceden.io/item-details/6nuMHnZLUjRxbSgXwUNxLwyvZ5Rxd741cHG2ypukpZ9K,,Pastel_Yellow,Pipe,Purple,Shades
225,0.11,292,88.68,https://alpha.art/t/AnqDigdGNSeFJhRPB9whKAccRgF7bz5dKmjd2MyrEUG,,Pastel_Blue,Knife,Grey,Normal
230,0.08,674,75.21,https://magiceden.io/item-details/FMxXFPfy7bRt5Y5hURmCdbTxfAEf3wg3KCzupUC6k366,,Space,Cig,Blue,Normal
231,0.5,320,83.77,https://magiceden.io/item-details/6uq2pgswKxxPAUoSxD5hUe4pUSzBNiGKQue2LYeW5VSK,,Pastel_Purple,Knife,Red,Normal
234,0.7,805,64.29,https://alpha.art/t/BdeCJd4nsF393EUFfJvofSXUUCvA2dVPthoqAwMwc6JT,,Pastel_Brown,Normal,Pink,Shades
239,0.11,209,91.67,https://magiceden.io/item-details/4trXjqcKWcpWpC3RMouxi8KA3mcpQAis4JPK2NiYqKuC,,Pastel_Orange,Cig,Gold,3D
268,0.35,965,62.03,https://magiceden.io/item-details/GDuP3LgPGxdpcd85Jp5E9HgyxAvyDxaLB23hEYZ7y2DH,,Jungle,Normal,Gold,Normal
269,0.5,328,83.48,https://magiceden.io/item-details/9VEcLFbMDG8KhrUtd1SnkwpBTTqVSj3pzSSckN5FbfNY,,Jungle,Cig,Green,3D
271,6,243,31.54,https://magiceden.io/item-details/4Sm9Qk9KAqrefYZPZoc4mQxjo65Btk3c1gryfSN288EZ,,Space,Pipe,Yellow,Normal
275,0.065,442,83.72,https://alpha.art/t/AJpKm1ui1a2BwPdz9YbZArJfwRzhXBrQPAxGmpnKG9vg,,Pastel_Orange,Pipe,Orange,Normal
283,0.08,753,72.36,https://magiceden.io/item-details/GMaJoVyKg43tf5dCkB4CqtApdvKArJvMTf1Y39JbDMhC,,Pastel_Purple,Normal,Bronze,Shades
284,0.7,839,63.07,https://magiceden.io/item-details/Ght9VrJDVsaod2WUV1FxFYGGEphNFC8GKNhEsw8zNVZo,,Moon,Cig,Blue,Normal
287,0.1,586,78.18,https://magiceden.io/item-details/ACxNfjet1x6EpQPoPJ1ovrSvnGtUTKyn9Y1DGJGJPZx,,Pastel_Grey,Cig,Pink,Shades
291,0.15,447,82.69,https://magiceden.io/item-details/5RCkz7SQpe2gdL2dxv9PqXU5bvqV53AXJqiid189TAPF,,Moon,Pipe,Red,Normal
293,0.1,847,68.78,https://magiceden.io/item-details/Fk5aCMgLiuJcbMTYnbJisDCc6EH5opXfeM4T5uq4zbF7,,Generative_Purple,Normal,Grey,Shades
295,1,52,88.43,https://magiceden.io/item-details/7LoKmVPQB4vUB8tTDKLBKmt5itNTuzb2YiCzewqcMfpu,,Pastel_Green,Normal,Solana,Normal
296,0.172,550,78.76,https://alpha.art/t/5Ftenp5rb64EhDLwRCNAZCUSSc4cWfQCVRVkbgbXkhpz,,Great_Landscape,Gun,Grey,Normal
298,2.5,19,74.62,https://magiceden.io/item-details/D5A1xnwMSVSJqv9P8jDeuYu76zfYzfR2VofyTTGbnFQE,,Pastel_Brown,Spatula,Blue,Shades
302,0.177,672,74.31,https://alpha.art/t/9ujX3mG26eHTdcpNEj5UVG4rNEbyRcvZf9eXcvF2sYCJ,,Pastel_Green,Normal,Blue,Shades
307,0.069,1110,59.61,https://magiceden.io/item-details/2RHsqVLRPPcCJ32TqWnw9rqTuj9UJc2CBKpJEKeaE2Jf,,Pastel_Brown,Normal,Aqua,Normal
312,5,68,47.85,https://magiceden.io/item-details/7kZMduEsVBk812cd1YPwBUXyV976vbaRFU3mePdSqiRR,,Moon,Normal,Solana,Normal
313,0.05,704,74.43,https://magiceden.io/item-details/8VPbKwK7o35e2u4wdajfaHGsQC5EVN1WMA1zMu9em8Qr,,Space,Cig,Bronze,Normal
314,0.1,202,92.02,https://magiceden.io/item-details/66q8TT9uSHtSznpkYp8v3Mmfw2Yythuc8iMqNwcZ9ssF,,Pastel_Purple,Gun,Yellow,Shades
318,0.2,74,95.63,https://magiceden.io/item-details/Hc3ScKVSKr12PXpXob61moMndFMf5gxWz1YTfKvaMrhp,,Pastel_Purple,Spatula,Grey,Normal
322,0.08,707,74.02,https://magiceden.io/item-details/8Rpcta4toEGUFH2UR175JoaudrZR7QjKa3eZTaj3twSv,,Pastel_Green,Normal,Purple,Shades
325,0.39,661,72.58,https://magiceden.io/item-details/88TfpthXyu1KE9twUzoZKCRrxXhL8uVusuhCZB5BjgVy,,Pastel_Brown,Cig,Purple,Shades
326,0.07,1027,62.59,https://magiceden.io/item-details/954DSBzH8ALWHauNgpzNhh5JeCVqsebwFDkg8dakv21B,,Pastel_Blue,Normal,Bronze,Normal
329,0.3,504,79.14,https://magiceden.io/item-details/5AZWRVbJ7EYSg9VEWj6nuztbdNNbx8m6RB8cxvKFpFiX,,Great_Landscape,Pipe,Red,Normal
334,1,1080,51.38,https://magiceden.io/item-details/5bYGQbxKgxuHT1xmcJoYJmbp68r7jxhBW8Wq9yS6iwEj,,Pastel_Grey,Normal,Red,Normal
341,0.19,968,63.52,https://alpha.art/t/FQjXcGxWEQWuph3LmVFDDe84qzYCZCkebgshE5tDshhb,,Fire,Normal,Blue,Normal
342,0.17,553,78.67,https://magiceden.io/item-details/3AA58Cfpm5NsFVSJrtsvsa1k5k812beLX3jWGRPMJjfC,,Pastel_Yellow,Cig,Bronze,Shades
343,0.1,1021,62.51,https://magiceden.io/item-details/Jk1KWJNozjbquSWXPAfJM9EwoR8oWKjv5CTKctYviwZ,,Pastel_Yellow,Normal,Green,Normal
346,0.18,81,95.58,https://alpha.art/t/47Eyd8pjLs25qZLn9CWGai53jpMR1RFYTrbLYnNuSa2X,,Pastel_Orange,Spatula,Pink,Normal
353,0.06,460,83.12,https://alpha.art/t/E2sDGj3SnS761xMMxiYwPa4QkyYmwL5XWvCU9fEKWtGm,,Fire,Gun,Red,Normal
356,0.06,1093,60.31,https://alpha.art/t/FVJwzz9khoSY7xopsaUikEq6BTyDVqB9AmYkC6u3HRmD,,Pastel_Brown,Normal,Green,Normal
357,0.09,1009,63.04,https://magiceden.io/item-details/BCrqMiad6CYKkHTEwBtaufWDDLpjs6pdhZEReT8dB9AL,,Great_Landscape,Normal,Silver,Normal
358,0.15,675,74.48,https://magiceden.io/item-details/GqkB694PAFqpgQCSAFkbC7FoUoUW6Ay4yDn1DWEvLuGX,,Pastel_Brown,Cig,Zombie,Normal
361,0.25,856,66.95,https://magiceden.io/item-details/Gx1A8YSrBSMFz4NXRh6XQiMstJpHRgDSa7uiTZX2deG3,,Space,Normal,Orange,Normal
364,0.1,973,64.24,https://magiceden.io/item-details/A1oWY7TTfGFFGxHXZER6PykXxM5BZnPpFhu1bKjRXvvp,,Water,Normal,Grey,Normal
369,0.15,396,84.53,https://magiceden.io/item-details/5Te97K5Ey5XNEc5qt5e3fKeK1s4ntNjhc48QY6FowcDQ,,Generative_Purple,Gun,Gold,Normal
371,0.06,924,66.4,https://alpha.art/t/61SSYpN6Bbe68vgdpSxXWLc14jR9621SWJGgVZwN51EB,,Pastel_Purple,Cig,Red,Normal
373,0.1,593,77.93,https://magiceden.io/item-details/4r7FdUvfEjfvHzNbPjS1uWA2cSyRu2STNAgbamLwwprV,,Great_Landscape,Cig,Pink,Shades
375,0.15,146,93.54,https://magiceden.io/item-details/CfuAzwh4pCb8nvZ4u5ny25QVdUJjSQ8SqfCGAY73Ccg4,,Generative_Purple,Knife,Orange,Shades
382,0.058,666,75.72,https://magiceden.io/item-details/AAC26ZWHBsoKUrDcShhaZfSYRYqDN6kkpFr75XGKhpHN,,Water,Normal,Bronze,Shades
385,0.14,933,65.28,https://magiceden.io/item-details/4odEg4NZgTCpF6KSuqDa8J6sTx9WUdSvCocbnTeWvTup,,Great_Landscape,Normal,Gold,Normal
386,0.178,1099,58.92,https://alpha.art/t/Ckshv6jVxREcouGaHWngxv8EQTQSSWjvEMbS2VNhihfP,,Generative_Purple,Normal,Yellow,Normal
392,0.1,892,67.16,https://magiceden.io/item-details/EL5UB7YUwqK4ZS1myY2dYExtt94R34A4aSwzBb7KoEH5,,Pastel_Purple,Cig,Green,Normal
393,1,63,88.03,https://alpha.art/t/WzwjSKASdfN3D9QGk3wmsdgLmsaJdrsdesYVeewDGhL,,Pastel_Yellow,Spatula,Yellow,Normal
397,10,796,0,https://magiceden.io/item-details/78QBH3rkrjiwNZizRVHU5mmRNaKhbaB4wgck2T2nFr3w,,Volcanic_Eruption,Normal,Orange,Normal
402,0.36,670,72.56,https://magiceden.io/item-details/GjpDzW4z5qgS1BN8P1oqppLeB3KNJvoNDLWgayJyWwsd,,Pastel_Orange,Cig,Red,Shades
404,5.5,2,45.23,https://magiceden.io/item-details/ExPWSumdQyHA8oeZPBsYpssyao18M1UTkMbTJmUjXCMz,Error404,,,,
409,0.188,747,71.5,https://alpha.art/t/AsGsSzHVDTkAe6urqeVyhcEkchfFcNLGPuUsQkLcn9YQ,,Pastel_Yellow,Normal,Grey,Shades
413,0.057,513,81.24,https://magiceden.io/item-details/BrAaSe9NF4rAgjDtN1q7o8pCu39vMpUy7ssQ1aYkiRBJ,,Pastel_Green,Normal,Aqua,3D
420,20,3,0,https://magiceden.io/item-details/CVrWyuL1cosRhc7bShsXtcBD2nQGkFv7GHYe8vBVqNTg,Ghost,,,,
424,0.3,637,74.35,https://magiceden.io/item-details/DNXUvk1F9wBLooEoaNpSjVQrzk5bPDZv3nWcwJffT8jV,,Water,Normal,Blue,Shades
427,0.175,1109,58.59,https://alpha.art/t/GY73EDN2U9CTvJ2hJMfUbndoznXE6fB8cNMSNwaBD8RM,,Jungle,Normal,Aqua,Normal
428,0.3,1013,60.8,https://magiceden.io/item-details/G5EBaf4NMRU7kCqohCXKMndU8fYaadKJESkY2Uo3VgCb,,Pastel_Blue,Normal,Pink,Normal
429,0.173,552,78.68,https://alpha.art/t/EiXW3i1u8LtxRPtbzyrZTM1iJTDvnfY5LH2KWi7j3njK,,Jungle,Normal,Pink,3D
433,2.75,21,72.04,https://magiceden.io/item-details/A4umosQcBeUhL7HcnUbHcASUrcooCwyqiCUj2JcRBUpK,,Pastel_Orange,Spatula,Grey,Shades
438,0.18,929,65.02,https://magiceden.io/item-details/EzCL8Vdw5TK2wdkc9BKLtYRiG319m8i5kcXRJv4DJuQ5,,Pastel_Orange,Cig,Bronze,Normal
439,0.2,125,93.8,https://magiceden.io/item-details/EJcktkr1YqCGYbmiL2AnqVL6GPRZzUq4qhJWh2oP4zij,,Great_Landscape,Gun,Red,3D
444,0.18,955,64.09,https://magiceden.io/item-details/AeWZ8GexMWtyPmuL3pukErDmAjC3mByd4jwAdAV7LEZs,,Pastel_Brown,Cig,Purple,Normal
446,0.04,462,83.25,https://magiceden.io/item-details/6KM88i85JR6B8xmb16B6AxutBnGDfnim3PmBRv5TWuPY,,Jungle,Pipe,Pink,Normal
451,0.45,663,71.91,https://magiceden.io/item-details/CpsqbGz2WjPKHcRPEbiGRFBQVbeVinDp3FPmBBaGsLc6,,Pastel_Orange,Normal,Gold,Shades
452,0.179,841,68.2,https://alpha.art/t/CuRfM3THBcfAX14RAWJ3TjX5RK6YzWRm9XqAs9KnB4mm,,Volcanic_Eruption,Normal,Grey,Normal
457,0.2,233,89.9,https://magiceden.io/item-details/3vE1VJvjYWiiwA1qiNAzZTHXisJF8vLNjLqyb3czWxpp,,Generative_Purple,Gun,Orange,Shades
462,0.4,471,79.33,https://magiceden.io/item-details/8J2tPTDGMRd1LYzjHLyy3sHr2Zyna3QXQ11pJJSpyWJV,,Pastel_Grey,Normal,Orange,3D
465,0.16,508,80.39,https://magiceden.io/item-details/FJ7vneWpYpBEXeBux6ba5ByjtvC3knkqti4Fq29uAK1n,,Pastel_Purple,Gun,Bronze,Normal
470,0.14,1041,61.39,https://magiceden.io/item-details/6M9Pkf3zkukCDHATcsZKT35JYzZRdB3Pxiv7bhi8qy11,,Pastel_Purple,Normal,Bronze,Normal
471,0.184,996,62.57,https://alpha.art/t/8gUdfodmdfjiEGi7TpQLwUY9CEsFMyxWsKJevxYt3XvX,,Pastel_Green,Normal,Purple,Normal
479,0.55,171,88.64,https://magiceden.io/item-details/Fvo11ENReKZ8KXFhCRTZhm5xBxLBnv4w1ffQGAx6Y3pR,,Space,Pipe,Gold,Normal
482,0.48,746,68.62,https://magiceden.io/item-details/8RsiKXL8YECGmDqRyU4jGNqhgnXsD9mVTkfb4QxbFHQp,,Pastel_Grey,Cig,Gold,Normal
487,10,5,0.12,https://magiceden.io/item-details/Gxbtu7XY1rePixAtGz2WTpDTgYJWwS3Xggg1CcUPRV3z,,Pastel_Purple,Cig,Solana,3D
488,0.26,308,86.6,https://magiceden.io/item-details/DJXfsJZYrgjmR45KbSaBhnw9EqqKtF4yAo8BZu4yZuLN,,Great_Landscape,Knife,Yellow,Normal
490,0.1,739,72.67,https://magiceden.io/item-details/DUcaSKmGJ92bLvnigyJJyWc4fM5pvizuuYjQ6JfeXdgC,,Pastel_Blue,Normal,Yellow,Shades
492,0.33,917,63.95,https://magiceden.io/item-details/4A4cp2o9tkwXBN1dfPLtWQ5rzkwkwhzCCYYNvHM31egj,,Great_Landscape,Cig,Purple,Normal
498,0.186,1094,59.02,https://alpha.art/t/jXavWA6hpDy78Z6PNnCc8ACBg38ZBg4RG2VPLZ1dE9m,,Pastel_Brown,Normal,Purple,Normal
505,0.181,986,62.96,https://alpha.art/t/46qhGE32QQVSYNy4YyTdFXc15u8PnwL5TJiP2RsmwwhY,,Pastel_Orange,Cig,Aqua,Normal
507,0.16,922,65.47,https://magiceden.io/item-details/GQih5ydnJPB9J9thG9VCyhQi6NjA3H4gCMw5gM6FvGPq,,Pastel_Brown,Cig,Blue,Normal
512,0.38,57,94.45,https://magiceden.io/item-details/fQpVvJ1AUiq5BAV5YxdYr5Zegfca2gSw5nKCSUiB6bc,,Water,Gun,Yellow,3D
513,0.33,590,75.74,https://magiceden.io/item-details/4DCvTGxqXAtSuvGB5xwth2Kdx7XxwY4ekBkdr2PHnQHG,,Pastel_Orange,Pipe,Aqua,Normal
514,0.44,821,66.31,https://magiceden.io/item-details/CUPZJuM4D3JvWQ5dCCGnLVrXVPTqzpJgkUyZkwHniRG6,,Space,Normal,Silver,Normal
515,0.1,75,96.6,https://magiceden.io/item-details/3XRRtFzB5YsnM1b8ZoKMPVVNjcYWGqWiA1Q8z3D8eQJg,,Pastel_Brown,Spatula,Silver,Normal
518,0.17,347,86.1,https://magiceden.io/item-details/9rtzR3bSrywYDvxogYJSdk6w3F1UZctQE7jNPJSbVFir,,Pastel_Brown,Knife,Yellow,Normal
523,0.183,1000,62.43,https://alpha.art/t/C3ZYibqNKEBP8tgrtdoyWqwdmq2gftdB2ECyrdVistzQ,,Pastel_Green,Normal,Grey,Normal
524,0.35,872,65.38,https://magiceden.io/item-details/Hp3qDr3JRGANY7BHg6cxm4bXd9AhVvWEVL34KrnE3zgd,,Pastel_Blue,Cig,Green,Normal
525,0.29,77,94.63,https://magiceden.io/item-details/6zVLwzBQmtCTFxUeMqhsk7Yd1NYQ6anP87RTkHsZQMNU,,Great_Landscape,Spatula,Green,Normal
530,0.35,1052,58.89,https://magiceden.io/item-details/14jeWDgpWskLfmGv6pEJcPDBng6oUjwBQL8nt5rP4J96,,Pastel_Grey,Normal,Yellow,Normal
534,0.18,997,62.57,https://magiceden.io/item-details/7a2v6Efg6TZEdMXVLeyYvTLwYrKxccDsVTi9GNCkoZt9,,Pastel_Yellow,Normal,Blue,Normal
535,0.25,941,63.89,https://magiceden.io/item-details/6qkyJwRU6peZAWaVaZqhUG42jf8kzk64TfTC8eWJRCNn,,Jungle,Cig,Purple,Normal
542,0.2,895,66.05,https://magiceden.io/item-details/7pBFvRw4GBQUNaxHCifdd1hYGCezLmvBCG6HTkef2FsU,,Space,Normal,Grey,Normal
544,0.15,480,81.5,https://magiceden.io/item-details/B7dWPfo53KckN8GwsVE3jqdhPmuGP2ZzfZHAoF7hMno7,,Pastel_Blue,Gun,Bronze,Normal
546,0.2,402,83.81,https://magiceden.io/item-details/4FAHUb9rQsK6YaZcizSeRadeWdD9LVhivjvoTrELxKG1,,Pastel_Yellow,Pipe,Grey,Normal
549,0.25,836,67.67,https://magiceden.io/item-details/Bw8wZpt82BxqkQMCocfo8BDBtBkiSd8144URMw79ws8m,,Generative_Purple,Normal,Yellow,Shades
550,0.09,1042,61.85,https://magiceden.io/item-details/4H6KNAy6nJQd4G7W2tghREjN6KR1tF31fqUn6Dw5dvMS,,Pastel_Purple,Normal,Green,Normal
556,0.189,932,64.82,https://alpha.art/t/8v6SE1F1z9LbbEG1n3sUSDzHiEMc3LTq6xnh2bNWCpMr,,Pastel_Orange,Cig,Purple,Normal
566,0.174,381,84.83,https://alpha.art/t/GpvmDzKkkiXMyF6J9CVujbtGyTxGcZfmrNHGy3QdeA6x,,Moon,Pipe,Pink,Normal
568,0.1,1073,60.63,https://magiceden.io/item-details/GbLDtP5PxE89xX8R5b572NevuGnC7W14Vea23bS7y3Zp,,Pastel_Orange,Normal,Yellow,Normal
577,2,139,75.29,https://magiceden.io/item-details/8eBzytdGdC7aW3jjmaFjfHZFb763uFDhVU1xsfL3bd3a,,Water,Pipe,Yellow,Shades
586,0.3,144,92.11,https://magiceden.io/item-details/CReY925yJvfRckFse16DgCC1zks2TU9WzbFSAwo73Yyh,,Pastel_Orange,Knife,Green,Shades
599,0.3,470,80.36,https://magiceden.io/item-details/eJwZUxP9wsWHwHdhztjDuuDsKM9PxxRWbrNR1v8q3z6,,Pastel_Purple,Normal,Pink,3D
605,0.125,450,82.83,https://magiceden.io/item-details/8ZxwZTPKwjbFb9kPPm87nYrSzcdZcj2muLNxNgr9ycJu,,Great_Landscape,Gun,Silver,Normal
607,0.15,342,86.48,https://alpha.art/t/FAacVod1V5y83feJhTsL5RQ28NUBEmq5EdfoyJTxvoTB,,Pastel_Green,Pipe,Bronze,Normal
608,0.182,777,70.48,https://alpha.art/t/HiX7JHWe4YKsM9TbPz5svYgGuWMoN7zXgT924zuaXjuS,,Pastel_Grey,Normal,Grey,Shades
616,3.6,10,63.94,https://magiceden.io/item-details/GP9vM7xXTt9FuTcSAT4zsbWEpjgQ6FHSUgQUQBBJFnHF,,Pastel_Orange,Spatula,Orange,3D
618,0.049,375,86.3,https://magiceden.io/item-details/2bxHzFRYS1Vhk5q4f3qHyqTStD6UZ7xUTAYVp2txQko3,,Fire,Normal,Orange,3D
622,0.179,801,69.65,https://alpha.art/t/BP7FLZqjn28jitGhyWJrBtW8y3xm1h12XQt7HVSDXZ8i,,Pastel_Yellow,Normal,Aqua,Shades
627,0.07,299,88.83,https://alpha.art/t/21KWeesqowA8Sn1f6aa5EAT79LWL35S2GfLi9H33TNyp,,Fire,Pipe,Silver,Normal
632,0.13,148,93.67,https://magiceden.io/item-details/DhkApwziVcSjHA7MFxhxAxCVNZ3BcC8XpnNQTH5KFxDo,,Pastel_Blue,Pipe,Silver,Shades
633,0.15,377,85.21,https://magiceden.io/item-details/Cc7LRs6Hj69uwepjBsPRdFe54DQLKUeufvJAmCCxqoXc,,Pastel_Yellow,Pipe,Pink,Normal
636,0.195,506,80.12,https://magiceden.io/item-details/5qvEx1S7p17jEbgs6RWCxLgxPe4rs2QSg3A7T56VqCmK,,Pastel_Purple,Normal,Purple,3D
637,0.45,273,85.96,https://magiceden.io/item-details/EnFLC6EPtdtXk3Xe2sncRSGTwnbGzrqCFcgvddTBqso6,,Generative_Purple,Gun,Zombie,Normal
641,0.12,981,63.75,https://magiceden.io/item-details/8XKw3pMA7FUv7SmnvEj1fykiNUD994WyLu3YiwGj6fVo,,Pastel_Yellow,Normal,Silver,Normal
642,0.28,449,81.32,https://magiceden.io/item-details/4uL21eofqRxAV4rSDP3dTF8nAQSnVUn653gVY1n2GcTn,,Water,Normal,Aqua,3D
643,1,60,88.14,https://alpha.art/t/BxkTw7pHxEqrPSQD4gBLWMQfoZYRYXE4PrNEPCcq4iGo,,Pastel_Blue,Pipe,Orange,3D
646,0.11,791,70.7,https://magiceden.io/item-details/5a6dd3SDUc4byHxwAQc1a3BV8GFaUbz1FxoiNeVEPsQQ,,Pastel_Green,Cig,Orange,Normal
648,0.08,422,84.29,https://alpha.art/t/AzB6APQE9v5mZKZWkqq8fPf9DK7ejLVjpDA9cYwXXNRh,,Moon,Normal,Blue,3D
662,0.195,1074,59.65,https://magiceden.io/item-details/GpaAPUvv6yJuts8s6H7XcZH7oknGxGB4QiAv9HyNd3Lk,,Pastel_Orange,Normal,Bronze,Normal
664,0.99,358,77.5,https://magiceden.io/item-details/FDt96jWmmgetNDCVdTMkRryRKhJ1Fi8JcZBW6UGY6xj,,Generative_Purple,Cig,Bronze,3D
680,0.195,518,79.68,https://magiceden.io/item-details/AkpxULw58Srs9PLugQuyoHddMbkNYVZpfDxQENTgjz2f,,Pastel_Brown,Normal,Silver,3D
682,0.6,127,89.72,https://alpha.art/t/2WkAvaTRzACPSfWih92ZeTb7gktmxNNToWcBoMpuJDA5,,Space,Normal,Zombie,3D
693,0.2,662,74.44,https://alpha.art/t/7AvquRXUNJzEJV9YgFcR5ZTHKUpnXE5EHcyEcrdC7u2R,,Pastel_Purple,Cig,Aqua,Shades
696,0.03,279,89.95,https://magiceden.io/item-details/7gLs8z6A9L6MCcd1PRzn7BDotPegvnWtSDxxwEJknB2D,,Pastel_Yellow,Knife,Green,Normal
699,0.2,816,68.89,https://alpha.art/t/B8MGFGayzmQu9amrp9D53ycQGjkTre9QvcvmSiS6cHhj,,Pastel_Green,Cig,Green,Normal
707,0.2,649,74.91,https://alpha.art/t/8aucduzm3ob44m9r9GWAZ29UtogSkjp27oWrRjxVfjw1,,Volcanic_Eruption,Cig,Pink,Normal
708,0.03,749,73.01,https://magiceden.io/item-details/Dcg2WgHJBomdAu1vWHfVsXjqPBBbWzL2sHTFNMPxgd6j,,Moon,Normal,Purple,Shades
709,0.2,627,75.71,https://alpha.art/t/McfMVcftj123TyBa6oZNv7oc7arCuiDn4BfRgJbvyYZ,,Generative_Purple,Normal,Grey,3D
716,0.1,740,72.63,https://magiceden.io/item-details/9TLXSjsnAFxm3U82m11YNP3B9XNpDM5haLHt1U6dEKtM,,Moon,Normal,Yellow,Shades
720,0.2,584,77.25,https://alpha.art/t/3Szwaub7JYAB55RU7tKiJ6k2pVV7ZK8CbFoxAGN4bNPy,,Pastel_Purple,Cig,Yellow,Shades
724,0.1,270,89.57,https://magiceden.io/item-details/5uc2wKesv4cGpX6Hsuqsi9NCXT1wokfYq62Mg6HKYp6x,,Moon,Cig,Pink,3D
725,0.2,846,67.81,https://magiceden.io/item-details/47t54NDMSspdjuAkBryWtVbwREetCmfSzfZqGt2Nr4qE,,Jungle,Normal,Red,Shades
731,0.178,976,63.35,https://alpha.art/t/HuhtMxFSqdJwUqzoJ7CwYYH4hG3tMMwrYKqv1NgDs56g,,Fire,Normal,Orange,Normal
741,0.07,178,93.19,https://magiceden.io/item-details/3aoxgw1doyKhYRrnTVenDxuyEjeGLktZV3teBYfKXWKX,,Pastel_Purple,Pipe,Purple,Shades
743,0.1,306,88.27,https://alpha.art/t/5WPsmAj2b2MpTJdvFoC1s23e6EgG7D6dPeb2JZXAydmd,,Pastel_Grey,Cig,Purple,3D
746,0.05,1049,62,https://magiceden.io/item-details/MVGHhoNFkjH4x5Pp8RM2xXezEER3UhsH42yHiE9ZoVF,,Pastel_Purple,Normal,Grey,Normal
754,0.35,31,95.68,https://magiceden.io/item-details/4McHZ9zW4xG1VRQzT338SUqJ5Cre5vwAdAKaXKMQhgkQ,,Pastel_Orange,Spatula,Aqua,Shades
755,0.5,448,79.16,https://magiceden.io/item-details/2Eg9N5eXRC3zG5u7xYd9b1baFEAfLccYkpdiAGtK7Zs9,,Pastel_Purple,Gun,Blue,Normal
763,0.12,556,79.06,https://magiceden.io/item-details/HapaD4zBNMPRjwjMPb5KEbmeVuVPxCiE4r4X3tiGNxuT,,Great_Landscape,Pipe,Aqua,Normal
769,0.05,271,90.03,https://magiceden.io/item-details/BuVwG2UDJp5WurWmx418f3Kj1DT14G74Eq2NsWQ74Nzc,,Pastel_Blue,Knife,Pink,Normal
772,0.3,319,85.8,https://magiceden.io/item-details/DiYGFwqcNLxr9SW5DPL7tRZLNPC9GJg98HWH1Lhbi4RG,,Pastel_Orange,Knife,Pink,Normal
781,0.2,936,64.57,https://magiceden.io/item-details/GXReYP4jKR7nYWqCUhM7iwDntwbe5uUmDDPznbBXhZ8Y,,Jungle,Cig,Green,Normal
785,0.07,567,79.17,https://magiceden.io/item-details/EuSAStepRynFXSZsH2uSFcZ8B854LWMN7PBfSyHgfTmf,,Jungle,Normal,Bronze,3D
794,0.13,272,89.2,https://magiceden.io/item-details/DH2VYZh1kVSbYY9kV3xCGjs51WG5Rgz7SvGd3bLe6Jbo,,Fire,Knife,Red,Normal
799,0.04869,213,92.14,https://magiceden.io/item-details/EQS8q4DbtFok8CiUmmpfAFLHbLxj8bKWRhACuLdpmDkb,,Water,Knife,Bronze,Normal
803,1,438,74.52,https://magiceden.io/item-details/3ZZSyUZUftF2DrccsktbtrRVx3HR7yRzDrGiBLnQPSfJ,,Pastel_Purple,Normal,Blue,3D
806,6,156,34.68,https://magiceden.io/item-details/6BGvFLGzRbaDhFacVD721cA2j8GkYu1VR5P43J4BnWNM,,Volcanic_Eruption,Cig,Green,3D
810,0.49,595,73.96,https://magiceden.io/item-details/PvVAB1pHnFKm174C6iEXtst5CbBSt5xKZkV7sxmesjF,,Pastel_Brown,Normal,Yellow,3D
815,0.6,263,84.82,https://magiceden.io/item-details/A8ayaubixhvLqTAZYPRFEd6eu2bif9dZqky4VbaBUdu6,,Pastel_Blue,Knife,Orange,Normal
826,0.19,660,74.62,https://magiceden.io/item-details/CBDm3AaSCpcPe5vkZr8WwwvVCnYtbFHxGiXXYwawiDjZ,,Volcanic_Eruption,Cig,Yellow,Normal
827,0.12,293,88.54,https://alpha.art/t/88LXULJzdZhWpjwknhbzp61mpM1WRiZNwEaxN8HMv3cS,,Space,Cig,Silver,Shades
832,0.05,58,97.71,https://magiceden.io/item-details/G8CCKkD229SDV6eacS1DoMrQ9TjSzA2MeMMtHpfLFX38,,Water,Gun,Green,3D
835,0.0869,1014,62.89,https://alpha.art/t/GEdVhEkZYA5SP2TsYSKKo1q212PH7zaevFD173LbHf4P,,Moon,Normal,Pink,Normal
838,0.175,345,86.12,https://magiceden.io/item-details/HuTGXcPjwYdPms6yoA9DfvCUH8pYLHgeoWWyNBqXsGyp,,Pastel_Green,Pipe,Green,Normal
844,0.3,484,79.86,https://magiceden.io/item-details/2vZ65iSmRkdLEz3HD5fh8yNe9r5dyYh9ZxmmvGCf9d2D,,Great_Landscape,Normal,Orange,3D
847,6,808,11.18,https://magiceden.io/item-details/6CFuQZAviWXYHLYnXzCfhwXupNTcE2f64RDLv3MRpNCY,,Volcanic_Eruption,Normal,Pink,Normal
848,0.2,50,96.5,https://magiceden.io/item-details/BgXgtrVj8ig242Lwu8BnUbNmnof6BxWWwnee18bQAV4n,,Pastel_Blue,Spatula,Silver,Normal
857,0.5,440,79.44,https://alpha.art/t/9s42uwKKrhrutKY3YCJW1Z4kvvHEDqK5Ax66QSd3hj5k,,Great_Landscape,Pipe,Green,Normal
886,0.69,415,78.45,https://magiceden.io/item-details/8zDLheN2XUciwhWJ2sda7Y371bLdiax6hg5U9eKUbqpf,,Pastel_Yellow,Normal,Blue,3D
888,0.279,529,78.45,https://magiceden.io/item-details/EM5KjwYC2dGFvqfEHTF1bzyEMFPThGmZb7GWvvmkMdUy,,Pastel_Grey,Gun,Green,Normal
891,0.15,417,83.77,https://alpha.art/t/G6RB6ZvaWpBMJka3JK4pA1eCnQH4yybVH2irPXfvkFuF,,Pastel_Purple,Pipe,Green,Normal
892,0.1,585,78.22,https://alpha.art/t/AZ2KgPHr5M95cydmgxocn2P3xUu4xsWnYTnPoaT9rLMX,,Moon,Normal,Aqua,3D
893,0.38,374,83.02,https://magiceden.io/item-details/9xfRBTuHs2VT5nEsmSV6XF1DZzKvCfREk5BaKdTjicnf,,Great_Landscape,Pipe,Silver,Normal
897,0.04,770,72.15,https://magiceden.io/item-details/9Kuhj5R1H7DyCwaJe3j58fSvhyXUiszCHZJQDe28wcKZ,,Water,Cig,Pink,Normal
898,0.49,309,84.26,https://magiceden.io/item-details/2ftzfxiL63i6DkrGhcXMJpFf9xLEw9KpiQNVsF4PYx4C,,Pastel_Orange,Knife,Orange,Normal
907,0.25,11,97.4,https://magiceden.io/item-details/Gin4feBhuRFVCfgpGJPW7J4EVuG1jj1NJtBjgagBAFqf,,Moon,Spatula,Red,3D
910,0.2,633,75.49,https://magiceden.io/item-details/2JkGdC3rC5ZHUD8dnWuMnmMeDCrfg9myvbn8tCQ4ZCQE,,Generative_Purple,Cig,Blue,Shades
919,0.05,761,72.38,https://magiceden.io/item-details/B2SWsP7MjTZxuBfmXKpGVa71HDFrn7EEnms6c68EnnrR,,Pastel_Orange,Normal,Blue,Shades
925,0.149,701,73.55,https://magiceden.io/item-details/Dw1nDCLZZH348GMB8spicijDshby7ojJR1o7icwkXRFV,,Fire,Normal,Green,Shades
926,0.84,413,77.02,https://magiceden.io/item-details/6rtTamPPt6QsFJEF6sMevsbkjBeUxHBiabL72vL7SbhE,,Fire,Gun,Bronze,Normal
937,0.12,780,70.99,https://alpha.art/t/DPCJzaWKqZmzQhPxh3gbewusoBaykgahkQyUPcDRfi9F,,Jungle,Normal,Orange,Shades
938,0.11,160,93.43,https://alpha.art/t/FcX4mSmw6YjVtCi5GvWchU3UMMDhbCHMXnpqPyaCHeKw,,Generative_Purple,Knife,Bronze,Shades
941,0.2,562,78.05,https://magiceden.io/item-details/4H4iModw62tTZqgH6wFzJg2oAc7pRJe5cNVhjdv1PfEe,,Pastel_Blue,Cig,Bronze,Shades
944,0.25,147,92.5,https://magiceden.io/item-details/GXxGJ6TWi4Ldcv9hUuPijH6KsRQ9py5g5ZkUAmqwuky9,,Moon,Knife,Aqua,Shades
954,0.6,97,90.8,https://alpha.art/t/5qZyukpfxwZ8W9Y8LCHm1QXFGyLEfAvqXSxMRb6RfHk5,,Moon,Spatula,Aqua,Normal
960,0.55,49,93.03,https://magiceden.io/item-details/3BgQgHj9jmcvexPS5kJPKtkBw8UZmddpNR4zEoep7qgr,,Pastel_Green,Spatula,Pink,Normal
977,0.035,669,75.84,https://magiceden.io/item-details/BAWJwkWFG2LmJo8Bkur7422DHWXdG5J7s6HYU7YwLqtz,,Pastel_Brown,Normal,Aqua,3D
978,0.11,500,81.18,https://magiceden.io/item-details/A8JDFCd655n45FBNG8To36br9thC5ZU3zfT8Fid8G4dy,,Fire,Cig,Purple,Shades
981,0.16,543,79.13,https://magiceden.io/item-details/DZ4cyoekBWC9V47q8bQ28hyFC5Jh1pnTEZj6KziW7nBB,,Great_Landscape,Gun,Green,Normal
986,0.215,337,86.01,https://magiceden.io/item-details/D6jM6Kp15ubg4SoqXSuTg3fibGGHpUFjWWpYUpeoss3a,,Great_Landscape,Gun,Gold,Normal
989,0.4,56,94.28,https://magiceden.io/item-details/12MwEYdf3srbT7GMLWSnzZ3ccdLWKT7fuF3D6nZ9XrnF,,Pastel_Blue,Spatula,Orange,Normal
992,0.16,369,85.4,https://magiceden.io/item-details/5GAsfDDGc9j6YadMhcPkc6JUkwxs3zVhEenjZ9B3fLb8,,Water,Gun,Bronze,Normal
999,6,4,40.16,https://magiceden.io/item-details/FGCk7kEvSzHkifxxWycQ7L79UyvrUH7HnuZRTLqQSwH4,PNG,,,,
1010,0.1,605,77.5,https://alpha.art/t/5zGMZNhAVH9xJRyZkJ2kTcppe59XPKKtbpGEUFfDsxZm,,Pastel_Brown,Gun,Yellow,Normal
1019,0.18,453,82.18,https://alpha.art/t/8YAymz9eFs127EmhTBh363anKPAP4E425Adk4A68uEb5,,Pastel_Brown,Pipe,Blue,Normal
1022,0.173,287,88.23,https://alpha.art/t/E6mwv6EeYJVByG5kWRp5nwfuKpMwdKg5GeLEXuuc49YM,,Pastel_Orange,Knife,Silver,Normal
1030,0.4,535,77.02,https://magiceden.io/item-details/EvsucDre3mQLGG2Do3pBAJ1tYvQzs1z4mHMwQyeZzAn5,,Pastel_Blue,Cig,Orange,Shades
1031,0.08,262,90.06,https://magiceden.io/item-details/3DdbvZVAB5y4xPu9EE8TeLUmDWoqBT41Z1MHuPBmEXef,,Volcanic_Eruption,Gun,Grey,Normal
1039,0.176,775,70.61,https://alpha.art/t/9FCb27VaFeAMLBbmwSCihoH3ZbiTwLp4KejZuqMVpDFs,,Pastel_Orange,Normal,Orange,Shades
1041,0.185,744,71.64,https://alpha.art/t/DeJcFSRjqMfs8azEca2CMMexgTVw8uduGkNBF9q3UKGY,,Pastel_Purple,Normal,Pink,Shades
1043,0.13,606,77.16,https://magiceden.io/item-details/8hgRZPioWtukRSo6yYzZpudhwST5jAAaWfzmS4mbAPPF,,Volcanic_Eruption,Cig,Silver,Normal
1051,0.17,348,86.06,https://magiceden.io/item-details/6YtP9MW5pR5JxFWtFaPDSAViqgMoGiGcJZj1FgZ9yZJv,,Pastel_Brown,Knife,Bronze,Normal
1052,0.04869,406,85.18,https://magiceden.io/item-details/46guwWKPQbkyd94XFmCrCy66XakhT7dPgPVXvNNGYdEt,,Jungle,Knife,Aqua,Normal
1058,0.3,54,95.35,https://magiceden.io/item-details/H8VMS7JXF3RgRMFfwYoewBfDhuNWff9FxTs9qc8pzgsv,,Pastel_Green,Pipe,Yellow,3D
1064,0.16,368,85.44,https://magiceden.io/item-details/3wcV2kjq6urNu55KmMU8QjVVBiQ6wdoJozSh1uyxNcuU,,Water,Normal,Purple,3D
1067,0.05,231,91.48,https://magiceden.io/item-details/5uPY1bAGTQ9WCnwAFbysD1wZiAtwqrzYYUpeDA6JAR6N,,Space,Pipe,Pink,Normal
1074,0.1,365,86.15,https://magiceden.io/item-details/99u1z9SZH75nS4cMGqYpqjyxZAAGndE5NLJWUnxiWScS,,Generative_Purple,Cig,Purple,3D
1077,0.6,87,91.16,https://alpha.art/t/12eqKg2FMZre6hqfN4r48UXFmNqVKZnqa2poqagyufFk,,Pastel_Orange,Spatula,Purple,Normal
1081,0.1,241,90.62,https://magiceden.io/item-details/HbfuUdTBPtAoxRjaQhVb2SA99AFXjkasfqc64fFpXBE1,,Pastel_Green,Knife,Bronze,Normal
1097,0.035,476,82.8,https://magiceden.io/item-details/46NKxjNYHFAY6NphpBWHJkFm923ECuoxgjn6BSccvXcr,,Great_Landscape,Gun,Blue,Normal
1100,0.5,589,74.07,https://magiceden.io/item-details/4WHGNhEgGEv1gWsAUQabtSAZUt1e1QBNrcoQ8Ex63TsB,,Space,Normal,Grey,Shades
1101,0.07,610,77.62,https://magiceden.io/item-details/CzWRUQ9dJM3L3ZU6yir9jn8rVdeTdgNVv1aGrm2jDVpq,,Pastel_Purple,Cig,Zombie,Normal
1105,0.29,105,93.62,https://magiceden.io/item-details/7PrT7BfNcJB2KtDchBzs9mzWAZqRVtCaYmwJ56F8HYkb,,Jungle,Gun,Silver,3D
1106,0.125,180,92.56,https://magiceden.io/item-details/BkGQGLaSQhsc5kZTENgKJoFLN9fDLVyFapv23dtxq7fR,,Pastel_Yellow,Cig,Gold,3D
1109,0.129,503,80.88,https://magiceden.io/item-details/7BmPvmeNJgmbiErpgqHyMLGVhHjnWDjxmw1PhuWgavqS,,Jungle,Gun,Silver,Normal
