id,price,moonRank,ðŸ’Ž score (%),storeURL,Background,Body,Clothing,Face,Hat
29,1.8,860,74.98,https://magiceden.io/item-details/767yU4MEWeUQDzphC4GS2oB3qqrpPpga8s2eM9vNkU3j,Blue,Blue Kitten Skin,King,Sad,Blue Cap
38,3,1796,46.08,https://magiceden.io/item-details/GTLM2ZNvJbKfjTWLhuHJR9hDqsLX3FFfZXvNyCEiMwyf,Green,Blue Kitten Skin,Yellow Overalls,Happy,Pink Flower
60,3,1804,45.94,https://alpha.art/t/JBvp4afitRd4PFLA4hqMmgJLNibRrDGTv888HSkjuPSr,Blue,Blue Kitten Skin,Epaulette Black,Devious,Red Bow
69,69,61,0,https://magiceden.io/item-details/5qhgj6cLZEHxqn2HMFbGkJzfRzvkf5J3ZZSZRTzn2fP1,Orange,Blue Kitten Skin,Tiger,The Cool Kitten,Golden Apple
74,0.95,1507,71.8,https://magiceden.io/item-details/7hMQSHhJq2gku1EEjN1HgyQJZrGhXQg5KudejRsDChXB,Orange,Blue Kitten Skin,Yellow Hoodie,Devious,Ninja Mask
76,1.8,2092,52.74,https://magiceden.io/item-details/9pwFqDzk3LiXXtebruXJbiHUWURTKeQsHSro13ePu8Fy,Beige,Blue Kitten Skin,Ninja,Hearts,Pink Beret
116,1,2070,61.14,https://magiceden.io/item-details/9VhEweChpogzfjuXyxVa82BWzm4WZ5MzweMfxNyoh4NP,Beige,Blue Kitten Skin,Star Shirt,Sad,Red Apple
117,2,1151,67.72,https://magiceden.io/item-details/9GAoJePqiDrUZxHPutePUaKEQH36Sh9gYVTWr4fVP64J,Pink,Blue Kitten Skin,Mononoke,Hearts,Sushi Hat
124,0.9,1002,81.41,https://magiceden.io/item-details/5CdBVE8udEvCB2YvE9yKRbBkdL4Ex5gGcVsLQnE1e83r,Beige,Blue Kitten Skin,Epaulette Cream,Sad,Gold Rings
125,4.5,296,58.16,https://magiceden.io/item-details/4zfofUpfHumnHPnA2kD1VL9sYj4wEdT7xjaKSJR6fWPF,Violet,Blue Kitten Skin,Purple Sweater,Devious,Naruto Bandana
127,1,1701,67.8,https://magiceden.io/item-details/3ZkAyogwvHESKfFXuwW4p6qTbBQAZFYf8UViNRHrVqKW,Blue,Blue Kitten Skin,Suit,Blue Shades,Frog Mask
140,50,321,0,https://magiceden.io/item-details/AMyDpkZxJP5mRz6dR5wNNyGb7LbZAsFA4UWc3uP58Rq4,Violet,Blue Kitten Skin,Epaulette Cream,Sad,TV Head Static
144,1,1235,76.21,https://alpha.art/t/29ZdRzxvRW2TEmiZ5NJEVBku7wLEAK4cTvyPSZKgMupG,Green,Blue Kitten Skin,Purple Sweater,Devious,Pink Flower
152,3,1505,51.33,https://magiceden.io/item-details/23pW2c1nSW1YFMbnQ2SBbEzNL7aCyg9FHACHjsKnyEWe,Orange,Blue Kitten Skin,Yellow Overalls,Devious,Red Apple
164,1.5,582,82.99,https://magiceden.io/item-details/7qfzKrXJtNxWWhWwKtkyoAavw37ZWZztKP9MZtkE2xRj,Violet,Blue Kitten Skin,Pink Hoodie,Happy,Purple Butterfly
182,1,1616,69.33,https://magiceden.io/item-details/6sN42u2oRPYF4CcbnCSNwu2NikGbV8q3FX9ocgX4RnLe,Pink,Blue Kitten Skin,Red Bandana,Blue Shades,Red Apple
183,1.1,1867,63.8,https://magiceden.io/item-details/68AU1qGvPV9T9a8vCQNVFXh2LMgLjXcPkofAkrnjaSZQ,Green,Blue Kitten Skin,Flannel Red,Sad,Medieval Helmet
196,15,731,0,https://magiceden.io/item-details/zsUF21PvzrTrdKBmuBYssF6Zh4Z42rN7DAS3PVqxF5k,Violet,Blue Kitten Skin,Yellow Hoodie,Sleepy,Pink Captains Hat
200,1,1574,70.09,https://magiceden.io/item-details/EVWgJhEydVaXHWrHF8NTuCwbJ84QhYCdDey5uz8hqLPF,Green,Blue Kitten Skin,Flannel Black,Hearts,Frog Mask
220,1.95,2185,49.56,https://magiceden.io/item-details/6DNy2BhBTT5UzTN2DPBU8u3w6Qf2JYcho2wMppbnmYkY,Beige,Blue Kitten Skin,Epaulette Black,Blue Shades,Red Apple
225,1,1607,69.49,https://magiceden.io/item-details/7NxTiUX6QGkA9jsJRxM2rbPPfzPYNo9VbCYeHnb77Dnd,Beige,Blue Kitten Skin,Mononoke,Happy,Gold Rings
231,3,884,62.54,https://magiceden.io/item-details/5ufoAc58LMva7XmVFokZyQDggABujTHDciiRKpitTbQu,Orange,Blue Kitten Skin,Tiger,Sus,Naruto Bandana
241,1.75,1330,66.99,https://magiceden.io/item-details/DUXkoiyoEDkmneFecRjGDaGUK8oK8x8ev9xYFNVbjSpJ,Pink,Blue Kitten Skin,Ninja,Hearts,Purple Butterfly
244,16,583,0,https://magiceden.io/item-details/5xHku8wSSvcibcKGNJ5KjJ8x73AGqKh1SPoMuRb9fDzH,Purple,Blue Kitten Skin,Epaulette Black,Sus,Pink Beret
257,1.33,1546,67.29,https://magiceden.io/item-details/HtcjG2vyeP2xCzFBKE5kRYEf7VQWfN4qGFE1QNTRVMcW,Orange,Blue Kitten Skin,Mononoke,Devious,Pink Flower
276,1.97,455,80.59,https://magiceden.io/item-details/68r6HZ5w5SE8671MoCoaygw12MhR7sjG47bssCePWJ4n,Green,Blue Kitten Skin,Suit,Hearts,Rainbow Unicorn
284,2,1928,53.7,https://magiceden.io/item-details/EXgMvzHT9NTR3hFLcodMJXq8YDWda8Xic7ZiG4b13hxw,Blue,Blue Kitten Skin,Star Shirt,Devious,Blue Cap
295,150,1871,0,https://magiceden.io/item-details/39fCjbqvDXdAowCt5RX3br8Wt9RH5vBqAeWHNmcZRuSw,Green,Blue Kitten Skin,Epaulette Black,Blue Shades,Pink Beret
297,4.6,866,46.87,https://magiceden.io/item-details/DC9gnbuTCrGvjBh7wnxxQ7zqnKcsRmapXyxqksrazeif,Green,Blue Kitten Skin,Tank Top,Cat Face,Ninja Mask
331,1.07,606,86.86,https://magiceden.io/item-details/J9ef9qQPHfH1t476siR6oTLdgjZN16UPXvwkHdDhxiL4,Violet,Blue Kitten Skin,Epaulette Black,Cat Face,Red Bow
332,2,645,76.86,https://magiceden.io/item-details/BBfzVDJrTkp1RmuUFeQRMGSY8GwF3scPzkBmCaHEKwEL,Orange,Blue Kitten Skin,HotDog,Happy,Purple Butterfly
334,2,1932,53.63,https://magiceden.io/item-details/HoPCmeVqDRrsVxD6eMrdmGUuVpymmEzdRCxjVCXWKSUa,Blue,Blue Kitten Skin,Suit,Hearts,Red Apple
337,1,1210,76.66,https://magiceden.io/item-details/378HAJ8Si16s3uiePCX3DVsZHPpfkF32tXrGL8PC8EN4,Blue,Blue Kitten Skin,Flannel Red,Gamer Goggles,Pink Captains Hat
341,1,1509,71.26,https://magiceden.io/item-details/HLukLV476MzRdJcJCXoDC7wkswyYNLEpjTyPUiXMZCqi,Orange,Blue Kitten Skin,Suit,Hearts,Pink Captains Hat
344,8,239,24.19,https://magiceden.io/item-details/FZnvKz7ek7XN4N98pmtDPfsRyjXLXsxcjj5USMfohTM5,Orange,Blue Kitten Skin,Red Bandana,The Cool Kitten,Pink Beret
365,1,1292,75.18,https://magiceden.io/item-details/8qyi7qFeZsuEe1wtRfx1J5sQ92kA3UhA1aSLSFBkinqw,Green,Blue Kitten Skin,Mononoke,Sad,Gold Rings
374,2,143,85.92,https://alpha.art/t/6BirH1W9CtoAi9H3Laq4ocim72CQpq7AwagCbbrS2M75,Violet,Blue Kitten Skin,Tank Top,Gamer Goggles,Pink Beret
388,0.91,2129,60.97,https://magiceden.io/item-details/9w2o7zmqZX7oLYnKs59nsXg5rXqBHyGo9YWsnS8E5FNr,Beige,Blue Kitten Skin,Red Bandana,Blue Shades,Medieval Helmet
392,2.5,1212,61.62,https://magiceden.io/item-details/8W3gPgQEF9UicCqJHkdAMGsh8sXZPEfSQTzUNrxL2ipx,Blue,Blue Kitten Skin,Star Shirt,Hearts,Naruto Bandana
400,1.93,1384,64.22,https://magiceden.io/item-details/EEJ8dnxpmrm1F3pbsDhkuJZdCT8V1ZCo1NKGcGSWQyZ,Orange,Blue Kitten Skin,Ninja,Hearts,Pink Beret
434,2.2,473,77.96,https://magiceden.io/item-details/FnEwQyxgnKU6pF8TLJEG4kWBmdMzqL7LDmpb98ZoyMr4,Purple,Blue Kitten Skin,Flannel Black,Happy,Frog Mask
443,2,383,81.59,https://magiceden.io/item-details/FEvgveRxRhuHHhfgybEAVz5xHg6iFbZCNJtDuGykrz9M,Beige,Blue Kitten Skin,Tiger,Happy,Crown
452,3,1925,43.75,https://magiceden.io/item-details/3XsMHNhY2MWt9YL9sS19C2pbW7sgT5ni8kttXp3fu5XR,Blue,Blue Kitten Skin,Flannel Black,Hearts,Pirate Hat
453,5,1357,34.01,https://magiceden.io/item-details/BAxjJ3Lm2STBqn6fBFTZehC3L3CZzM3F5gyehwiTyJbC,Green,Blue Kitten Skin,Tiger,Devious,Naruto Bandana
477,3,600,67.67,https://magiceden.io/item-details/9LxgcunRHhFGAb5MaHn2qrjB9TcAapLngWFKy39S7Yb6,Orange,Blue Kitten Skin,Yellow Hoodie,Sus,Lizard Scales
478,0.9,1614,70.37,https://magiceden.io/item-details/9g2a1pANNRcYqgNcCd7yqaXtGNd1Hpyb7MbqkqBhsUVV,Green,Blue Kitten Skin,Tiger,Sleepy,Pink Beret
493,5.1,127,55.21,https://magiceden.io/item-details/9Dc7zAHoSKMeX6gk8zyWJQwSd1vGSXouwPVnUdgsEf5S,Gold,Blue Kitten Skin,Knight,Sad,Red Bow
502,1.4,257,89.86,https://magiceden.io/item-details/CdKLQXKcijQWyPjzGgAVQjKCKP4CSGLHPkrQV1rZEQAK,Green,Blue Kitten Skin,Star Shirt,Squirtle Glasses,TV Head Static
548,1.95,1717,58.01,https://magiceden.io/item-details/3FSjaMBTneR8VCsh4LDYZn4r1z7JVxZtiL9isAFsr4Sj,Blue,Blue Kitten Skin,Red Bandana,Cat Face,Ninja Mask
560,2,613,77.44,https://magiceden.io/item-details/6BQ1mjsWmMnKC6vf9KU7e6frXMywnGTZoEwJJ5iLNFqs,Blue,Blue Kitten Skin,Red Overalls,Hearts,TV Head Static
569,1,2086,60.85,https://magiceden.io/item-details/7TgfG9k89cy2hRc1pzsSztF3Sige91WziLVE6DXdxDQh,Beige,Blue Kitten Skin,Knight,Happy,Ninja Mask
573,0.89,1431,73.77,https://magiceden.io/item-details/9FC8BU33waJq63gSUCWdcQEfqncCu5xXyzRVjrLBsQaB,Green,Blue Kitten Skin,Mononoke,Cat Face,Pink Flower
600,1.95,1525,61.47,https://magiceden.io/item-details/G8WEfbCmX31iVQUKM2JpaehR9mYx9Qi1mcUq1wWSPwqt,Blue,Blue Kitten Skin,Suit,Hearts,Frog Mask
603,1,1532,70.85,https://magiceden.io/item-details/EbktNSt4LrZdKxhK1Q9Lqi6aBwvwGeM1V1q7A5DGRUaH,Pink,Blue Kitten Skin,Flannel Red,Hearts,Red Apple
611,1.91,1584,60.81,https://magiceden.io/item-details/9u8axUpSjcxJPUjAtXZEpDdJ5wCavsxPHFBRvLeaNyQj,Pink,Blue Kitten Skin,Red Bandana,Blue Shades,Pink Captains Hat
626,1,1118,78.32,https://magiceden.io/item-details/FFNNKhMdZyAzWXMrvzhrTkrGuv8n7haHvsTjTouHhddB,Blue,Blue Kitten Skin,HotDog,Devious,Red Bow
631,2,1750,56.91,https://magiceden.io/item-details/HZqX3yU9PWiYrXwmf1o7MUPWTGMNkAhESXTSaUbdjhee,Blue,Blue Kitten Skin,Red Bandana,Sleepy,Egg Mask
635,3,218,74.56,https://magiceden.io/item-details/2qGnBFHirNxWgfZQ3Fc5TMSKuQ6sGbPfKVtwvfycGwoc,Pink,Blue Kitten Skin,Ninja,Beard,Pink Flower
638,1.5,43,92.72,https://magiceden.io/item-details/BK3jvRZusah5sUoBWB75iUQfSPh5CNg7q2B9A71SK9on,Pink,Blue Kitten Skin,Green Sweater,Diddo,Purple Flower
643,1.25,165,93.02,https://magiceden.io/item-details/CjTqSexKHXdsY7cEQ2MKAZf8qzJ6727NXL9Myb6hwWmL,Violet,Blue Kitten Skin,Green Hoodie,Sleepy,Pink Beret
646,9,748,5,https://magiceden.io/item-details/7kX2sxurxAooyTEcZqR914xS3tQxkLCvoe3m9RxLN9zU,Pink,Blue Kitten Skin,Epaulette Black,Gamer Goggles,Pink Captains Hat
661,3,1746,46.98,https://magiceden.io/item-details/76i4QuYycNTCQGuBapo5SZf2iCzuMxJ1v4zKDuRRZGq,Blue,Blue Kitten Skin,Ninja,Blue Shades,TV Head Static
665,1.9,1917,54.9,https://magiceden.io/item-details/AMPCbUZ9PrD8zpMn4MCWVtEDgWwwLCZCiQJe5iNCdGSc,Beige,Blue Kitten Skin,Pink Hoodie,Blue Shades,Candle Hat
674,1.85,1269,67.09,https://magiceden.io/item-details/BP8xTfRgeP4nuweaKBozrstoiUHUhqQm7LPa4dT74aYX,Beige,Blue Kitten Skin,Red Overalls,Sad,Blue Cap
679,2.99,1087,58.98,https://magiceden.io/item-details/BYsxUxGBWRXibkRiSXuLYaUCGRYQKe5dQ5ShwVGcvhiJ,Beige,Blue Kitten Skin,Yellow Overalls,Sad,Golden Apple
688,1.8,1396,65.3,https://magiceden.io/item-details/4EswSU6YubjLCMyvkMgQak199Qm9QUwCmZykZ7EaLS6k,Blue,Blue Kitten Skin,Pink Hoodie,Happy,Pirate Hat
691,14.2,1432,0,https://magiceden.io/item-details/31uhEUxv1wuupLbcz2GkpZxBG3DnyZ7Myuh4P7qqkmAX,Beige,Blue Kitten Skin,Suit,Gamer Goggles,Pink Beret
700,5,711,45.67,https://alpha.art/t/6s4DaJgmGNDSpzrnh87BnHiAoQgNcNGiEVsJENZuxg7o,Blue,Blue Kitten Skin,Yellow Hoodie,Gamer Goggles,Red Bow
702,7.69,795,17.25,https://magiceden.io/item-details/5TcLr2Y5x2tvLERC7Rdkf66PMuutscqSnpSvR2r4vHqW,Blue,Blue Kitten Skin,Epaulette Black,Happy,Golden Apple
705,2.4,1603,55.56,https://magiceden.io/item-details/6b2jdbx2LKcwF97SY2FZaWmZceTMWAeZqnBoRvurYtsB,Green,Blue Kitten Skin,Ninja,Hearts,TV Head Static
707,1,2127,60.11,https://magiceden.io/item-details/2Re4WKUXQPFAWCRS1V7o7WnxL7T3QcJqBkcVkD7zXUkB,Green,Blue Kitten Skin,Yellow Overalls,Blue Shades,Ninja Mask
711,0.9,530,89.93,https://alpha.art/t/EBH8GwAAvj9EoowmHnAC9FLZHfiUN6hKHR2k5Xci8Cqq,Violet,Blue Kitten Skin,Yellow Hoodie,Sus,Purple Flower
716,4.33,119,63.05,https://magiceden.io/item-details/5ndpj1fGgsiLe91bgkdGpHx1MfZz465dZNehTwxh43Vy,Beige,Blue Kitten Skin,Flannel Red,Beard,Ape Mask
747,2,234,84.28,https://magiceden.io/item-details/3ijLYGn2AhhT1WFZJqb9nsYDbfs35EN3QKk4gKZmwg9Y,Green,Blue Kitten Skin,Black Ops,Sleepy,Ape Mask
748,1,1618,69.29,https://magiceden.io/item-details/8Pqyz93939DEEDU5f69KvaaDRBHv45oVPEMJ3Pr16T6N,Beige,Blue Kitten Skin,Epaulette Cream,Devious,Red Apple
753,3,235,74.26,https://magiceden.io/item-details/EdcnboaBfCwGTgcEhYLAvZehYAjDVBWnpgTH8neGM1bd,Blue,Blue Kitten Skin,Red Overalls,Gamer Goggles,Naruto Bandana
758,15.5,1581,0,https://magiceden.io/item-details/CDjksj17CEcjZtdcpLk8a86WWT1ESMfKZX3vQ18gScAc,Green,Blue Kitten Skin,Knight,Blue Shades,Pink Beret
781,1.91,507,80.25,https://magiceden.io/item-details/6rE9ysJsrxZHQqnb8bV7ZiaUvEvJEUG7vEfNpo87c9c1,Orange,Blue Kitten Skin,Black Ops,Hearts,Egg Mask
801,1,986,80.7,https://magiceden.io/item-details/6nfAwY7JCpRG4mSqfnQYSe1FpKQbHnrQKq9mFHPn5UoH,Beige,Blue Kitten Skin,Green Sweater,Sad,Ninja Mask
835,3.5,189,70.09,https://magiceden.io/item-details/GCTEarAbdTsh4wQH9bcjZVQyed7tW4A7a7hJztC6Q14D,Purple,Blue Kitten Skin,King,Sus,Pink Captains Hat
864,7,20,38.14,https://magiceden.io/item-details/7k7oAbD6ESkKWjjicMdZMM7WZFa1ZT9qW7vnLcwbXv8D,Orange,Blue Kitten Skin,Tiger,Squirtle Glasses,Rainbow Unicorn
876,2.5,1823,50.59,https://magiceden.io/item-details/7LDzpt8na8gkFZZApqHXn9kuwTbueNRS9hxZ9WjjTKUg,Pink,Blue Kitten Skin,Ninja,Hearts,Ninja Mask
880,1.2,1147,75.8,https://magiceden.io/item-details/3M3xWSnDexfqvd8Nw4UwkmrEqXiGyCX3gkGmo6RzarTG,Beige,Blue Kitten Skin,Tank Top,Happy,Egg Mask
881,69,2120,0,https://magiceden.io/item-details/BpJgnhWyp9FgzeAzJsippAqEqQigHkTiZ1uicyfVqwAm,Green,Blue Kitten Skin,Flannel Red,Happy,Ninja Mask
882,2,306,82.98,https://magiceden.io/item-details/9MH5JkPc1AvJ8ZGL78HWKLARapp8JVgbFaZhQLugFvF2,Orange,Blue Kitten Skin,Ninja,The Cool Kitten,Candle Hat
884,5,364,51.93,https://alpha.art/t/Fs9g7DQSxWGVPkYnJgFh1nJtP6jr2VUqruU7XQ6owKDa,Purple,Blue Kitten Skin,Yellow Hoodie,Sad,Purple Butterfly
890,1,1780,66.37,https://magiceden.io/item-details/7ReWCPzE6ja73qQo9jLExGj2Wxdn26VGB4Tc2BnkC9PT,Beige,Blue Kitten Skin,Flannel Black,Happy,Gold Rings
893,1,1864,64.85,https://magiceden.io/item-details/658ehhJqFRZPCnVhY77wRAUSKpFA7kFKPxqSp1kvTNvY,Blue,Blue Kitten Skin,Suit,Sleepy,Egg Mask
894,0.989,1940,63.59,https://magiceden.io/item-details/BUXAy3ZXz7wvYjAafU7rAUuftEUb1h4JGFyfeBmzxDXe,Beige,Blue Kitten Skin,Tiger,Sleepy,Pink Beret
899,15,556,0,https://magiceden.io/item-details/3VcNWZGdTTVKY8XaANU1QYQYzFCmdwzDd51j6Ai9GLRS,Beige,Blue Kitten Skin,Red Overalls,Gamer Goggles,Medieval Helmet
910,7,200,34.89,https://magiceden.io/item-details/HszqmGNmukdG5x9fh1ksf2HrY2yLcoh5C2jkKmGkjh5P,Purple,Blue Kitten Skin,Black Ops,Sad,Pirate Hat
913,2,1772,56.51,https://magiceden.io/item-details/3yBBpJiPtg2AnUeKdSMitt4XvsCZ3bLSbudUpWkHU6c8,Beige,Blue Kitten Skin,Epaulette Cream,Sus,Ninja Mask
921,100,1541,0,https://magiceden.io/item-details/DtJ6McXRb1B2zvHQCjddrgouDD74YXLLagmZG34FN2TF,Orange,Blue Kitten Skin,Epaulette Black,Devious,Pink Captains Hat
936,1,1064,79.29,https://magiceden.io/item-details/6i4xuA2gxrYYQX43bwU1DMbfzPQhqeyeXQzWdbs591SD,Blue,Blue Kitten Skin,Knight,Sad,Gold Rings
938,2.1,1883,53.51,https://magiceden.io/item-details/ForLumEbYBEi2aXuqtJxJ1V2iE1RG3KUohudVzv2DhL8,Green,Blue Kitten Skin,Epaulette Black,Hearts,Pink Flower
941,8,224,24.46,https://magiceden.io/item-details/GjLDv18vWLK4VBLdZ4WM1d9LjqUAasQihidG9TrbJYEG,Blue,Blue Kitten Skin,Solana Hoodie,Hearts,Pirate Hat
946,1.95,2037,52.23,https://magiceden.io/item-details/4hZq5mnA358uc8B33QnA54Zr5iyUWq27TuGukToN8HKN,Beige,Blue Kitten Skin,Flannel Black,Devious,TV Head Static
950,69,6,0,https://magiceden.io/item-details/2eL7Lh5KABSS37fNeemZq3q6h2vBwti7WVKDZmpAq1Pw,Orange,Blue Kitten Skin,Solana Hoodie,The Cool Kitten,Pirate Hat
951,6,678,36.26,https://magiceden.io/item-details/DqJ7p64z25FLwwbvn42BASdCC9d2VMykXE4JQzFzAeHD,Beige,Blue Kitten Skin,Flannel Black,Sad,Halo
955,1,1011,80.25,https://magiceden.io/item-details/2vq1M6Rpw7G2f8cFjAdnRe8RFxmfKrybJBmZ8AXhGJAK,Violet,Blue Kitten Skin,Epaulette Black,Sad,Pink Captains Hat
962,1.69,604,80.7,https://magiceden.io/item-details/G3gMqkykGhs1YtUuTbEmXWgNsKMGo33udV14qjDFCJHg,Beige,Blue Kitten Skin,Green Hoodie,Blue Shades,Purple Flower
967,144,467,0,https://magiceden.io/item-details/AAQgJTFafHMhTerKCwcU9JJfaLt4caYYKDvW5vQmYTh,Pink,Blue Kitten Skin,King,Happy,Candle Hat
984,1.6,1380,67.59,https://magiceden.io/item-details/98mCsvxubq8aunbSmPquxDcaYfRWzRxhgZTKTzTT14Tn,Green,Blue Kitten Skin,Tiger,Sad,TV Head Static
986,0.86,1291,76.6,https://magiceden.io/item-details/Ax76Re2Q5RavEhvMrR2Gc8m2hJGTuhaoKYQPyR6buZSu,Pink,Blue Kitten Skin,Star Shirt,Sleepy,Pink Captains Hat
997,22,505,0,https://magiceden.io/item-details/4b3Ga5zPdZzh31AagfrpBzHPFZWYAGpeucX9E8kp3vi8,Green,Blue Kitten Skin,Space Suit,Blue Shades,Egg Mask
1010,0.99,2121,60.31,https://magiceden.io/item-details/FCSxphUxYXQyYsTZvzmEqCdfCWRCXTM21pCk5r3mojQE,Beige,Blue Kitten Skin,Ninja,Sus,Medieval Helmet
1027,5,382,51.6,https://magiceden.io/item-details/9rVJC7tTxL6LovKNMg8NSfYJGgEvJ292MEyUX7BSKF7M,Orange,Blue Kitten Skin,Black Ops,Blue Shades,TV Head Face
1043,1.1,1967,61.99,https://magiceden.io/item-details/R5ppuCPetxXMdfMpFLtMnxu4f7iKJYk5xeUxAnW64CJ,Green,Blue Kitten Skin,Suit,Sleepy,Red Apple
1069,1,936,81.6,https://magiceden.io/item-details/7TkRVu5GyAgnyZsKxsrUL6Ujg3icVTE3t4XNvDgccEHs,Violet,Blue Kitten Skin,Star Shirt,Hearts,Red Apple
1075,13,5,0,https://magiceden.io/item-details/HPMVh3BgsKMiugG1DXMVysK9LPPfdUuNxxmCQG8522ui,Purple,Blue Kitten Skin,Green Hoodie,Beard,Red Bow
1113,1,1915,63.93,https://magiceden.io/item-details/5NcTqqg1wrMvUkFi7ScuCHSe74JkAjSAM3WWRXxCyxf8,Blue,Blue Kitten Skin,Yellow Overalls,Blue Shades,Pink Captains Hat
1133,2.5,1518,56.1,https://magiceden.io/item-details/AesjvRrpa7oRbCqTabQBSxgVmV9N84mDDXTyF1UmrjFm,Beige,Blue Kitten Skin,Red Bandana,Sleepy,Lizard Scales
1142,1,949,81.37,https://magiceden.io/item-details/DLM43Tu5VgawyxfM6KJ3jy8GXmDpZXhVpm6vTcKq9mrG,Green,Blue Kitten Skin,Purple Sweater,Sad,Red Bow
1151,1,1178,77.24,https://magiceden.io/item-details/35m3JbkrABBhdx4aFb6obJKDjpBuntntGjPoRZvGRHc8,Pink,Blue Kitten Skin,Tiger,Sad,Pink Beret
1166,1.5,314,87.83,https://magiceden.io/item-details/FYs45qfXjCmMJHCArnwMs1gTW99Xc5ZefDT8ofbSDy52,Pink,Blue Kitten Skin,Suit,The Cool Kitten,Red Apple
1183,5,28,57.99,https://magiceden.io/item-details/Euq7b3XWrhDLixRGfgvaZ2HB3k88ya5HKE6ad8WtmAhV,Orange,Blue Kitten Skin,Green Sweater,Sus,Space Helmet
1186,7,1344,14.24,https://magiceden.io/item-details/7hJio55FYnU59K5EQWSnGrPp76FhDZbhNcxa162AVEJR,Orange,Blue Kitten Skin,Mononoke,Sad,Pirate Hat
1188,2,1479,61.8,https://magiceden.io/item-details/A9tnX8jYMsawawXUMTPzAFftK84QNXDMN42wtrAs8oYV,Blue,Blue Kitten Skin,Red Bandana,Devious,TV Head Face
1191,1,1977,62.81,https://magiceden.io/item-details/69eMz59dZqjxZPZeVZ4jgnW6zYnDQ88Tbytntq61mQSp,Blue,Blue Kitten Skin,Suit,Happy,Blue Cap
1197,1.5,2216,53.5,https://magiceden.io/item-details/ByKkdsMFTjSwfTPJqY9mB8orLrwjoUyMVGUP1pwRCxzi,Beige,Blue Kitten Skin,Ninja,Blue Shades,Ninja Mask
1229,1.9,2060,52.32,https://magiceden.io/item-details/68vnZ2yjBYv7y5BEZHDjqQVgaKEeTUtokaqpSZnex6iu,Beige,Blue Kitten Skin,Yellow Overalls,Blue Shades,Purple Butterfly
1233,1,2094,60.7,https://magiceden.io/item-details/8vEE6k9ZcH41od6QqYfohuP4bekK4nPdnbFbThhC8gof,Blue,Blue Kitten Skin,Flannel Black,Devious,Blue Cap
1239,4.5,320,57.72,https://magiceden.io/item-details/7At5uT9XWQ3rReuFWfH3mGeaVdLWznNYc94pEwWVWZ6c,Blue,Blue Kitten Skin,Ninja,Happy,Crown
1280,5,416,50.99,https://magiceden.io/item-details/C6YWghT89gJUdRoxDDh1TctcdpxLyyETQpJw9rELzQRP,Green,Blue Kitten Skin,Mononoke,The Cool Kitten,Pink Captains Hat
1295,1.49,1335,69.5,https://magiceden.io/item-details/Dd7mKTy4xrFmLXTog1SPhraProDTqQohnEwLfRQJF5NP,Orange,Blue Kitten Skin,Flannel Black,Blue Shades,TV Head Static
1297,1,1215,76.57,https://magiceden.io/item-details/5JMA7DBkjMc2bdK6cXNThdmHquFvchJxDYpufvgKXgti,Green,Blue Kitten Skin,Purple Sweater,Blue Shades,Pirate Hat
1324,5,2134,19.98,https://magiceden.io/item-details/9SuuHCyhXUtYUBwTXX6krukNSPMrdCkaPjKkwFQhzbze,Beige,Blue Kitten Skin,Flannel Black,Devious,Purple Butterfly
1338,100,30,0,https://magiceden.io/item-details/Gv1MrWMMvaMTfJNAfH1TcagmDcztDhq4Ax2G2WX8PoTG,Beige,Blue Kitten Skin,Solana Hoodie,The Cool Kitten,Medieval Helmet
1352,1,1242,76.08,https://magiceden.io/item-details/7tzx1vVjEXD8quVnxYn2DLgHVAE4j9gLcQCygpHbXvGn,Green,Blue Kitten Skin,Star Shirt,Blue Shades,Lizard Scales
1358,1.9,51,88.58,https://magiceden.io/item-details/FrYWwe3bXjs7ixFUUY4tVAEXgzNDHRmhTgCewW67f9mr,Gold,Blue Kitten Skin,Tank Top,Sleepy,Egg Mask
1374,5,146,55.86,https://magiceden.io/item-details/BpC8jyUoUmU2BVqN7XYA9z216XivXBmQzNgchuYudq3w,Beige,Blue Kitten Skin,Epaulette Cream,Beard,Purple Butterfly
1389,3,1044,59.66,https://magiceden.io/item-details/LfGUb4xFzN2fKWoYXU9DMk4na5RhiCAFW72at3Umv1E,Beige,Blue Kitten Skin,Yellow Overalls,Happy,Golden Apple
1390,1,1679,68.19,https://magiceden.io/item-details/7HeqMrUayws9kRMMw3fZeGA2e64VGghEvVbqDL6c9Egz,Blue,Blue Kitten Skin,Yellow Overalls,Sus,Medieval Helmet
1392,3,1116,58.36,https://magiceden.io/item-details/GtcHxr7udFhtxsNQwL9ofGh5y6QMBDqC6XndjGeLaWq8,Beige,Blue Kitten Skin,Epaulette Cream,Sus,TV Head Static
1432,2,1319,64.69,https://magiceden.io/item-details/Apmy4Bvo5LQjV8Tfxpf1dQXzJsstcUQKNJhDnEzF7YTp,Green,Blue Kitten Skin,Flannel Black,Gamer Goggles,Blue Cap
1462,8.5,83,22,https://magiceden.io/item-details/3eLAkTA7M6MoYEK3Dwz3c9682BvgEMQT6HVemGGo1H9u,Gold,Blue Kitten Skin,Knight,Devious,TV Head Face
1523,1.97,928,72.05,https://magiceden.io/item-details/5UieRRV6aYqZrHotzzrCdVT7XXGQKd1qWwjFe7r7zDiM,Green,Blue Kitten Skin,Purple Sweater,Sus,Sushi Hat
1535,4.44,1282,40.96,https://magiceden.io/item-details/BqdtmXoiTSGaYCASsHkRJ4ZnjwMMvTsSR4Az4VF9yopG,Pink,Blue Kitten Skin,Flannel Red,Blue Shades,Frog Mask
1541,2222,1126,0,https://magiceden.io/item-details/GvvB213BZMLhkmDhsAyuXBNbQQ7xWWJAXTS97VVUjEGk,Pink,Blue Kitten Skin,Star Shirt,Sleepy,Sushi Hat
1542,4,1844,35.21,https://magiceden.io/item-details/HV6fHX4gZRQ5GKvH9pxZGN3YsEKABvSep3k6bdPo7Lmb,Green,Blue Kitten Skin,Yellow Overalls,Blue Shades,Medieval Helmet
1561,1.1,688,85.08,https://magiceden.io/item-details/HQnHarTNy9CscejCTX1AC1XgAJ9hDnii53jYSzMgawTf,Purple,Blue Kitten Skin,Ninja,Devious,Purple Butterfly
1562,3,1420,52.87,https://magiceden.io/item-details/4THmQmjzbutbLRkRoq5V61HHWLpGH9vTMeUbBPoZZNXf,Orange,Blue Kitten Skin,Red Bandana,Sleepy,Pink Captains Hat
1590,4.4,311,58.89,https://magiceden.io/item-details/7BAfwv4vcbUL7hRKj3xJ5Ei1mZgcZptdQBJyEZ7RFqLU,Green,Blue Kitten Skin,Tiger,Devious,Crown
1626,1.95,1770,57.05,https://magiceden.io/item-details/BECxTEZVf3ngetfm2py5BKb9fJKu4burdFJo7TuKXxCz,Beige,Blue Kitten Skin,Knight,Cat Face,Ninja Mask
1627,1.1,1627,68.13,https://magiceden.io/item-details/HDdbsoUiYVCvMM3vnkdUtApkK9fo7kGqpUC7DEdkuwuH,Blue,Blue Kitten Skin,Tiger,Sus,Red Bow
1637,2,451,80.36,https://magiceden.io/item-details/6DhaLYoFNxMYLyptYpnujst9KevRpfeHgnN92a9Prt6R,Violet,Blue Kitten Skin,Pink Hoodie,Gamer Goggles,Ninja Mask
1642,8.88,322,13.89,https://magiceden.io/item-details/FLkUJ9is9ckxD9SDjbtneMfHfMYrDXejnrzavGEepjbo,Violet,Blue Kitten Skin,Flannel Red,Hearts,Ape Mask
1658,4,98,66.73,https://magiceden.io/item-details/GHBBQrieNJ5ZA8F1GBpDdABAcQD6PHjoMR4dJfDgRasa,Beige,Blue Kitten Skin,Green Hoodie,Diddo,Gold Rings
1676,4.44,924,47.42,https://magiceden.io/item-details/6RKT7U6rsVwdq7jzHAWqKH6HNMq2z5WDDQK7WMAtX1pr,Orange,Blue Kitten Skin,Pink Hoodie,Sleepy,Pink Beret
1700,0.85,1515,72.65,https://magiceden.io/item-details/DbtUSevN2gi7dzESvRm4ffYmGHmcNQN3Dk6FWBZPSRg1,Orange,Blue Kitten Skin,Red Bandana,Devious,Candle Hat
1716,1.65,114,89.94,https://magiceden.io/item-details/4vhgjG6UHxv8woMzxyvHCYjL1FUZapLNvUVugg8BodWx,Green,Blue Kitten Skin,Epaulette Cream,Beard,Candle Hat
1760,69.69,211,0,https://magiceden.io/item-details/8VazTwGuMLAhgRsjgthZVz5g278e91UYTd9TpQKHmR8i,Green,Blue Kitten Skin,Ninja,Gamer Goggles,Rainbow Unicorn
1763,1.8,1729,59.29,https://magiceden.io/item-details/EbVG4CJk1nsmS5F7UF5LPK6niCSdeGgCsgyXJAkip652,Green,Blue Kitten Skin,Tiger,Devious,Red Bow
1765,3,1945,43.39,https://magiceden.io/item-details/9xW4QcHt2i1wmvbFtJfHwfx8JCrGHMEHgoeVoc7Lr98s,Beige,Blue Kitten Skin,Epaulette Black,Devious,Purple Flower
1769,1.9,1635,59.99,https://magiceden.io/item-details/5KrPfWMDfTJ7KCMyGR723iGhnuXbsNV1wBYMe4Ven2ho,Blue,Blue Kitten Skin,Flannel Black,Sus,Purple Flower
1799,4,1169,47.4,https://magiceden.io/item-details/9QqfYJ9s9Y7dP5sYth7Mg4eBXaiAMDMZuYhBrguaww3A,Pink,Blue Kitten Skin,Knight,Blue Shades,Medieval Helmet
1826,2,94,86.8,https://magiceden.io/item-details/3XXgi5PtfYPARH8DBe5atZ5VtvXDRne3oxda5664B214,Pink,Blue Kitten Skin,Yellow Hoodie,Beard,Egg Mask
1827,1.2,405,89.19,https://magiceden.io/item-details/6nycVSbeamhN46w5mcZsDBaTvo9Y7XuBZhXkopWg9ipn,Blue,Blue Kitten Skin,Black Ops,Sleepy,Lizard Scales
1834,1.1,1254,74.86,https://magiceden.io/item-details/7eWPKyjwWK3hrVtaPC63iQ7eQbxhsw7ftHbwf1Fh3LXX,Beige,Blue Kitten Skin,Epaulette Cream,Hearts,Sushi Hat
1846,0.99,1890,64.48,https://magiceden.io/item-details/BbwdBJm81VHoSrQKZDruLa4iJ3EczqW2noJUDBsRoTMz,Beige,Blue Kitten Skin,Tiger,Hearts,Sushi Hat
1853,1.75,2023,54.48,https://magiceden.io/item-details/D6M6Mcuez1pVzQ3HvTxaJJjXiXkEuuRQstaBnhanf3JZ,Beige,Blue Kitten Skin,Tiger,Happy,Pink Captains Hat
1864,1.5,1371,68.75,https://magiceden.io/item-details/H69ik7guuPYpBDkRNj2kuF3gS3erWrPUkN8rxdLMBU74,Blue,Blue Kitten Skin,Mononoke,Hearts,TV Head Static
1880,15,118,0,https://magiceden.io/item-details/GfLjQFRAstty5CE963uSKy3o2F6vcYWoEyHexWUzuSq,Gold,Blue Kitten Skin,Knight,Hearts,Pink Beret
1887,1.5,1222,71.44,https://magiceden.io/item-details/CDb8DRvX7ckxoADSW1s92UhL6gxgxoxpXqnhnpYdQzGZ,Blue,Blue Kitten Skin,Suit,Happy,Lizard Scales
1911,1.3,409,88.12,https://magiceden.io/item-details/5fT9WfR9k74TVEsqooL9tvYNji8uE9uGSwcVaPtzFaEU,Orange,Blue Kitten Skin,Green Hoodie,Blue Shades,Blue Cap
1929,1.25,2170,56.83,https://magiceden.io/item-details/97eLQ8VwxbgC2igxWRB74njBmJpnrYcBhjhwW4ZCDEzg,Beige,Blue Kitten Skin,Flannel Red,Sus,Pirate Hat
1937,1.85,1019,71.61,https://magiceden.io/item-details/ErdEfev2H1WAbjokDWFS8x4RWmay7We4Jmj2dvJBfbgA,Beige,Blue Kitten Skin,Epaulette Cream,Cat Face,Candle Hat
1945,1.9,1695,58.9,https://magiceden.io/item-details/HT8eUTmg1JfjHF6DeNc7f83iZ3t5CqMmmHACMM9dNt4m,Blue,Blue Kitten Skin,Mononoke,Sad,Egg Mask
1953,69,589,0,https://magiceden.io/item-details/HYQBoe7oXV8m5KLLtTPXSseCD32mzomPYAHJuyqaUZmh,Green,Blue Kitten Skin,Black Ops,Hearts,TV Head Static
1959,3,864,62.9,https://magiceden.io/item-details/EMPBKKaXWgxJVs1EriPt6tD3feENfcAkpKhVB3RJFDTQ,Beige,Blue Kitten Skin,King,Devious,Frog Mask
1963,1.2,1315,72.76,https://magiceden.io/item-details/H243P33cG1cJ6vYBu9aVHVngView4MjAzQaci9t6eY5t,Beige,Blue Kitten Skin,HotDog,Sus,Purple Butterfly
1969,5,637,47,https://magiceden.io/item-details/EQQfrPwzN3LhHKRiPLrUx7hNouui8LgB4y6T6PW7s5DA,Beige,Blue Kitten Skin,Epaulette Black,Diddo,Gold Rings
1983,20,310,0,https://magiceden.io/item-details/9PUvNxNaZF3qdk2DuyWBHh4yqNEsP5CieC7n2ArTjwZA,Orange,Blue Kitten Skin,Flannel Black,Diddo,Gold Rings
1990,1.95,1564,60.77,https://magiceden.io/item-details/CppVPRr9se3W3WpYGTZH4chdnjf5ZWBQMGoStLwL32wu,Green,Blue Kitten Skin,Flannel Red,Hearts,Frog Mask
1994,3,58,77.45,https://magiceden.io/item-details/Dqt6NCoQGYdnLnNigxrgW6jyu2y8LsUzoovmrYqnJaiS,Violet,Blue Kitten Skin,Solana Hoodie,Sad,Red Bow
1996,1.111111,1137,76.87,https://magiceden.io/item-details/7J87heMpVJMWcJGuVDLAiMsKMvZnf73DtQN8twRktSMW,Orange,Blue Kitten Skin,Pink Hoodie,Blue Shades,Egg Mask
1998,2,328,82.58,https://magiceden.io/item-details/AWox92iFWj8NXptTa163gaECQqZKKLYksm9GbDzvNarA,Green,Blue Kitten Skin,Yellow Hoodie,Blue Shades,Halo
1999,6.9,1436,13.58,https://magiceden.io/item-details/3c2Y1BXPtkknaM3NrHWa7UD48FHJrXwhcUYYVbeRep1c,Blue,Blue Kitten Skin,Suit,Hearts,TV Head Face
2016,2.3,1160,64.56,https://magiceden.io/item-details/7aRuVXCjMTL45q416fCSXrbtZLzY3RWEKEiriXN2egUD,Beige,Blue Kitten Skin,Flannel Red,Diddo,Pink Flower
2021,0.87,1878,65.9,https://magiceden.io/item-details/2foFdpfx1CrgLGrrTs6KihrvW9rxfJugrzYtoWE6Z1WW,Blue,Blue Kitten Skin,Suit,Devious,Purple Butterfly
2022,0.86,1909,65.44,https://magiceden.io/item-details/7s2HhwCvzdJjnACWRYjYbPvzaDXHzheAt7eLiFttkYGY,Blue,Blue Kitten Skin,Star Shirt,Blue Shades,Red Apple
2025,25,45,0,https://magiceden.io/item-details/8TLFm3KVhrS7jPzhMFfpkm9RjGrFkN3JU4k5mjMXZriT,Beige,Blue Kitten Skin,Green Hoodie,Squirtle Glasses,Gold Rings
2033,3,480,69.84,https://magiceden.io/item-details/CEfYRzckVEzsdV21NeAgChRCqhcBnCzLWDpiKcFF2wer,Pink,Blue Kitten Skin,Epaulette Cream,Cat Face,Candle Hat
2045,0.9,1565,71.25,https://magiceden.io/item-details/5TUr5tkecaPspwHzLuNWdVQkRHzerBsuHEUEsaHS4YfY,Blue,Blue Kitten Skin,Tiger,Sad,Sushi Hat
2061,0.89,1766,67.72,https://magiceden.io/item-details/7Dz1YVE1YF1JP1FBW3HCmjSVqUDBGXxBLunbvAArb3YK,Orange,Blue Kitten Skin,Suit,Blue Shades,Blue Cap
2085,50,991,0,https://magiceden.io/item-details/FPgoewgsDzVi49jFbbGzXWZLrt3Stmhmqb4fWyQFWY1q,Purple,Blue Kitten Skin,Ninja,Sus,Ninja Mask
2087,1.85,190,86.57,https://magiceden.io/item-details/uo6JmogUGm3JoZgvH67RwskX6taxoViye2DtqXfhRyD,Gold,Blue Kitten Skin,Epaulette Black,Sleepy,Egg Mask
2095,4.99,31,58.04,https://magiceden.io/item-details/9RwGhNDjKPSdheWifDzz3aAje5JGLopeUctYPsKKDdAn,Orange,Blue Kitten Skin,Space Suit,Cat Face,Ape Mask
2109,69,475,0,https://magiceden.io/item-details/4FPWZ8fNQ3qh3XwYGEyjdb8KhqNbNHWW6m56WtPWhEYA,Green,Blue Kitten Skin,Mononoke,Diddo,TV Head Static
2110,1.95,1230,66.8,https://magiceden.io/item-details/Bbu6ZCiSkpmprvVca9Qz1A6nXcNjFAXyfAdCyJMwin6t,Violet,Blue Kitten Skin,Mononoke,Sleepy,Ninja Mask
2125,4.44,2193,24.52,https://magiceden.io/item-details/657UHKpAMBsdMVSNiSnkgXkziHNqJ9qx2D7mbzYXArQh,Green,Blue Kitten Skin,Flannel Black,Devious,Ninja Mask
2133,4,315,62.81,https://magiceden.io/item-details/3RtWr4LoGmu56pLDWd7NL2FvLgUPFDkhtzc4gYoerY5z,Green,Blue Kitten Skin,Pink Hoodie,Blue Shades,Halo
2134,2,513,79.24,https://magiceden.io/item-details/7P7e2fVoYvAdvkZH86Tpdq1crkGZQku7Ua9raFbWUPGD,Pink,Blue Kitten Skin,King,Sad,Pink Captains Hat
2137,6,1392,23.37,https://magiceden.io/item-details/7S19ozThwn5HmcxsTZjjnbZW9mcnn66F8sGgb1Dy6orU,Violet,Blue Kitten Skin,Suit,Sleepy,Ninja Mask
2141,1.39,1255,71.95,https://magiceden.io/item-details/3dsB93BDusLaxFaWfBfaLjAGY99VvofqqiRZYDYDsKnV,Pink,Blue Kitten Skin,Tiger,Sleepy,Candle Hat
2200,3,1572,50.12,https://magiceden.io/item-details/5WMk8wYqzj4xZV7rA97WjmjCREB7fDxMcsWM8fg5SD6C,Orange,Blue Kitten Skin,Ninja,Devious,Medieval Helmet
2203,1.92,1361,64.73,https://magiceden.io/item-details/9XFPbi7XR3xgkihqrBJbfFUbD4fFjGepBdLd8cWof15R,Pink,Blue Kitten Skin,Red Bandana,Happy,Pink Captains Hat
