id,price,moonRank,ðŸ’Ž score (%),storeURL,Accessory,Background,Color,Eyes,Eyewear,Favorite Burnable,Fire type,Headwear,Mouth,Type
1,80,1826,0,https://magiceden.io/item-details/GEQiTFEPzKGMwUeGSjgRG5FX1qPowJXXwVwLmT5vLcKr,,,Green,Confident,,Paper,Flame,,,Synthetify
35,16,6029,0,https://magiceden.io/item-details/6ifTVv64o7C8YwyrpZrcgJSzT2bhYAw74kYzaNra9HJ,Necklace WAGMI,,Aqua,Smirk,,Oil,Firestorm,Halo,Angry,Standard
70,11.9,2466,21.14,https://magiceden.io/item-details/7b7apShP4wwhEnogTysrp3DF3EXD24j14aR3dg7Uk1LE,Necklace WAGMI,,Aqua,Wink,Solanasummer,Rubber,Haze,,Cigarette,Standard
80,9,9821,20.72,https://magiceden.io/item-details/5G6AXtZ5CNYrFEgFeDyxJhpMjau6ybp2ZcTQ3RoGe7SD,,,Purple,Laughing,,Ethanol,Smoke,,uwu,Standard
86,5.5,3889,79.44,https://magiceden.io/item-details/D2ohij2qcM3E8sW47g4yUhRDFhqXCyjZ3cPsRBphUYXp,Necklace Audius,Musical,Orange,Laughing,Glasses,Paper,Haze,,,Standard
97,50,1776,0,https://magiceden.io/item-details/FNTUcxL1dPfeDrK3wk6VUk17hLAGLhnf3fU3ax6uvU9Q,,Aurora,Pink,Laughing,Sunglasses,Rubber,Smoke,Ribbon,uwu,Standard
120,100,9663,0,https://magiceden.io/item-details/283hkftUWVQJB2RZ6ggnbtTxdwLJEZATP1ZdQDcTuGR8,,Hexagon,Red,Wink,,Wood,Neon,,Grin 1,Standard
194,11.83,8426,0,https://magiceden.io/item-details/3P96N5EkBSJYw7Sj4x2PhCMP3cSPvzT3iRsPjmiCJmbV,Necklace LFG,,Red,Bitcoin,,Paper,Smoke,,Smile 1,Standard
214,8.3,8956,31.18,https://magiceden.io/item-details/DVjS5JijH8yfaaTfnJ4vB1WEZQ3Cpuk3roxFUwFBmpXn,,Hexagon,Blue,Laughing,,Ethanol,Flame,Cap,Grin 2,Standard
235,50,7294,0,https://magiceden.io/item-details/A7xL3CdYHRMrfBTgRfDcHTDhn4pPam44dRMxBSjpk2yu,Devil wings,Fractal,Yellow,Smirk,,Wood,Neon,,Smile 3,Standard
236,200,1944,0,https://magiceden.io/item-details/Bgcy4ZekqMKRGQ8Z7x6bCLkQHgZ1fTzCtcYVerxLeht1,,Solana,Aqua,Confident,Sunglasses,Paper,Flare,Hoodie,Cigar,Standard
237,9,5970,36.12,https://magiceden.io/item-details/51nuGGvR9oL8zYZeVQaQjCNo25THoiJXazQkFfPcpWkr,Necklace WAGMI,Musical,Blue,Smile,,Rubber,Smoke,Headphones,Smile 3,Standard
256,66.6666,82,0,https://magiceden.io/item-details/7VjC7usgDmwg7gRd2zfJum6ptEgXPphLWnXCtiz443Gi,Necklace Audius,,Orange,Bitcoin,Pit vipers,Propane,Inferno,Halo,Indifferent,Standard
274,77.7,2852,0,https://magiceden.io/item-details/9oP5tjCzBWpAbp7DYXBfEX2gMsXB86dALJhvbLsnzN2h,Angel wings,Hearts,Red,Bitcoin,,Candles,Neon,Beanie,Grin 2,Standard
276,5.3,3768,81.93,https://magiceden.io/item-details/XUArcUhfRwyS17TKH3Tj85GnZvVzE3YQ4cV74n3tWLn,,Aurora,Green,Angry,,Incense,Flame,Top hat,uwu,Standard
282,11.9,609,28.56,https://magiceden.io/item-details/Fkufr3DDJ9t4prp7Ndx3wCtGCWbHojd2LDCXeqguoAXu,Necklace SOL,Musical,Blue,Confident,Sunglasses,Oil,Combustion,Toque,Smile 1,Standard
311,8.9,6216,36.14,https://magiceden.io/item-details/HVSaZRbLVUhqyCP4rRdrEXrBM5CVRvdThM5mtPVTUCnN,,,Yellow,Bitcoin,,Chlorine trifluoride,Flare,Cap,Angry,Standard
319,9.9,9939,11.24,https://magiceden.io/item-details/AYvT34F8itzbSJhdTQhsmH2U7uVsqxs6xh58qCiCV5Ku,,,Pink,SOL,,Paper,Flare,,Smile 2,Standard
329,25,102,0,https://magiceden.io/item-details/7MxGTA52xa3ijrmpSJ9SeKiLZeNNbximG8S4VL3HB3Yk,Necklace BTC,Hearts,Blue,Bitcoin,Glasses,Rubber,Inferno,,Angry,Baby
335,14.9,6705,0,https://magiceden.io/item-details/BC9TYqYaCZgBMC6sCyPxYDsY9pJ8N8HeDXb8Jtz7t7d2,Necklace WAGMI,Hearts,Purple,Bitcoin,,Incense,Flare,Cap,Smile 3,Standard
341,14.9,151,0.4,https://magiceden.io/item-details/8kuE1rMka1psWMaGonGPqgrXB57D2yt3qVuTmJdajA5A,Necklace SOL,Underwater,Green,Bitcoin,Matrix glasses,Incense,Firestorm,Viking,Grin 1,Standard
352,12,6685,3.26,https://magiceden.io/item-details/9DML7An5WiNQYR21jobQVQNT58F7QZLvw9EAU85xWV1L,,Hearts,Aqua,Smile,,Paper,Electric,Toque,Grin 1,Standard
356,55,7427,0,https://magiceden.io/item-details/6moCC9rZTmd7C2yvky4iuApzA6UT8PTU3EbZhxJAkTUi,,,Pink,Wink,,Candles,,,Smile 3,Standard
391,14.9,827,0,https://magiceden.io/item-details/HQP7Heeyi7fXm54fLBCDyUtKXmAFJUgEnBf19KCAysfp,Bowtie,Shooting stars,Yellow,Heart,,Wood,Neon,Cap Pyth,,Standard
397,13,5626,0,https://magiceden.io/item-details/6EETm1UkbZRWh9MjMgK42QycVv6Ks6iEzBore6E5tot3,,Aurora,Yellow,Confident,,Wood,Haze,Headphones,Pipe,Standard
421,10,7077,21.69,https://magiceden.io/item-details/pgxsqhQjqgAvvyRDgq3baXgRb9u4gFY38r2zJr3Scs7,Bowtie,Hexagon,Yellow,Smirk,,Ethanol,Zap,,Grin 2,Standard
443,5.24,8366,64.14,https://magiceden.io/item-details/FWk4Nt22Vw75WsSpjRaupb9CCYqkSGnrxKWPnsCTpsWr,,Stars,Green,Smile,Sunglasses,Wood,Neon,,Small,Standard
461,12,8649,0,https://magiceden.io/item-details/3xzywFwp8GXsqy7U3GQWoGo4nUuN1BGkp8TD4Dshh49Y,Lightsaber red,,Yellow,Smile,,Candles,Flame,,Laugh,Standard
509,7.69,9886,33.56,https://magiceden.io/item-details/BkAfVTgmeicthxpBDfSMvQF74g3RMn3XRVEhnNpiKhwU,,Stars,Orange,Smirk,,Candles,Flare,,Laugh,Standard
544,11,8452,6.19,https://magiceden.io/item-details/HZCwT6DEup166BAB5Dgv59nNWP1sRGQugspaFFcMdYa,Necklace Audius,Hearts,Pink,Confident,,Candles,Neon,,Smile 2,Standard
557,9.67,9543,15.13,https://magiceden.io/item-details/4pNS74jPCkNRLHzqeJFi7djQUUyb4yYW6bQCHL6TRkEr,,Light shower,Blue,Bitcoin,,Oil,Flame,,Grin 1,Standard
562,15,400,0,https://magiceden.io/item-details/BwAtMMspuV5DfFzfXDp1MLn9DM4ukcpSyV7mE4Axezwg,Devil wings,,Aqua,Angry,,Propane,Electric,,,Reflection
574,25,5945,0,https://magiceden.io/item-details/46Lx4Bdw3QwYnbjYtWQbK3Ahnh6rHWv7aQ4RPk9ucyrY,,Fractal,Aqua,Laughing,,Incense,Electric,Viking,Smile 3,Standard
584,8,7543,39.83,https://magiceden.io/item-details/6BgcSGwkb5H1hXwDqQS7CY6VwCE313LMXL31j1NHCJB7,,Hearts,Pink,Smirk,,Wood,Flare,Toque,Smile 2,Standard
594,10.25,1728,40.59,https://magiceden.io/item-details/68JMQRC7SciHGgqCvtPN38q81wWfPAFY43EYSYfp5NuZ,Katana,Solana,Pink,Confident,Sunglasses,Wood,Inferno,,Smile 3,Standard
631,6,6159,65.36,https://magiceden.io/item-details/6W2NSV5buJhpueRd3qYwNy7k1Bbf2wA2eQXw9z6WgBSR,,Hexagon,Aqua,Angry,,Oil,Smoke,Headphones,,Standard
694,10,910,46.36,https://magiceden.io/item-details/DJcbDKPLiVFvxSe5CZvvurriSkYYrdVZyQBdBDzNuKBu,Necklace BTC,Light shower,Green,Angry,,Rubber,Firestorm,Cap Phantom,Cigar,Standard
702,8.9,3099,48.6,https://magiceden.io/item-details/HPcYHuJxLqFMpvhhs1f679AZatQ3shJW2XqZAuxwY4A5,,Wormhole,Orange,Laughing,,Wood,Combustion,Hoodie,Pipe,Standard
721,6,3410,76.36,https://magiceden.io/item-details/D717j2iRZAq8MjPQQaYmhy1YKgvGXCTz5fPUkbz5btrU,Katana,Stars,Red,Wink,,Wood,Flame,Frog,Grin 2,Standard
731,9.1,4008,42.97,https://magiceden.io/item-details/Gb1Vrmwq6LnZJ9JisdNiap9END1pj3ZzHUP3ULjusnZC,Necklace Audius,Fractal,Blue,SOL,,Wood,Flame,Halo,Laugh,Standard
747,13,5629,0,https://magiceden.io/item-details/82jvtw2eb5MRzbodkYcdAvaFeq8ATF1PgdZVxhQUmXWf,,Hearts,Orange,Smile,Glasses,Paper,Zap,Cap,Smile 2,Standard
750,13,5763,0,https://magiceden.io/item-details/8zuHxVKvEnZz3bemWAzqRnPdLNkoSBcdabEP96K4hszk,,Fractal,Yellow,Heart,,Wood,Zap,Witch,Grin 2,Standard
763,5.5,3222,82.11,https://magiceden.io/item-details/BC3ao6sJPkqvmhzyd3WCNefBiGD6ozCq38HxZ8Lugsck,Necklace WAGMI,,Orange,SOL,Circle glasses,Coal,Zap,Cap,Grin 2,Standard
767,9.1,9819,19.72,https://magiceden.io/item-details/3YQamPqAYeLqKdjYJmZ1sUKnAMkKVaT48g7h2nH3QSYy,,Hearts,Purple,Smile,,Rubber,Firestorm,,Smile 3,Standard
780,10.88,7283,12.07,https://magiceden.io/item-details/6btZUEgJfrbPBgjeFGtPyqbPhDXydAHccvEVcAxVm1Gi,Katana,Stars,Pink,SOL,,Paper,Flare,,,Standard
784,9,9282,22.87,https://magiceden.io/item-details/3zx3BeVWao7ze5svvX797FaWpFRNVtHMdeTdirsPbSgP,,,Purple,Laughing,,Candles,Smoke,Witch,Smile 3,Standard
804,100,1388,0,https://magiceden.io/item-details/65cdoy1yCS7Uf2bWNNTiMDyo4dUkg9vCHpF9HqSg6kfn,Campfire,Matrix,Yellow,Laughing,Glasses,Paper,Electric,,Grin 1,Standard
829,8.88,8605,26.78,https://magiceden.io/item-details/HWdB17c2CK2twpSG5rEFKepKxe4CwxmboT5FzDemGXcE,Necklace Audius,Stars,Purple,Laughing,,Candles,Flame,,Smile 2,Standard
835,150,2383,0,https://magiceden.io/item-details/CqqwcuhoBBZ6paSNmctDLwtTrnub6GirDyvCqGeh8H2D,,Wormhole,Yellow,SOL,Sunglasses,Wood,Firestorm,Halo,uwu,Standard
840,30,9262,0,https://magiceden.io/item-details/8uVtWvrMkXKsDRLxfAs6p7QFpyzwGCAW8KBVVrrW8hWH,Necklace LFG,,Orange,Wink,,Incense,Electric,,Laugh,Standard
864,40,1921,0,https://magiceden.io/item-details/4eYr8Kr8XCkRspLHqyuEmq5tpg3vXTvR4LRzZoL3VBBV,Necklace Audius,,Orange,Angry,,Chlorine trifluoride,Neon,Viking,Laugh,Standard
870,9,8281,26.88,https://magiceden.io/item-details/D9gEs1vKYTQaFbPS46jnv8EDCzCrrVVyH2ye5Bs8xGiu,,,Orange,Smile,,Rubber,Electric,Halo,Cigarette,Standard
874,39.5,4022,0,https://magiceden.io/item-details/GqSJt6hTCe5JvQDBBTJXshFsiBMiqjqvV5DuvdrAwkCw,Devil wings,FO,Purple,Confident,,Candles,Neon,,Smile 3,Standard
893,12,6649,3.4,https://magiceden.io/item-details/fnXLMiwnTAr1VzwaQXCGKgB8wSG6Q29GEfi8ek7PhJr,,Wormhole,Pink,Wink,,Oil,Neon,Headphones,Smile 2,Standard
896,9.88,9114,14.74,https://magiceden.io/item-details/HUr1hg2rsjFMUWgfnEfppt3je7zLVuStSZ2VbwKBoGEC,,,Green,Smile,Glasses,Wood,Firestorm,,Grin 2,Standard
898,55.555,109,0,https://magiceden.io/item-details/DDnTf8tvGJGcyfWAzHSRNmGFa5QDgEwCtgWBQszbi5Wu,Necklace Audius,Rocket,Yellow,SOL,Matrix glasses,Coal,Electric,Hoodie,Grin 1,Standard
900,18,2442,0,https://magiceden.io/item-details/H782oyT4C1H8zaTdRyypH6Qz7zjvkABa2sSVU7UNRGBg,,Rocket,Purple,Smile,,Chlorine trifluoride,Firestorm,Beanie,Laugh,Standard
955,23,6182,0,https://magiceden.io/item-details/79uiwj8sVDgD2iS9aoqiBeCh1FgHM4222Bc7CthHHCEX,Necklace Audius,,Aqua,Bitcoin,,Coal,Electric,,Cigar,Standard
975,9.9,7723,20.11,https://magiceden.io/item-details/Huu4ybDyQHwi9EfU4xxY2pvtn1WRvfe91LxRpini5rKw,,Fractal,Navy,Smile,,Propane,Electric,,,Standard
989,8.4,485,64.06,https://magiceden.io/item-details/858CFHAz3QL871riR2dNPP1Eea8UEzciPVysJbKTcvoK,Necklace LFG,,Navy,Smirk,Matrix glasses,Propane,Flame,Visor,uwu,Standard
1073,5.39,6343,70.73,https://magiceden.io/item-details/DJAnPH1Pm7pwfgD4gCAFKDWeBDvEjPm2vAmPpcpgqL2C,,Fractal,Orange,Smirk,Sunglasses,Gasoline,Haze,,Cigar,Standard
1085,10,8736,15.06,https://magiceden.io/item-details/9yoVX8uPMWjmdU4mqoyzVLagLg1Zqqnv8VgJcT2sfywv,,Fractal,Blue,Wink,,Paper,Zap,,Mustache,Standard
1095,20,4898,0,https://magiceden.io/item-details/Dz5nGe9vGvGZLogdRN5MqMx9JnE1vueE8RcC5vFSojF,Necklace SOL,,Yellow,Confident,Pit vipers,Rubber,Flare,,Laugh,Standard
1117,10,4730,31.08,https://magiceden.io/item-details/5AJAy33xDyMM3fRPhgBN21e9fod9vTo1Ew1okCXj1zWA,Necklace Audius,,Navy,Laughing,,Paper,Smoke,Straw hat,Laugh,Standard
1121,6,4885,70.46,https://magiceden.io/item-details/6jtWDMeeWkrEaFF344mCVT7vhjgvNqHgjuj7PdkBnEaM,,Stars,Navy,Bitcoin,Sunglasses,Paper,Flare,Halo,Smile 1,Standard
1171,20,6027,0,https://magiceden.io/item-details/9iMMYjgxxprKpBykDN9uvU9JV6w957PAS3VgUAh7j5RG,Necklace WAGMI,,Red,Laughing,,Incense,Firestorm,Halo,uwu,Standard
1176,6,3395,76.42,https://magiceden.io/item-details/2gLEeZPUXtsMyaQHqSckFtMrb1HUAxCaGb2TkGLorZ8n,Devil wings,Thunderstorm,Navy,Bitcoin,,Incense,Flare,Cap,Grin 1,Standard
1186,10.5,9389,7.44,https://magiceden.io/item-details/3fb9h5Ba3P4hzkoN4HzT5cXYTAd2cxxcCyD4T6CCGSHi,,,Pink,Smile,,Ethanol,Haze,,Gas mask,Standard
1240,7.7,5387,51.45,https://magiceden.io/item-details/2CvS2XTmeqKfUU65Lh5azuvRtQRrGyXp7ajGVEcxr55i,,,Red,Smirk,,Gasoline,Combustion,Hoodie,uwu,Standard
1247,9.8,583,49.67,https://magiceden.io/item-details/55ytZiVquBoHWirQbvKZ2beMv1yLAq9BkaGWvQjbLorE,Sofa,Stars,Yellow,Confident,Circle glasses,Oil,Haze,Bandana,Smile 3,Standard
1281,11.83,9258,0,https://magiceden.io/item-details/4whYvxFQbnDzHXgwsneXRLm81mx6yYsUkr6fqLoTo8mo,Necklace LFG,,Navy,Laughing,,Candles,Flame,,Laugh,Standard
1343,11.83,6887,4.15,https://magiceden.io/item-details/2bgEpZPVyMTzZkzcBbjYY6PPQrZUiJCMh55DuAQnM4ef,,Hearts,Pink,Wink,,Wood,Neon,Pirate,Small,Standard
1358,120,1600,0,https://magiceden.io/item-details/AwDZHndcFkSaJPDAfVUsjSwigSmc34pp1btMCeKrPSkh,Necklace WAGMI,Wormhole,Yellow,Angry,,Oil,Firestorm,Headphones,Mask,Standard
1381,150,1476,0,https://magiceden.io/item-details/6HfXj7eP1wVfQ8N5dv1M5441DikDBKfXbJwawEMhgHKt,Katana,Wormhole,Orange,Angry,,Paper,Smoke,Visor,Smile 1,Standard
1408,8,1380,64.48,https://magiceden.io/item-details/9pFTLbqwWYrzSfYEgSNtQATEEDGkvrpid9DTF2TJV7rP,Necklace Audius,Hearts,Blue,Angry,Matrix glasses,Gasoline,Flame,,Mustache,Standard
1512,12.8,6002,0,https://magiceden.io/item-details/G9WsjjKZcuXCEY5GwP9zSmkLe5q6e9p2C7WckKJMv16j,,Light shower,Purple,Bitcoin,,Candles,Electric,Rice hat,,Standard
1557,15,1235,0,https://magiceden.io/item-details/2vu14hUPYVjqVcU7u5tQ9xvxeruphQpDRiSJBW1svhZT,Necklace WAGMI,Light shower,Yellow,Confident,Glasses,Oil,Smoke,Afro,Grin 1,Standard
1615,8.5,2775,53.9,https://magiceden.io/item-details/EfDbhsQyoUry1NEediG1yRnkvT6FtWv5WTpnafxVcJuD,Bowtie,Hexagon,Solana,Heart,,Coal,Haze,,Grin 2,Standard
1643,88.888888,11,0,https://magiceden.io/item-details/5ANatoJZMpHimfnNYAAE6it8wNBdwghsVBzNE68EaChR,Necklace SOL,Shooting stars,Purple,SOL,Solanasummer,Coal,Flame,,uwu,Big
1871,88,90,0,https://magiceden.io/item-details/74A3xkPs4Un3UdjrqWscNsQD4TV2Bjzb7CHjTcS5XjE1,Bowtie,Solana,Aqua,Confident,Sunglasses,Rubber,Flame,,uwu,Big
1912,7,1651,73.4,https://magiceden.io/item-details/Am81Bf2b3tDeuBV1zyA16ab3wjqFKXtSTZuwzcXApTFC,Necklace LFG,Hearts,Orange,Smirk,Circle glasses,Candles,Firestorm,Rice hat,Grin 2,Standard
1962,10,6164,25.34,https://magiceden.io/item-details/Crppkx7aUoNFbqQJ9myck6oTdHRkUxFZCs1snMNuLPM,Necklace WAGMI,Musical,Aqua,Wink,Sunglasses,Wood,Neon,,Smile 3,Standard
2018,10,6055,25.78,https://magiceden.io/item-details/6w5suSDEbRGZFAdsLNVP8VSmg5BsZUyPAPZeE1vKbcQ2,Bowtie,Hearts,Navy,Confident,,Incense,Zap,,uwu,Standard
2101,15,726,0,https://magiceden.io/item-details/HZCh7JcNfa6kD8oVMiZayr45y4q58bDsscHpBc1P3e1W,,Shooting stars,Yellow,Angry,Glasses,Rubber,Electric,Afro,Pipe,Standard
2179,16.8,5,0,https://magiceden.io/item-details/J6iz79YTLyiGqiNXoBKcAbghduCozjHNvX1ESjWujVyA,,Hearts,Yellow,Laughing,Glasses,Ethanol,Zap,Frog,Baby bottle,Baby
2256,10,1430,44.28,https://magiceden.io/item-details/4dX6YCXrrYb5qbaXWvvceYZeavueZh1Capr8tSqXHmaZ,Necklace WAGMI,Musical,Navy,Bitcoin,,Candles,Electric,Cyclist,Smile 3,Standard
2276,9.69,1909,45.46,https://magiceden.io/item-details/5oTZ9nKJhrFRsMVDJqqtDWJ7EZaBjRvVyyeUcwMWqEoM,,Stars,Green,Wink,Circle glasses,Wood,Inferno,Witch,Indifferent,Standard
2281,10,1541,43.84,https://magiceden.io/item-details/DvoYYr8PNTcDWP8WDcJXyyBiEkd6WgnSEqN8FsCXAKKC,Campfire,Hearts,Orange,Angry,Circle glasses,Wood,Flame,,Mustache,Standard
2285,9.69,9596,14.72,https://magiceden.io/item-details/GzMYhkfWNKd6N5JvBtssfshWNPHAqc1QKWAGJYM6Qb3F,,Stars,Pink,Confident,,Paper,Combustion,,Grin 2,Standard
2288,7.5,7174,46.3,https://magiceden.io/item-details/8iMnSmiKn8kUgk9S2X32zFAQeYb36PgHjKbm211Lnivv,Necklace SOL,Fractal,Aqua,Smile,,Candles,Flare,,Grin 2,Standard
2342,9.69,8563,18.85,https://magiceden.io/item-details/7Gh9UawcFG71T1RURUYiw5AUo1TsYzhoQ26ckHFqNanm,,Hearts,Pink,Wink,,Propane,Smoke,,Laugh,Standard
2356,8.7,5992,39.03,https://magiceden.io/item-details/E2BxKfh3K6Pk5FxFHyKxSRkrAuMdEnN5jJmENaCx84Je,,Light shower,Green,Angry,,Rubber,Flame,Visor,Angry,Standard
2384,10,7031,21.88,https://magiceden.io/item-details/6AtCzXpCbXNVArmn5FwVatQu8orykgUjspuoWVtuwNcE,,,Orange,Smile,,Coal,Haze,Witch,Gas mask,Standard
2400,5.92,5968,66.93,https://magiceden.io/item-details/FRHWC1Z9sL2kPRdkNzAKzgQvjhwJMNDq9BgTQoUzjgbT,,Thunderstorm,Red,Laughing,,Oil,Flame,Frog,Grin 1,Standard
2414,8.88,3714,46.34,https://magiceden.io/item-details/DsjKMxxD7W7JGR1RneboVu3BVeUNTN4Hqe4BToRtTDVr,,Stars,Aqua,Smirk,,Rubber,Zap,Cowboy,Cigar,Standard
2440,49.3,3313,0,https://magiceden.io/item-details/HHf43esX7Da7schPDL9J3WniHyrPx4KnfzBxHR7cfg1Z,,Hexagon,Red,Wink,,Propane,Neon,Bandana,Cigar,Standard
2456,9.75,9522,14.41,https://magiceden.io/item-details/Hh365jtqmJQG2eqW5bChFLwD6jLHjYv1ZQLY5tTNJ1Gw,,Thunderstorm,Navy,Smile,,Wood,Firestorm,,Smile 2,Standard
2471,6,8568,55.73,https://magiceden.io/item-details/2JsgrekwDBgZLsJhahS6t6sEELG182vmTYb3HbUhiFrr,Necklace WAGMI,Neon frame,Yellow,Laughing,,Wood,Electric,,Grin 2,Standard
2501,5.99,9738,51.15,https://magiceden.io/item-details/431JecXRNjzMncLqqWerk73UwBcnwPaCeghHp8C1CykQ,,Hexagon,Blue,Wink,,Ethanol,Firestorm,,Smile 2,Standard
2514,7.95,2411,60.86,https://magiceden.io/item-details/BTqpGhouTVTpKEGhcbjXiq6fepPYHtzZyd4HHVkS8HuB,Lightsaber red,Stars,Navy,Smile,,Coal,Haze,Headphones,,Standard
2525,9.99,9631,11.58,https://magiceden.io/item-details/omZ4U6VfVZoBxzu8WTaTNZsouPLU8PyvMqHQB8FqVGA,,Hexagon,Orange,SOL,,Wood,Neon,,Grin 2,Standard
2534,9.69696969,5395,31.45,https://magiceden.io/item-details/8rwudB6kXLXZXbsVsU2uaXsXrmpqffLjjRAR5ta9mHtF,,Thunderstorm,Blue,Smile,Sunglasses,Oil,Solar flare,,Smile 3,Standard
2539,149,68,0,https://magiceden.io/item-details/DmdSfH3C8dNU2aWYFuzWr5GPhsvSFsLfD2rSTxbsQ9Nk,Necklace BTC,Shooting stars,Pink,Wink,Solanasummer,Gasoline,Neon,Ribbon,Grin 1,Standard
2573,7.99,263,69.05,https://magiceden.io/item-details/DzH6Uh9Hwc7APdAbkuKUtZQGpFgR1wVHX5c7FnkgCL2m,Sofa,Fractal,Orange,SOL,,Gasoline,Flame,Crown,Grin 1,Standard
2576,24,1031,0,https://magiceden.io/item-details/Bt53D1oDNKSP8KirztUnyYYtD94bxRptGdArXYX3GMkV,,Aurora,Orange,Laughing,,Wood,Haze,Visor,Laugh,Baby
2579,6,7917,58.33,https://magiceden.io/item-details/JBxSxunuTkRKDp8qyvBsX4m1ShdJkJkb8znfs8J6vFhi,Necklace WAGMI,Fractal,Orange,Laughing,,Ethanol,Electric,,Smile 1,Standard
2581,17,833,0,https://magiceden.io/item-details/GS9ws7AzMmhqRxh1Gts8TMEtjLskgivQZLtdbBzMKhwi,Bowtie,Hearts,Green,Confident,Glasses,Gasoline,Flame,Viking,Smile 2,Standard
2592,14.99,1089,0,https://magiceden.io/item-details/EW26Xkvjyq2MpTayZASZqjXy56E3Dvm1PqJSWqznNwcj,Lightsaber red,Neon frame,Red,Smirk,Glasses,Rubber,Flare,Cap,Smile 1,Standard
2612,9.99,9672,11.41,https://magiceden.io/item-details/Cxa35n87nzFftWE61gEnYCVEB5ouj3jgCwBmbsfaFH68,,Hearts,Green,Confident,,Incense,Firestorm,,Grin 2,Standard
2644,10,6330,24.68,https://magiceden.io/item-details/2xqUyknHsdtWzewrR3Y65suc77xvkS85b5VLBheeRbyB,Lightsaber blue,Light shower,Green,Smile,,Oil,Zap,,Grin 1,Standard
2651,12,8363,0,https://magiceden.io/item-details/GsExo3r2wrVQ4KDJmCzeC2T8tr6bwWiFJcEcu8iLFkMM,,,Purple,Laughing,Sunglasses,Coal,Flare,Cap,Laugh,Standard
2663,10,8599,15.6,https://magiceden.io/item-details/D74LuKoXEJi5s8o74hw7vnVrubDso8yGfVfSY1CkVexi,Necklace WAGMI,Fractal,Purple,Wink,,Ethanol,Neon,,Laugh,Standard
2682,10,1342,44.63,https://magiceden.io/item-details/Guq45nss4Szot6F2ehSpY3DFg483gZLuyjeRTH6hWv4J,,Light shower,Green,Wink,Matrix glasses,Wood,Electric,Ape,Smile 3,Standard
2750,19.8,5522,0,https://magiceden.io/item-details/A6k1x8hnbdEfK1q5yfjbAU6DZKMGE1uPmSfJswSmG6Jz,,Fractal,Aqua,Smile,,Wood,Haze,Cowboy,Grin 2,Standard
2782,9,5440,38.24,https://magiceden.io/item-details/YuHMG2GfCbqtfHxuaAR7FMgZPkfVGuq5QL1D7PdttvT,Necklace Audius,Light shower,Purple,Heart,Sunglasses,Paper,Neon,,Smile 2,Standard
2807,9,7073,31.71,https://magiceden.io/item-details/zLBB1eqM624MbcaitY3c2vFnaXgB472hQAY3Heh1uGr,Necklace WAGMI,Neon frame,Aqua,Smirk,,Rubber,Flare,,Indifferent,Standard
2820,39,1019,0,https://magiceden.io/item-details/2djtqinadH2VaNNj4zymZFmYciWzsAq5o2vizndciPm6,Lightsaber red,Rocket,Pink,Wink,,Rubber,Firestorm,Kabuto,Smile 3,Standard
2833,22.33,9359,0,https://magiceden.io/item-details/FofM1Ar8CKUnUtpxH3G6qcAGXGswiD4z2EWuFAKHons3,Katana,,Blue,Wink,,Wood,Flame,,Smile 3,Standard
2847,10,8579,15.68,https://magiceden.io/item-details/FZRngc1UYdw9Xv3pUuMxPSAxn9b93hm8F5cHUdMma4Aj,,Hearts,Navy,Smile,,Gasoline,Zap,,Grin 2,Standard
2860,30,1039,0,https://magiceden.io/item-details/EupTgxxQ9RoGEDtwPFedCNDESvFc9ydWhwyQdduTNNvF,,Wormhole,Navy,Wink,Circle glasses,Paper,Haze,Cap Solflare,Grin 2,Standard
2862,7.45,9012,39.45,https://magiceden.io/item-details/CWQTebCS8EuccgaqGVfs6vkgmNGvw5xn2LSXgUuAEfHg,,,Blue,Heart,Circle glasses,Candles,Flame,,Grin 1,Standard
2874,7.5,6725,48.1,https://magiceden.io/item-details/2pprMP9ys8vdnQWas6PB7zvBuXNJJRrXhMnTDKrgk4FD,,Shooting stars,Blue,Confident,Matrix glasses,Ethanol,Electric,,Grin 1,Standard
2877,15,3429,0,https://magiceden.io/item-details/7j2u5x4fgRgAAjEjUNdxiZycUFhv59cy2CDa6V6ZGngP,Necklace BTC,,Purple,SOL,Matrix glasses,Coal,Smoke,,,Standard
2924,25,1340,0,https://magiceden.io/item-details/Ch6Eku1KaE1qLJewE9kJxczyTMq1fa9qHVfonfPRyjMo,,Hexagon,Green,Smirk,Matrix glasses,Coal,Firestorm,Viking,Cigar,Standard
2926,19.97,9448,0,https://magiceden.io/item-details/39VcM3btXYZDinqpFAAPpRb81FrKDPooodn2AmnQmJqN,,,Navy,Laughing,,Candles,Smoke,,Mustache,Standard
2946,8,904,66.38,https://magiceden.io/item-details/3Py4idharfPjaxEAwP9SLmkrAtHNJ2uVCMjHkCNE9ADT,,Neon frame,Red,Confident,,Chlorine trifluoride,Firestorm,Marine,Gas mask,Standard
2975,15,7788,0,https://magiceden.io/item-details/28GB3SWs3MoWDZ522xQSL9fdjvtntTCxgvL119encReX,Necklace WAGMI,Thunderstorm,Blue,Heart,,Incense,Haze,,Grin 2,Standard
2981,25,4321,0,https://magiceden.io/item-details/C1NyTJwn113bDvmHdp5QkQxBEux8C6XQfbFmc5ek5bG6,,FO,Orange,Confident,Sunglasses,Incense,Electric,,,Standard
3033,12,2226,21.1,https://magiceden.io/item-details/5NHdWxuvSpVE6TYEszW4PuBznAjrnGKSpYDCELhSNucv,Necklace WAGMI,Light shower,Orange,Smile,Sunglasses,Incense,Flame,Cap,Bandana mask,Standard
3038,14.99,9513,0,https://magiceden.io/item-details/AU8qi6mxtKK7g9WrXiYxcQ4L1MKRHHWKAc3KsVtiXZWr,,Stars,Orange,Laughing,,Paper,Firestorm,,Small,Standard
3041,6.5,708,82.17,https://magiceden.io/item-details/A6qS8a2QzC6ySZdGBQHfWAu5ewaRVCuRTKB4z1NKu2n3,,Thunderstorm,Blue,Laughing,,Oil,Flame,Viking,Smile 1,Reflection
3045,13,1812,12.75,https://magiceden.io/item-details/5H4ibDwcTkj4whUD55p5MNDtTgAKsvsUZUHa8osHNRsj,Necklace WAGMI,Hearts,Navy,Smirk,Solanasummer,Paper,Flare,,Cigar,Standard
3078,18.88,2031,0,https://magiceden.io/item-details/2GMPNZyRmeZvbfc1Yy4LuHuNvzzENCXGoMVX91sVo2C5,Necklace Audius,Rocket,Purple,Bitcoin,,Rubber,Neon,Cap,Small,Standard
3085,5.555,5505,72.43,https://magiceden.io/item-details/BDXNzFXDuuJiHEXui7tpLB3cprfD4jDchGhvt9ND4D8U,Devil wings,,Blue,Confident,,Rubber,Flame,Cap,Pipe,Standard
3100,19,311,0,https://magiceden.io/item-details/8GWGMK1JcS7LpwYdRwwnCbmt7UXyrTx9AqwpZMRwVEte,Necklace LFG,Shooting stars,Green,Laughing,,Wood,Combustion,Cap GenesysGo,Pipe,Standard
3144,8,1788,62.85,https://magiceden.io/item-details/5myEFKMTiV9WtuPEWfhgPYBCh71NXcgNUSB6YYffDSaC,Necklace WAGMI,Thunderstorm,Purple,Laughing,,Candles,Smoke,,Smile 1,Big
3162,16,941,0,https://magiceden.io/item-details/BqAqc388uvGNouTyuZeixEF3CU6RxvkooWncyBxmUAJN,Campfire,Aurora,Blue,Angry,Circle glasses,Coal,Smoke,,,Standard
3171,19.97,9453,0,https://magiceden.io/item-details/GWEBNjoFgtsgkYd2WyMLxfRqfkxbsUoi7rUokbZdFqWd,,Hexagon,Purple,Wink,,Wood,Flare,,Mustache,Standard
3213,8.4,5583,43.67,https://magiceden.io/item-details/DBEjnGRAmmjsQJKK1W4voTmZXZmeY7or1X4JBksswBhs,,Matrix,Navy,Confident,,Coal,Neon,Beanie,Laugh,Standard
3214,18,395,0,https://magiceden.io/item-details/DW7kNpYmWbkSFjMTQAwR1UzwD53YgT6FbiCp55sKeUUe,Necklace BTC,Stars,Orange,Angry,Pit vipers,Paper,Flame,Straw hat,Cigar,Standard
3264,9.72,9862,13.35,https://magiceden.io/item-details/D3UeYHrrswgwsF37c3WUCAirBeLVHU1RnDAfKmSctNVS,,,Yellow,Smile,,Incense,Smoke,,Smile 1,Standard
3286,10,936,46.26,https://magiceden.io/item-details/3rPvZPwPWgQ2rrmABkUe71aQQhCXAAZQcHQ5gK5Qya2H,Necklace Audius,Stars,Pink,Wink,Circle glasses,Rubber,Inferno,Halo,Smile 3,Standard
3312,25,147,0,https://magiceden.io/item-details/CmFfor7SXzH1x62P2f2mYVmQyT7R8nodVpBTzRL3qCMS,,FO,Aqua,SOL,Sunglasses,Rubber,Firestorm,,Angry,Baby
3365,14.98,9466,0,https://magiceden.io/item-details/5n4NgF4HcNCEKwv5WDDb9E3sgw9pYp9qvnaQ1WM6vsUz,Necklace LFG,,Purple,Smile,,Wood,Haze,,,Standard
3377,11,546,37.82,https://magiceden.io/item-details/5B7gqB8wjDWbFnjfExEMe7carG9z662En2h1pvvqfLsG,Necklace Audius,Matrix,Red,Laughing,,Candles,Haze,Football,Cigarette,Standard
3409,7.99,2304,60.88,https://magiceden.io/item-details/Ac3PVmepqL51zM3U9VoHRZJJywWjPDcbYLzjGdDXYcTA,Necklace LFG,Aurora,Red,Smirk,,Incense,Flame,Viking,Smile 1,Standard
3419,24.96,9367,0,https://magiceden.io/item-details/H4CbXHuPXYd9f3ZP2djnFrvJEAtJewJvHECC9ZYmQ5rE,,Musical,Yellow,SOL,,Paper,Flare,,Smile 3,Standard
3452,50,39,0,https://magiceden.io/item-details/7gsjC7D2GAAs1f5kiE6Ain1BN9VD7vf5FaWh4jq8h3fU,Necklace SOL,Stars,Yellow,Smirk,Glasses,Candles,Flare,Halo,uwu,Baby
3463,20,101,0,https://magiceden.io/item-details/8RiKgQq471U3r1cwQtjYMyB9uWtVGTwAfNRPp5AZST1j,,Thunderstorm,Pink,Confident,Pit vipers,Wood,Zap,Halo,Laugh,Reflection
3466,8,884,66.46,https://magiceden.io/item-details/9bC65zuqhKUoEzv6ivkjevrypEs2VYWFcKeTGypq3QA3,Lightsaber blue,Solana,Purple,Bitcoin,,Paper,Flame,Frog,,Standard
3471,7.77777,2657,61.59,https://magiceden.io/item-details/DjJzoRvFBpixXTSJwU3kS8jhsMoSWBqfjvbqF1ZyotPr,Necklace Audius,Stars,Red,Smirk,,Candles,Flame,Cowboy,Smile 2,Standard
3477,15,1006,0,https://magiceden.io/item-details/HJdtqg7oUQsmWbGypYs2cMCa9y9qo2nYxN3XrfZS7QVq,Sofa,Wormhole,Orange,Laughing,,Incense,Haze,Bandana,Grin 2,Standard
3499,9,8968,24.13,https://magiceden.io/item-details/HQdKFHW8WJW83AdagDcZd7bf8Yvnw6J18DaeyEw4k81L,,,Orange,Smile,,Incense,Flare,Headphones,Cigar,Standard
3506,10,3300,36.8,https://magiceden.io/item-details/BAeCHfckcKp5AVByeu8aQNxVWcg6MT6tufKghQ6EjpxZ,Necklace BTC,,Aqua,Laughing,Solanasummer,Wood,Neon,,,Standard
3518,8.68,4472,45.31,https://magiceden.io/item-details/2o3TyoyDCMrdox9dRejQk1xUiKVUSvkzg9b28zoVQp2w,Necklace LFG,Thunderstorm,Green,Bitcoin,,Incense,Neon,Witch,Smile 3,Standard
3545,12.98,9562,0,https://magiceden.io/item-details/EmdjVUokp333Sh4iCv8qkaAeT44qUEumPa4gNZPi6q6,,,Purple,Smile,Circle glasses,Candles,Firestorm,,Smile 3,Standard
3575,9.36,9727,17.49,https://magiceden.io/item-details/HqYx6g2ehaxfzm96MVfcN7t9AP5gcAb9qkvtjWmA6SDu,,,Aqua,SOL,,Candles,Neon,,Angry,Standard
3577,8.99,9737,21.15,https://magiceden.io/item-details/6kCSuj2DewrGaFQV6wPAFqasZ9mr5sMx5Y8wFTCC67pr,,Hexagon,Orange,Angry,,Rubber,Neon,,Laugh,Standard
3599,11.99,5931,6.38,https://magiceden.io/item-details/9YshiCYoGzLRxgr93vTBtDc3kL4WLVLQyRzHfknKHNkz,Bowtie,Underwater,Red,Smirk,,Wood,Electric,,Smile 3,Standard
3600,9,6950,32.2,https://magiceden.io/item-details/FQaDmnxcymVuWkFcTn1LtQbjddBV2HbDzKwsJWWybnLi,,Aurora,Purple,Smile,,Candles,Zap,Halo,Grin 2,Standard
3654,12,1545,23.82,https://magiceden.io/item-details/Gg6kQNCAYEnyBFMXZwerpD8QwpFsP2UpC6qRTNBCsiVp,,Matrix,Navy,Heart,,Candles,Firestorm,Kabuto,Gas mask,Standard
3663,332,15,0,https://magiceden.io/item-details/5NXmiq4UN8o439Sz5ncsAMR7tNvSanYW6gYUa3xb68Rw,Bowtie,Fractal,Green,Confident,,Candles,Flare,Kabuto,Baby bottle,Baby
3682,9.98,9585,11.86,https://magiceden.io/item-details/H8ajCkrAJRzddi3bghiX3F8FMTRHMAii3hwr7kMLyyj5,,Hexagon,Orange,Bitcoin,,Candles,Firestorm,,Grin 1,Standard
3685,39,4240,0,https://magiceden.io/item-details/RNRvdhxxDzSY57hjrnkKzZQgREo9zL4wJJDaULBvRgK,Devil wings,Matrix,Blue,Smirk,,Oil,Firestorm,,Mustache,Standard
3691,5.24,6832,70.27,https://magiceden.io/item-details/GvhT9co4Qg2fQWaXW1ZFEZC6dpPo3BbCcbQfpjGUUJ5t,Necklace Audius,Musical,Pink,Laughing,,Ethanol,Electric,,Grin 1,Standard
3695,14,2137,1.45,https://magiceden.io/item-details/7DbxZ5pAisy4oGAYxkURGVmGPTpaQYXBGKWeaHUTdQkV,Devil wings,Shooting stars,Yellow,Confident,Matrix glasses,Paper,Smoke,,Angry,Standard
3729,9.68,9546,15.02,https://magiceden.io/item-details/Dn2eEbSktA1CrKGJLPxrwLgAjidWwAnJRYXqtDoJRqQf,,Neon frame,Pink,Smirk,,Ethanol,Haze,,Grin 1,Standard
3739,29,7977,0,https://magiceden.io/item-details/6eXFomG5rj44pdk6ks6kJy4C1GeASYqGYSNdtZRiQC3X,,,Red,Smile,,Wood,Haze,Beanie,Cigar,Standard
3765,19,9932,0,https://magiceden.io/item-details/FxnpwrKRcNssWU8S94hJ9uGM38a5GaT4aTbdrv3jtB5x,,,Red,Confident,,Oil,Haze,,Laugh,Standard
3829,6.33,1053,82.49,https://magiceden.io/item-details/98HSfjf493iwchttBwc98TRSjwA6xs43WLDFbjgzBdRv,Necklace LFG,Musical,Aqua,Laughing,,Ethanol,Solar flare,Horns,Smile 3,Standard
3950,6,7226,61.1,https://magiceden.io/item-details/5rcEYLJFwiRqVADLDYkADPvX6Y9gAQB2EjJMu6bQVaxL,,,Pink,Bitcoin,,Oil,Smoke,Bandana,Smile 2,Standard
3960,12,5979,6.08,https://magiceden.io/item-details/HPa629LXCkRXtZRDRAfh2guurAyPJk2ZEkBin4HZdQTz,Katana,,Blue,Wink,,Rubber,Electric,Hoodie,Smile 2,Standard
3975,10.55,6554,18.28,https://magiceden.io/item-details/ATDazNDJ33DtrT757tHbkohz6cZi4p9WEs2zLQJSUkzu,,Hexagon,Aqua,Confident,,Incense,Flare,Hoodie,Small,Standard
4002,100.4002,10000,0,https://magiceden.io/item-details/HzmMJunYQWtmsQdCuLdJxTzRtgWXvaoVBQMYKbacSWAa,,,Blue,Confident,,Candles,Neon,,Smile 3,Standard
4121,5.25,2307,88.27,https://magiceden.io/item-details/7jdsCd2nP2vyV9CZPaPANFvmw3SCPKhfP9q62zeTzjyL,Necklace LFG,Underwater,Aqua,Smirk,,Wood,Flame,Bandana,Laugh,Standard
4129,9.88,2089,42.84,https://magiceden.io/item-details/FjjGVzsREmCbYTBrd4LQiM7bSFs5JmXHdgWeUyFXPdo3,Katana,Light shower,Red,Confident,,Coal,Electric,Toque,,Standard
4138,111.222,259,0,https://magiceden.io/item-details/33cwp57h47YAn4dXRiNnMmKG25DshTAyoy9c8XZywkrq,Bowtie,,Purple,Laughing,,Paper,Inferno,Straw hat,Smile 2,Reflection
4160,39,441,0,https://magiceden.io/item-details/Bs5wUkjqnC9k2ZuLAvgCCRgec3U5XvmF4RLm9ZHJokfU,Necklace SOL,FO,Blue,Bitcoin,Matrix glasses,Rubber,Haze,,Angry,Standard
4273,50,2267,0,https://magiceden.io/item-details/8DZ7Ua16Hob7TWgsKpea2baHHbkEoFLdKEZ84ZsEHB17,,Stars,Yellow,SOL,,Wood,Inferno,Hoodie,Fire breath,Standard
4324,12,340,28.64,https://magiceden.io/item-details/5cKr641HPQ41euQeQd4A3fMqakQNXu88iqmvcBTYJ4NA,Necklace LFG,Wormhole,Aqua,Laughing,Pit vipers,Wood,Haze,Kabuto,Laugh,Standard
4376,24,7419,0,https://magiceden.io/item-details/EGHsmg6tSYgGyf6CC6NnsGHBtZUYTCJUXwB95RK2Q3H5,,Thunderstorm,Silver,Laughing,,Wood,Haze,,Mask,Standard
4400,8,9019,33.92,https://magiceden.io/item-details/Fa2b4BVHocRHU7m5toaUAuX48Wksa22YJTzY6KzDGq8J,,Musical,Purple,Smile,,Oil,Combustion,,Grin 2,Standard
4409,45,4921,0,https://magiceden.io/item-details/9Fq6rYKyTu3q23ZzuuYyiobq8mXNAPiQiirYh6b7mh5N,Lightsaber blue,,Blue,Wink,,Ethanol,Neon,Viking,Grin 1,Standard
4434,12.69,1366,17.64,https://magiceden.io/item-details/43Vc3yGLq9N5oGNoxKbCndCtWwgZKo7oZ7whjG6A9QZh,,Fractal,Yellow,Confident,Sunglasses,Incense,Haze,Cowboy,Gas mask,Standard
4660,10,2539,39.84,https://magiceden.io/item-details/6kQTaaKtXAypBmg1aeJxfzBm6cZG2S9iNo1nCPUq9nR,Lightsaber red,Fractal,Green,Confident,,Incense,Flare,Visor,Laugh,Standard
4717,8.7,2184,54.26,https://magiceden.io/item-details/HYoqBGy4NvBzrooZfqYTcRJjcJaNNumCuAw4qGREHzTE,Katana,Hexagon,Green,Laughing,Circle glasses,Wood,Neon,Horns,Smile 2,Standard
4797,20,1314,0,https://magiceden.io/item-details/53P3TDoiDwSkAdskrKXEAG4oNpAQHq1j1DUoziszpqDC,Necklace SOL,,Aqua,Wink,Circle glasses,Wood,Firestorm,Hoodie,Cigar,Standard
4820,8.8,8229,29.08,https://magiceden.io/item-details/BSrbyujbkMPnyDztkp5FM2omW7tTRaxcHCdeQiWh3dEa,Necklace WAGMI,Neon frame,Red,Bitcoin,,Paper,Neon,,Grin 2,Standard
4895,77,3709,0,https://magiceden.io/item-details/J6Xt8wspvaS2MfsjFvt5AUsTVsbbG1RrmuCL5isyMJZp,Bowtie,Hexagon,Green,Smile,Sunglasses,Oil,Flare,Cap,Smile 2,Standard
4902,10,416,48.34,https://magiceden.io/item-details/BzcePbm53JYSJUrJPweFnCV59ECQPWov9ATCpvHyDxQN,Sofa,Hexagon,Purple,Confident,,Gasoline,Combustion,Pirate,Bandana mask,Standard
4921,16.66,6313,0,https://magiceden.io/item-details/2QKDNahGJPD1QnAtHCxoQwniZ7Xy9Rz3wifdpuueBeTK,Necklace WAGMI,Solana,Green,Confident,,Candles,Flame,,Angry,Standard
4989,8,2604,59.58,https://magiceden.io/item-details/34pYsJ2EgfrfcyRPU8fAj4Te8p4tsZ39cgWGB8hHsaWs,Bowtie,Stars,Solana,Smirk,Sunglasses,Wood,Smoke,,Laugh,Standard
4993,5.5,2108,86.57,https://magiceden.io/item-details/FLncrJbwMb6JEhzVAhGq2Wo9x8eAcz8jYG7kCayPTt4Q,Necklace WAGMI,Rocket,Green,Confident,,Propane,Flame,Cap,uwu,Standard
5101,9,883,56.47,https://magiceden.io/item-details/3pypRx1A2vyWTYB2F5dvdq9N3wmbyCcxesDeKpijVqwK,,Light shower,Yellow,Smile,,Ethanol,Haze,Headphones,Small,Reflection
5299,6.8,5310,60.76,https://magiceden.io/item-details/GxfseQs24FnNLaM9u2R5Jxf94ZCxRqXdMBWAhBY5SvsQ,,Underwater,Blue,Angry,Circle glasses,Oil,Flame,,uwu,Standard
5326,6.89,8544,46.92,https://magiceden.io/item-details/5rqEt6kGur8smp1w4JhdpE7VVShr2iXezQ2Fk5dPnd5Y,,Shooting stars,Orange,Heart,,Wood,Smoke,,Smile 1,Standard
5397,10,437,48.25,https://magiceden.io/item-details/4EpxeKsTmACeu5MExnwUH799pe93qLVLFkpmLLf434wx,Sofa,Musical,Pink,Laughing,Sunglasses,Gasoline,Haze,Hoodie,Smile 2,Standard
5446,69,8056,0,https://magiceden.io/item-details/BqhfMcUqNmMBvoCgvDtRJeyTA62Y8oJfhr5aR2cddtug,,,Pink,Confident,,Candles,Inferno,Horns,Smile 3,Standard
5453,8.8,1400,56.4,https://magiceden.io/item-details/DCjdTA3kRoD7jnBGXLHVpXxc2YtgismSj6ANQUCtPQBp,Angel wings,Stars,Silver,Confident,,Candles,Flare,Afro,Small,Standard
5548,6,253,88.99,https://magiceden.io/item-details/Ce43mv8dhvb1vwggyo9pqF5KtThQZ4d4rY9hQQJCbaLr,Devil wings,Solana,Yellow,Smirk,Matrix glasses,Coal,Zap,,Cigarette,Standard
5567,6.5,6340,59.64,https://magiceden.io/item-details/DTu5hxMpasLG9KdhH4PmisHubr7dyK195GGG5GNPJHis,,Musical,Purple,Smile,,Rubber,Zap,Headphones,Small,Standard
5589,8,7686,39.26,https://magiceden.io/item-details/J5gbnDpjunkFGY8CtdXCyX2kvbKKfe5Yv2YWkNg2N98h,,Hearts,Aqua,SOL,,Ethanol,Flare,Cap,Smile 3,Standard
5601,24.99,9121,0,https://magiceden.io/item-details/J5NnfsnKjnseFag48ntPceggeUpPf7NNjdP2ok4v1Npb,,,Navy,Laughing,,Coal,Flare,Cap,Smile 3,Standard
5604,88,9413,0,https://magiceden.io/item-details/8e5oTmAToGNS6VQUBp5k4iE4ZQi4Q27GQzAhg9xzQ2VF,,Neon frame,Purple,Laughing,,Candles,Flare,,Mustache,Standard
5651,7.69,9687,34.35,https://magiceden.io/item-details/3PnPvYqXu7CUCxYRfZ3koD6dLU1dNz8a3ifg5v7ESA7p,,Light shower,Aqua,Laughing,,Wood,Flame,,Grin 2,Standard
5653,60,6398,0,https://magiceden.io/item-details/EmuuP7KJ6nrxaZUoriyYMoLFCBgpXArUcWSo1qeyADg8,,,Pink,Confident,Sunglasses,Paper,Flame,Top hat,Angry,Standard
5662,7,1929,72.28,https://magiceden.io/item-details/2WNEV8WCmKoe9bJx9xmEt19wUhip8HdSak4AymMoxMFE,Necklace WAGMI,,Yellow,SOL,Pit vipers,Wood,Haze,Halo,Smile 2,Standard
5686,8.88,1136,56.66,https://magiceden.io/item-details/22HXfCntoqCrdxhsTGGzCc8CaZSWQZX3N27d8JakVBMu,,Underwater,Green,Heart,Glasses,Candles,Firestorm,Bandana,Laugh,Standard
5693,12.99,321,18.82,https://magiceden.io/item-details/EoQQxtzSCq9RZ3sQssrFKA3oNo1LPwxrF7PEn93nJLMK,Necklace BTC,Musical,Red,Wink,Circle glasses,Gasoline,Firestorm,Cowboy,Smile 3,Standard
5744,9.73,9887,13.15,https://magiceden.io/item-details/DyCKmHB8ZEpyGdwnRJF4cD8keGHa41UQdaFo2ypBSNJq,,,Pink,Bitcoin,,Candles,Electric,,Smile 2,Standard
5819,15,2286,0,https://magiceden.io/item-details/7Y7ao9RDkpFvR6bPgjjXZVatFU2HoTG8F4gevzYWjbTa,Necklace WAGMI,,Blue,Bitcoin,Glasses,Ethanol,Neon,Witch,Indifferent,Standard
5820,88,9843,0,https://magiceden.io/item-details/8DJyagmkBQUMAfDVGSCRUp89TyqArvyGbFBETGXSEzqF,,,Pink,Confident,,Ethanol,Electric,,uwu,Standard
5823,88,6686,0,https://magiceden.io/item-details/CEr99uYBBr6WgxL64qMKQJMeeY9evU7zBqZvSkg81vNQ,,,Aqua,Smile,,Rubber,Neon,Marine,Small,Standard
5842,7.5,9152,38.39,https://magiceden.io/item-details/74amqMBvXbPNaUwM8kQogh5zaFVDjzQV2Pb5gLjRtXkL,,Hexagon,Pink,Smile,,Wood,Inferno,,Grin 1,Standard
5852,6.8,2432,72.27,https://magiceden.io/item-details/BxJ1KEwaYewL1sSwaeE6XuJ3kS5fPA4WqatBKGqvSp1X,Necklace WAGMI,Matrix,Purple,Laughing,,Rubber,Haze,Afro,Cigar,Standard
5854,7,5864,56.54,https://magiceden.io/item-details/7VivcQbBbW7A6m52MzFijRy3is2QxfNNWvU3Z6HnTbrv,Necklace LFG,,Pink,Laughing,,Incense,Flame,Rice hat,Grin 1,Standard
5863,8,8983,34.07,https://magiceden.io/item-details/HY9ZUQc7dcxHiCBYDyWRyNGygVNrVR4YQHbkX1YVAjXb,,,Orange,Wink,,Paper,Electric,Cap,Cigar,Standard
5870,8,9153,33.39,https://magiceden.io/item-details/59MWVMHZRg1MWwREmQhGGjt8wazmpuayokBUb1P51MF8,Necklace WAGMI,,Blue,Confident,Sunglasses,Candles,Neon,,Smile 2,Standard
5885,8,7856,38.58,https://magiceden.io/item-details/89FAuuzVFA8SErb5XY7JH84fRvNBfbBBjJnjhdPFLoDg,,Hearts,Pink,Angry,Circle glasses,Oil,Flare,,Laugh,Standard
5899,8,9411,32.36,https://magiceden.io/item-details/A2C8jKzrEVGR3e2w94ox3BNUrF2BUX3Ei7SemJG7JugQ,,Neon frame,Orange,Bitcoin,,Oil,Haze,,Smile 2,Standard
5931,8.9,5550,38.8,https://magiceden.io/item-details/5PpLoqDFQ7dXJDxrgMSXd76cN1e1vqnhseCUz8cqE36D,,,Pink,Confident,Glasses,Oil,Smoke,Hoodie,Smile 3,Standard
5962,5.5,8934,59.26,https://magiceden.io/item-details/9hXv8gEjHRCCzvhzbEqQ5L42qqDHuipBbY4jVoY1WdD1,,,Green,Smirk,,Rubber,Haze,Pirate,Grin 1,Standard
5970,7,8643,45.43,https://magiceden.io/item-details/5ypAL8AvnbM7AyUhvGkAq77dq5ZbRZQFz5dKNFr4XmWZ,Devil wings,,Orange,Laughing,,Incense,Smoke,,Smile 2,Standard
5972,7.9,9881,31.48,https://magiceden.io/item-details/CpG1nvHhw52qnyy4miRw7pJ67V8hZn1r4mUH3BYMW4GE,,,Purple,Angry,,Candles,Flare,,uwu,Standard
5978,5.45,1121,91.02,https://magiceden.io/item-details/HxpLuJFHaNXEzpRogUYVS6EP8QxrE6Xdm4LK1e5jWSzr,Angel wings,Light shower,Aqua,Heart,,Wood,Combustion,Halo,Small,Standard
5980,8.9,9489,23.04,https://magiceden.io/item-details/HZzvHN54yEhHjWscxi29j6v55Gmz6yiCzxdizELK3zcN,,Thunderstorm,Green,Laughing,,Incense,Electric,,Smile 3,Standard
5988,20,6594,0,https://magiceden.io/item-details/3DLCStDktPWLv62jERNMtJrzB8Rm1Jm5a4P1HPifPTa3,,Hexagon,Pink,Smile,Sunglasses,Wood,Firestorm,Headphones,Grin 1,Standard
5995,7.89,2114,62.64,https://magiceden.io/item-details/8DRGnc8ZaqBCU4a7jaEFnQrhyVFGFSZAgfFQfepbQhsT,Necklace BTC,Underwater,Orange,SOL,,Candles,Smoke,Pirate,Smile 3,Standard
6011,8.7,3078,50.69,https://magiceden.io/item-details/DV4KZo2uiB4TAssoreSN8SgDcm9HmzRfndBJ1YNtr6J6,Necklace LFG,Thunderstorm,Navy,Wink,,Rubber,Flame,Visor,Grin 1,Standard
6029,9.99,8926,14.4,https://magiceden.io/item-details/HutC4eqGP5y6UQZZi8UzsSRJxUMzwPvRPzvZgDxXLEar,,Matrix,Pink,Smirk,,Oil,Flare,,Smile 1,Standard
6058,8.2,9484,30.06,https://magiceden.io/item-details/A8Zjhtgvnkj4orxKMcmGi152t1uv8wobuPBMQRymK6hE,,Stars,Orange,Smirk,,Gasoline,Haze,,Laugh,Standard
6060,9.7,7927,21.29,https://magiceden.io/item-details/H8FdsUbDVbUMhQeBwGkKrW53737FSpuboPigAohTNnXq,Bowtie,Hearts,Green,Confident,,Ethanol,Electric,,Smile 2,Standard
6069,7.9,8626,36.5,https://magiceden.io/item-details/7ximhxzXzZrh7Fj4tYH9eA6ZRk3HWtvjhYF2FSyagCEG,,Fractal,Purple,Wink,Sunglasses,Paper,Firestorm,,Grin 1,Standard
6076,5.9759,4418,72.57,https://magiceden.io/item-details/5UpnFfRwMaNm32U6yXxCWHdSYJ1BnXKrKAVHkyqpZYYF,Necklace WAGMI,Hexagon,Pink,Smile,Pit vipers,Wood,Neon,,Smile 1,Standard
6109,10,8344,16.62,https://magiceden.io/item-details/HWhci4dtcSRWDtG33zmrX6J3B6xTE5NAqatTKBNy7KBz,,Light shower,Yellow,Laughing,,Wood,Neon,Halo,Grin 2,Standard
6130,9.5,9309,17.76,https://magiceden.io/item-details/5r72nHyLPStGVRQLFUpb378L813EV5VEDz5LMS8qRDzG,,Hexagon,Navy,Angry,,Candles,Electric,,Smile 2,Standard
6132,18.88,120,0,https://magiceden.io/item-details/FQjmG3SstWXyGUNXngDQ29PSanJKuNxmSPK6tFXhPCHv,,Thunderstorm,Orange,Wink,Matrix glasses,Paper,Zap,Pirate,uwu,Baby
6141,9.9,9354,13.58,https://magiceden.io/item-details/GnQXZfcHwJkcdmQbxDQLjr3WjeEwtrMFosSdeEpkmnBV,,Thunderstorm,Purple,Smirk,,Paper,Flare,,Mustache,Standard
6144,5.6,4192,77.23,https://magiceden.io/item-details/CskFSJkQ16iPyhFvvRmreDDxPrsyLdKA7Fw39gSJBty1,Necklace Audius,Fractal,Blue,Wink,Circle glasses,Rubber,Flare,,uwu,Standard
6180,7,888,76.45,https://magiceden.io/item-details/CBXypMN4zbZgRoys4DYv7knnc2zsJsr66rNNokRLuCHf,Devil wings,Musical,Yellow,Smirk,,Chlorine trifluoride,Electric,Headphones,Grin 1,Standard
6205,8.5,7591,34.64,https://magiceden.io/item-details/3gFPxYGHZ8dGzTwcieHgx2qFZP2TfADt6zB6u5RyxFU6,,Light shower,Blue,Wink,Matrix glasses,Oil,Neon,,Smile 2,Standard
6210,65,7,0,https://magiceden.io/item-details/3cbGaFPYy8FzY8NtGn2Cb6iPpaadpetW72uLQMPBwFZd,,Underwater,Aqua,Bitcoin,,Coal,Neon,Ribbon,Baby bottle,Baby
6243,15,1598,0,https://magiceden.io/item-details/GnAttpxnNcWJGYFCqcXNsHBfLjmGpu3LL8i8Nq1CtFWM,,Thunderstorm,Pink,SOL,Pit vipers,Paper,Flare,Frog,Grin 1,Standard
6247,10,3695,35.22,https://magiceden.io/item-details/3cQWyYiGGjPtDLKHjK4158MhXmaDgWjaRvGFEmXszCuS,,Light shower,Orange,SOL,Circle glasses,Wood,Firestorm,Viking,Laugh,Standard
6250,10,8001,18,https://magiceden.io/item-details/BJHXkFzXoM8D9VE81KZUYLN9TehLZ1phR9gBXQeJxnY5,Lightsaber blue,,Yellow,Laughing,,Paper,Haze,,Cigar,Standard
6280,6.5,5128,64.49,https://magiceden.io/item-details/EaJ9M8rUfvQngxkgqgVFWFtweddSnw4vjbk2VTmRGsKg,,Hexagon,Blue,Laughing,Glasses,Oil,Smoke,,Gas mask,Standard
6290,6.9,3349,67.6,https://magiceden.io/item-details/83DwWHecofRcuMvaL7SpSK5YEuVxzHcvDy92XqQgwMjm,Necklace LFG,Stars,Blue,Smirk,Sunglasses,Ethanol,Flare,Hoodie,Laugh,Standard
6306,7.7,2363,63.55,https://magiceden.io/item-details/6EvVKLvK1UcHqdMr3feenxGte3SbnHt8QZAFSH9vAWFu,Bowtie,Shooting stars,Orange,Smirk,Sunglasses,Coal,Inferno,,Grin 1,Standard
6334,10,4431,32.28,https://magiceden.io/item-details/BFdmELVGPQhDJ7pWaJvDDwTjoyJrvhZYQJYtQE6E2yed,Katana,Shooting stars,Aqua,Smile,Sunglasses,Incense,Haze,,Smile 3,Standard
6353,8.5123,2474,54.98,https://magiceden.io/item-details/D2As4Y495KrFNme8DBc2bkuzjPKyT9TgmBubUSRyAjQz,Necklace BTC,,Orange,Bitcoin,Sunglasses,Oil,Firestorm,Frog,Laugh,Standard
6376,9.71,9825,13.6,https://magiceden.io/item-details/FkaE8sZvv6V8vdLADoJFotKyjxUKBpsEtmpWLoepkE9z,,Stars,Purple,Confident,,Incense,Smoke,,Laugh,Standard
6404,6.5,664,82.34,https://magiceden.io/item-details/6r5u2DfLryp2pdXA4K15VDSjjm32X8uDqu5syJC47Mbt,Katana,Hearts,Aqua,SOL,Circle glasses,Rubber,Smoke,Cap,Mustache,Standard
6409,9.88,4272,34.11,https://magiceden.io/item-details/6bS84sgrszn63qzrtetQPCiFS3HGKZizA7pzBi7UFRaK,,,Aqua,Bitcoin,,Coal,Firestorm,,Laugh,Big
6415,6.25,3853,72.09,https://magiceden.io/item-details/FMQqKi9tAcR2oDzvhkM8X71KZVbLyM817fYaKesHTvew,Campfire,,Orange,Angry,Circle glasses,Paper,Firestorm,,Angry,Standard
6435,7.5,7808,43.77,https://magiceden.io/item-details/DFe7iqv6K1HYCRATkbWCSFRW1uj7TFmL553kEcuGYK1h,,Light shower,Purple,Angry,,Paper,Electric,Pirate,Grin 2,Standard
6452,5.4,5803,72.79,https://magiceden.io/item-details/Fq6j4njAgcYhxyitkBzTHCjj6Ufijggmhpe7h9LdwQzG,,,Pink,Bitcoin,Sunglasses,Rubber,Smoke,Pirate,,Standard
6471,40,53,0,https://magiceden.io/item-details/BTcCe36ST7SMQNRzx5xocK8i16qcfwcByRwqFfETPFoA,Sofa,FO,Blue,Wink,Matrix glasses,Wood,Firestorm,Horns,Smile 2,Standard
6495,7.8,2065,63.74,https://magiceden.io/item-details/HVEwkNQT14QNKUUEzXCkCHb35TdxbLQM8nAo1m1x5JKN,Katana,Hearts,Blue,Laughing,,Oil,Neon,Horns,Fire breath,Standard
6526,8.5,3128,52.49,https://magiceden.io/item-details/9j7BGsNAHmziQXEZxLZ6cWnBghhUhpeF3xPu4hQ7VXSk,Necklace BTC,Shooting stars,Green,Laughing,,Rubber,Smoke,Beanie,Laugh,Standard
6600,7.77,4890,52.74,https://magiceden.io/item-details/8cfwySzcWycV4MCmFzEugecDc1g9dEhK1K3u4x6QrfeM,Necklace LFG,Hexagon,Purple,Confident,,Rubber,Electric,Rice hat,Laugh,Standard
6601,10,2834,38.66,https://magiceden.io/item-details/oZktGMdETEigfRLJQP5hKszi2Bg1BcxePmP4LpSP612,,Hearts,Blue,Laughing,,Rubber,Firestorm,,Cigarette,Reflection
6621,10,9826,10.7,https://magiceden.io/item-details/7PYCowLnXUrJnhKbRsot7mEJVrXDhd1fRRqp9S7SHtrJ,,Neon frame,Blue,Confident,,Ethanol,Haze,,Smile 3,Standard
6628,6,9462,52.15,https://magiceden.io/item-details/G8w4tXaMFo66W37461v1M2K19Gg1LGxUgW9tfvbnvtdu,,,Green,Laughing,,Candles,Flare,Headphones,Smile 2,Standard
6642,14.99,534,0,https://magiceden.io/item-details/2DW7t2uThr6Jjf5ekPAGEXH6zvNf9g7XSMDN4Z1345P3,Necklace WAGMI,Light shower,Aqua,Wink,Sunglasses,Ethanol,Inferno,Bandana,uwu,Standard
6664,12,456,28.18,https://magiceden.io/item-details/55J7x78UMPRcke5t4N8iTa7qksdC4N1ocMgUW1d6JzDG,Necklace LFG,,Silver,Confident,Sunglasses,Gasoline,Flare,Cap GenesysGo,Angry,Standard
6697,7,1447,74.21,https://magiceden.io/item-details/2GE6awCPcQCrSeMWNQuZ9w8f6q2p5cQGKzmMZzTATv9p,Lightsaber blue,Rocket,Purple,Confident,Circle glasses,Incense,Flame,,Mask,Standard
6698,30,4350,0,https://magiceden.io/item-details/3vvie8QkwNKukC6pYkAh1dF2qvrXjh6BHG4BkjmUkYkZ,Necklace LFG,Aurora,Purple,Smirk,Sunglasses,Wood,Firestorm,,Cigar,Standard
6702,6,9427,52.29,https://magiceden.io/item-details/5AZwEfHHNWvfUcHst7RpSHjXZFydw8YJxwbQtZPndiDt,,Matrix,Yellow,Confident,,Wood,Firestorm,,Smile 2,Standard
6704,9.2,1784,50.86,https://magiceden.io/item-details/6RAM9rVMzfyNxjnCe4DTEVeJidnroLGaN2EfrzFQ3TND,,Wormhole,Green,Smirk,Glasses,Oil,Flare,Headphones,Cigarette,Standard
6719,49.8,459,0,https://magiceden.io/item-details/Dzm6GDH5YsMNfN4KH7FbwEFHvYb7U79yUSFZycYXQeco,Angel wings,Hexagon,Blue,Bitcoin,Circle glasses,Coal,Electric,Toque,uwu,Standard
6739,13,322,18.71,https://magiceden.io/item-details/CfUNBd3yPpVqL1DSgnxB3kwZTAumRbYTjUu7sQqwUjRm,,Underwater,Navy,Smile,Circle glasses,Ethanol,Combustion,Marine,Mask,Standard
6746,8.5,85,64.66,https://magiceden.io/item-details/HX9qg4dknRceQdLn9ijV8qtXbjJM9ccBscXh5E1f9gG5,Katana,Shooting stars,Green,Heart,Sunglasses,Gasoline,Combustion,Straw hat,Small,Standard
6754,9.6,236,53.06,https://magiceden.io/item-details/9EEPBA5t3uy2GALVqaCg3LuN9doGEpfTtp9arMqJJRAK,,Hexagon,Pink,Wink,Matrix glasses,Rubber,Combustion,,Fire breath,Baby
6763,5.99,8152,57.49,https://magiceden.io/item-details/2npGcBL1Qrdfg1wU9qMCJevYfjakTJpuChK3nDwWHp5k,Devil wings,,Orange,Wink,,Oil,Smoke,,Grin 2,Standard
6797,8.7,4677,44.29,https://magiceden.io/item-details/75nQwxCetZPgnWzxRjTydfQkEVyfBo2ujNdNgzwzNxnk,Devil wings,Shooting stars,Purple,Smirk,,Oil,Haze,,Cigarette,Standard
6802,18,1373,0,https://magiceden.io/item-details/CGomhkcvSU7sr6YjPwegSL2m1wmMBBGFU3xLgAtm4JcE,,Stars,Green,Angry,Glasses,Incense,Firestorm,Cap Synthetify,Laugh,Standard
6803,8,1531,63.88,https://magiceden.io/item-details/4rhWsMAmSye81ozsvJhrbXURmSabVTMHPxGTmg9mRqzW,Necklace WAGMI,Neon frame,Orange,Bitcoin,Sunglasses,Ethanol,Neon,Beanie,Cigar,Standard
6808,8.5,8777,29.89,https://magiceden.io/item-details/F3ucdTQPoL3e77S1DMQwxdi6Sy7eZwc6owG6He8sAezV,Necklace BTC,,Pink,Smile,,Gasoline,Flame,,Laugh,Standard
6838,9.99,439,48.34,https://magiceden.io/item-details/3xvp9NdX7hurtDz7fD4JbjrhLWXrqpHPzHsoecGtZZce,Lightsaber blue,Stars,Aqua,SOL,Pit vipers,Wood,Flame,Cap,uwu,Standard
6843,5.15,6331,73.18,https://magiceden.io/item-details/hGYiRVRCLR5rrBCPVXJPegAZK5Vztog7mZKa1RT482u,,,Orange,Wink,Matrix glasses,Rubber,Flame,Cap,,Standard
6869,16.16,1242,0,https://magiceden.io/item-details/44GNUnDoyJXPvVuturMwnn35Ecd1FFqsm6HDf7wMGe8k,Necklace LFG,Musical,Orange,SOL,,Rubber,Combustion,Hoodie,Mustache,Standard
6873,215,294,0,https://magiceden.io/item-details/8uaQwiN7Ls3mGJdfdot9amJWntwDv6vskWrLxMbwNUqu,Lightsaber blue,Underwater,Red,Smile,,Paper,Flare,,Cigar,Reflection
6876,8,6082,45.67,https://magiceden.io/item-details/8sNovvD3fFbFj3wJQj4EfoWxnPDKUPrPABjpu7J7Jy7J,Katana,Neon frame,Red,Heart,,Rubber,Firestorm,,Laugh,Standard
6880,50,3347,0,https://magiceden.io/item-details/3gNF6CtN122kKLHxdWwhVptVdmwW3UmDeo6yiAzPZQSZ,Necklace LFG,Neon frame,Pink,Bitcoin,,Incense,Inferno,Cap,Smile 3,Standard
6896,9.61,9510,15.86,https://magiceden.io/item-details/5PgsdDjFuLwArsL42WMabz5LA9w7X1z36XsZMQxhZiNw,,Aurora,Pink,Smile,,Paper,Haze,,Grin 2,Standard
6921,9.5,2168,46.33,https://magiceden.io/item-details/6Z9FjL5Mp3oyBvqQMtLP5Q93wztc1KuUk5Q3am4NjGVU,Sofa,,Yellow,Laughing,,Rubber,Inferno,Headphones,Angry,Standard
6933,5.6,6484,68.06,https://magiceden.io/item-details/H2D3fKb22hYXWZm5P1QEkaD2WDz9NDENmhEyFmTSzyWJ,Katana,Fractal,Blue,Angry,,Oil,Flame,,,Standard
6937,8.2,9994,28.02,https://magiceden.io/item-details/2aaZSLSfMueT3aBgLibUjJo3g6pjGASYW8RhHcYzjVMP,,,Blue,Confident,,Incense,Haze,,Smile 3,Standard
6947,7.87,7811,40.06,https://magiceden.io/item-details/9m6nYWDcN8jp7oYSHLFPq4K4wntEB4oUtYjN44LEzxHV,Necklace LFG,Shooting stars,Green,Confident,,Candles,Electric,,Grin 2,Standard
6950,8,133,69.47,https://magiceden.io/item-details/GB8qZHba6e6VQYizsAkqnrh4ikL4dUv3iuDsJUwF713V,Necklace LFG,Rocket,Blue,SOL,Matrix glasses,Oil,Flare,Rice hat,Small,Standard
6954,44,288,0,https://magiceden.io/item-details/7TkUcXAB1Z5rUu4D91bxov4KP4AgqkNuzeHxQS4aPzQZ,,Hearts,Green,SOL,,Coal,Electric,,Baby bottle,Baby
6960,10,3117,37.53,https://magiceden.io/item-details/HUJ5AbEoxow8RUCSGuMZdSp11w6m5vgxBrYZMuajh2UE,,,Orange,Laughing,Sunglasses,Paper,Inferno,Cyclist,Grin 2,Standard
6983,12,473,28.11,https://magiceden.io/item-details/FcJ8HEDE9kYWUo7CsuGo5CNJU2mdApkvTUvTToU8rzZS,Angel wings,Stars,Red,Smirk,Solanasummer,Rubber,Flame,Witch,Laugh,Standard
7001,11.99,2822,18.81,https://magiceden.io/item-details/HANuSYGFBWhWCj7jDJc919bDx4ALTQ7zuGRWNhKuK8KE,Katana,Underwater,Green,Confident,,Oil,Neon,Pirate,Smile 3,Standard
7008,14,1519,3.92,https://magiceden.io/item-details/GxeuANgyAh64RgAKLwvsz4brc1XDc3JYZzuCz9MCS3DX,Bowtie,Light shower,Orange,Confident,Sunglasses,Coal,Flare,Headphones,Mask,Standard
7010,5,5239,79.04,https://magiceden.io/item-details/GtAhT1aJesk1RwPEuMaySRK2UsjQwAQqpQQvHg7FtxLY,Necklace LFG,Stars,Orange,Smirk,,Wood,Electric,Halo,,Standard
7012,7.49,2801,63.9,https://magiceden.io/item-details/3tsagV14vyatDPiBiuexnpqQ3p6ZcFPDJHRmN4GHhVTV,Necklace WAGMI,Light shower,Green,Laughing,Solanasummer,Rubber,Flare,,,Standard
7022,7,3859,64.56,https://magiceden.io/item-details/C9aHWSnKt2poHYgKpyjiBbMTBgygcTrHjvDbojCioTUp,,Stars,Purple,Bitcoin,Glasses,Candles,Smoke,Witch,Smile 1,Standard
7029,7,2180,71.28,https://magiceden.io/item-details/Fun2r9HyaeEGENqvVMt5J4qCsPYqBNTbQxPoVP6xM2x9,Devil wings,Hexagon,Green,Wink,,Candles,Smoke,Witch,Cigarette,Standard
7039,11.99,3745,15.12,https://magiceden.io/item-details/DnUh999QCB4W9dSzrec6BQ4HyyZqr82TJRXYMsZL3bnb,Necklace WAGMI,Underwater,Green,Wink,,Incense,Haze,Witch,Laugh,Standard
7047,5.45,6531,69.38,https://magiceden.io/item-details/jS5ZBrwSMoatmHVPStVGgL4n7hZENspx9WzXuP1efPY,,Hearts,Pink,Wink,,Paper,Electric,Pirate,Cigar,Standard
7061,9.989,2448,40.32,https://magiceden.io/item-details/4bqJjaK6wQGueyfGAK2PsKKMb98hBKpJGfTnJsBCYhmq,Necklace Audius,Fractal,Red,Smirk,,Rubber,Firestorm,Frog,Grin 2,Standard
7072,9.69,9592,14.73,https://magiceden.io/item-details/6L3mD4vrHjw9ggievCV4Am1QoZYc9Jj9SV2cBLvjp5gc,,Hexagon,Yellow,Wink,,Rubber,Flare,,Angry,Standard
7118,9.99,2912,38.45,https://magiceden.io/item-details/7HvbGT2HSHfj4sgxJZqxdNqsFZBujoSmCnyqpPtNtxPZ,Necklace WAGMI,Hexagon,Navy,Bitcoin,,Wood,Haze,Horns,Mustache,Standard
7127,9,5958,36.17,https://magiceden.io/item-details/ZCxxUFmiMg3dMHr2VhcjavCUXKFut94zQCxKKMu1qHE,Necklace WAGMI,Matrix,Navy,Angry,,Oil,Firestorm,,Grin 1,Standard
7128,11.889,4908,11.48,https://magiceden.io/item-details/824VsvCWzxi5yY7LowZLqmJv1ZfbuQx915XGrFNsh4TS,Necklace LFG,,Purple,Smirk,,Wood,Flame,Pirate,Fire breath,Standard
7133,19.99,424,0,https://magiceden.io/item-details/6BQCypZZr1dHERbTA3ustogL4YpBYopDkm7qgGDH4LhU,Bowtie,Stars,Blue,Laughing,Matrix glasses,Candles,Smoke,Top hat,Mustache,Standard
7149,5.49,8276,62,https://magiceden.io/item-details/B8wuSoT3dqZKohpkGXM26abmL3mGvwJ3SL1GBXxytVFg,,Solana,Green,Laughing,,Paper,Flame,,Angry,Standard
7243,9.5,9288,17.85,https://magiceden.io/item-details/DdCPYiTZBa6arojRvgjp3J7AVfLB3BnNVhSiCLKQWVnK,,Stars,Blue,Wink,Sunglasses,Wood,Neon,,Smile 3,Standard
7251,7.49999999,2666,64.34,https://magiceden.io/item-details/757wfMYji4zqtqFHFEYTpDBQUEEmgqqruW59h86hDFM,Necklace LFG,Hexagon,Purple,Laughing,,Wood,Inferno,Headphones,Indifferent,Standard
7284,9.69,9613,14.65,https://magiceden.io/item-details/FuNwzioXYuTsuQK3vJ4h3CneCAnoQAY4Jh5qfnS9cfKy,,Stars,Purple,Laughing,,Incense,Zap,,Grin 1,Standard
7288,9.69,7085,24.76,https://magiceden.io/item-details/HUD18HEUsA4CR3pfeReg8yiGGNVra1ZscaUBBxmLeyXc,,Light shower,Orange,Smile,,Wood,Flame,Cowboy,Smile 2,Standard
7291,5.55,3801,79.3,https://magiceden.io/item-details/58Dx9EvcMvuaQimVZCPk29LyECTs7wAaL61HUPoQrB3Y,,Light shower,Yellow,Heart,,Candles,Flame,Horns,Bandana mask,Standard
7295,5.25,9614,59.04,https://magiceden.io/item-details/5YCLDh51Xv9mAQu9C3awxBJrUmDu9UhQQyXym1YaHQ5T,,Light shower,Purple,Smirk,,Ethanol,Flame,,,Standard
7305,9,9811,20.76,https://magiceden.io/item-details/5ShZZhyEAxv27DoybBThEKdS1zA7cfnHhKEA7XhutDrv,,,Purple,Wink,,Wood,Haze,,Mustache,Standard
7320,8.88,1234,56.26,https://magiceden.io/item-details/HioKd6A7b845MkisBagM1RzvNr6ASFp3CQngAPm6ffPq,Devil wings,Fractal,Orange,Laughing,,Gasoline,Solar flare,,Mustache,Standard
7329,10.5,8796,9.82,https://magiceden.io/item-details/6KmvjwvAwpyUezaYRzt4NZnnWttUDdKEZD3DdGU1xEUG,,Hearts,Purple,Laughing,,Coal,Firestorm,,Mustache,Standard
7335,15,3850,0,https://magiceden.io/item-details/DjdS6kKEkSTZB2fV4dirFH77HH25PxstnLTEChiJwWh9,Katana,Neon frame,Red,Confident,,Candles,Haze,Pirate,,Standard
7359,8.6,4424,46.3,https://magiceden.io/item-details/H9KukZu4AGTScEvM5CUuuhdV54bxzn3ZEFvzrycv9Ht,Angel wings,Neon frame,Purple,Smile,,Ethanol,Electric,Witch,Smile 3,Standard
7363,15,9198,0,https://magiceden.io/item-details/DHLErqsWK4LurgbfJ5vCV666ybQHXZSmPyFLBRebxGXL,,,Yellow,Laughing,,Candles,Haze,Halo,Smile 2,Standard
7429,12.12,5698,6.01,https://magiceden.io/item-details/9hRttg7TEpktjkH9UXNyP3qgxqWacE2kXddeNfKoQVSB,Necklace WAGMI,Neon frame,Blue,Smirk,,Incense,Flare,Pirate,Angry,Standard
7446,5.5,1693,88.23,https://magiceden.io/item-details/5gkgXjpiNAeiDq3jvUWdb6f52JtgaZjsPyDRz5x44k6K,Necklace BTC,,Pink,Laughing,Glasses,Rubber,Combustion,Headphones,uwu,Standard
7520,12.5,5878,1.49,https://magiceden.io/item-details/JD2bNyMsjKexsyh7Tv2Q95QVybe71bjkDLS9RAgEoY4L,,Matrix,Yellow,Laughing,,Wood,Firestorm,Halo,uwu,Standard
7522,7.3,9736,38.06,https://magiceden.io/item-details/CEhLpnL7zV2BMAkpi7KQrPXpo7vaoGEVUh4gBdTPTpaM,,Stars,Green,Confident,,Ethanol,Electric,,Laugh,Standard
7530,6.9,430,79.28,https://magiceden.io/item-details/EbohwfG3Vm1H1J42ij9NnixCoMzcDZGTQCtxaDFJQyUf,Necklace BTC,Light shower,Yellow,Wink,,Propane,Neon,Cap Solflare,Indifferent,Standard
7532,9,2468,50.13,https://magiceden.io/item-details/H77xSsAMAUdjmYmubMDGcVCCQ4CHqpcGpUtf1AYtnGQw,Devil wings,Neon frame,Purple,Smirk,,Candles,Haze,Cowboy,Smile 2,Standard
7533,13,1192,15.23,https://magiceden.io/item-details/6h91S7LGd8mxAyxLrHwNQKfd923dPzLcMs5ERsQRPj1n,,Fractal,Navy,Angry,Sunglasses,Rubber,Neon,,Smile 3,Reflection
7544,7,1410,74.36,https://magiceden.io/item-details/5d774sh7wGjhQmGqQfYexTiYPjQ4eb873gAfsUM8ztK6,Katana,Fractal,Pink,Wink,Sunglasses,Oil,Smoke,Witch,Grin 2,Standard
7548,11,6433,14.27,https://magiceden.io/item-details/32SWhwS4fmEb9MeJLFREk3C7ELACGrsmr2nmTJ6fXt7o,,,Aqua,Smile,,Rubber,Firestorm,,Laugh,Baby
7563,5.8,4974,72.1,https://magiceden.io/item-details/G4nixzoCsZWHFrSArz1vLV6VQ6nfZsYzRJXzidMCiPNk,,Thunderstorm,Blue,Confident,Glasses,Rubber,Haze,Horns,Laugh,Standard
7570,8.5,7243,36.03,https://magiceden.io/item-details/Bd2VCc1p4nkzRLCdbcsetsYV8zf2CRAmxiQ6tv9JzPcE,,,Orange,Confident,Circle glasses,Rubber,Haze,Witch,,Standard
7578,8.4,7405,36.38,https://magiceden.io/item-details/GHChz1dvrXU9mYbVPS4ZaYZe1FWPR5xtSvrW83nKAHQp,,Musical,Yellow,Confident,,Oil,Electric,Headphones,Grin 1,Standard
7593,7.5,3941,59.24,https://magiceden.io/item-details/B3Cvb3UdCtJPyZekaKGHYnrVqXvW9WZB1aLC8uEBiFcP,Necklace BTC,Light shower,Aqua,Heart,Sunglasses,Rubber,Electric,,Grin 1,Standard
7616,66,14,0,https://magiceden.io/item-details/AkT15awgSJPWCSvRh5rCYpiPwAvB7DbTxzaWSNptfEyT,Necklace BTC,Underwater,Pink,Angry,Matrix glasses,Ethanol,Neon,Horns,Grin 2,Baby
7622,10,4197,33.21,https://magiceden.io/item-details/ENqesp8oP6hxnRJYxqYhKLoDryo5c7aXf74T51eEUF6B,Devil wings,Hearts,Navy,Heart,,Gasoline,Flame,,Grin 2,Standard
7663,34.45,2540,0,https://magiceden.io/item-details/CLHk1mBgquM4BkTr31SG9AQUTUqzXaFQUuHrBZ4ByY6d,,Thunderstorm,Purple,Heart,Circle glasses,Incense,Flame,Pirate,Small,Standard
7683,12.34,847,23.21,https://magiceden.io/item-details/AyMe6gqNEhSKcgj7WYWdTnmGCxNo9bxCPWgvZmYfcwa8,Lightsaber red,Matrix,Green,Laughing,,Paper,Flame,Crown,Laugh,Standard
7684,7.69,3267,60.03,https://magiceden.io/item-details/4JR9B9ey6vSYtZuZW3NMzLmKvwEf7SRuKAgE9ncg6Ku5,Necklace SOL,Thunderstorm,Blue,Smirk,Glasses,Gasoline,Flare,,Laugh,Standard
7697,8.8,6507,35.97,https://magiceden.io/item-details/2mFkPJEXn7yqULsjJfDzBDUkJFCpySbDARVm54Z4yy8P,,Light shower,Blue,Confident,,Oil,Haze,Rice hat,uwu,Standard
7711,8.8,3601,47.6,https://magiceden.io/item-details/5mdHjFbKqYW8o8BL2Kh31rTvoJGqwv7EfRF7KhepJzUB,,Wormhole,Navy,Smirk,,Coal,Neon,Toque,,Standard
7712,29,4392,0,https://magiceden.io/item-details/AGENgoCi4TTKJh4HymSDXp6kST7JfCq3N6DfEUN9P1zz,,Underwater,Orange,Bitcoin,,Ethanol,Haze,Kabuto,Grin 2,Standard
7718,8.9,7632,30.47,https://magiceden.io/item-details/3fohFTaxXYpdKdJbyND9ijuEXuHg6XqXrLJbbCm3p4H3,,Hearts,Yellow,Angry,,Candles,Neon,Halo,Grin 1,Standard
7728,8.9,8859,25.56,https://magiceden.io/item-details/43XMnYSqhks3hsi3oj3uNtJzgw5j64KzgbF97eosdDfZ,,Stars,Orange,Heart,,Rubber,Haze,,Cigar,Standard
7742,9.2,3466,44.14,https://magiceden.io/item-details/9AkinnPTzP62PUS5gprYo21ThywMATrh4SwtQcBPapjV,,,Green,SOL,Sunglasses,Wood,Haze,Cap Phantom,Grin 2,Standard
7758,12.669,746,20.33,https://magiceden.io/item-details/qbHW6r5UaKf5ncrMTkHdF8MAZ8paay9SnmpCfWSNpsK,,Hearts,Aqua,Laughing,Sunglasses,Propane,Haze,Cap Phantom,uwu,Standard
7784,18.66,118,0,https://magiceden.io/item-details/9PZt141XnuaNWqxQ4qrJYGQhCqJEUpYUnZcVuDbgMS2R,Bowtie,Neon frame,Navy,Angry,Sunglasses,Propane,Smoke,Viking,Mask,Standard
7804,7.6,6012,49.95,https://magiceden.io/item-details/2XWrrEJUMpEf2XJnC4a6yGjr6H1pu7PwVEhiMA4UPEJm,Angel wings,Thunderstorm,Red,SOL,,Incense,Neon,,Smile 3,Standard
7813,7.95,8527,36.39,https://magiceden.io/item-details/AraQprpgWwehrR6rKkaVEpRvGWW7i9dBR7BRzcStok4a,,,Navy,Smile,,Rubber,Flare,Frog,Laugh,Standard
7849,69.69,1813,0,https://magiceden.io/item-details/BFpMaDFEnH14xjkR3t63YwPUSLm53oQNtuQt9dg5ze25,Necklace BTC,Stars,Aqua,Wink,Solanasummer,Wood,Electric,,Grin 2,Standard
7871,7.4,1073,71.71,https://magiceden.io/item-details/HKSWSecAnX6rz2GihMpFGf9yUqMTVG41v3U2ovS2LRL8,Necklace BTC,Shooting stars,Pink,Wink,Sunglasses,Oil,Electric,Cap,Cigarette,Standard
7877,20,7763,0,https://magiceden.io/item-details/G3rVYYrH7wgXG4XpK3Lhe3W9t7wRxmjThSSk7BwQWmi9,Necklace BTC,,Red,SOL,,Paper,Neon,,Cigar,Standard
7926,8,1691,63.24,https://magiceden.io/item-details/13BkUSrD5juvu4ujb6anMbPDsHB5cXrnP51YTZX55eq4,Necklace LFG,Light shower,Yellow,Smile,,Oil,Haze,Ribbon,Indifferent,Standard
7945,18,9033,0,https://magiceden.io/item-details/3aqDMNrzkNPstaHpuLvSjpZA2FGDXxScDMfqapTtnzru,,Hexagon,Green,Angry,,Incense,Flare,,Small,Standard
7960,8,1710,63.16,https://magiceden.io/item-details/6YTVHMZxp1JpKXshM6scetyqptMqBFPrP4B2DGC5PWqC,Sofa,Light shower,Navy,Wink,,Ethanol,Firestorm,Halo,Grin 2,Standard
7964,14,3094,0,https://magiceden.io/item-details/Ep3msEoEqNyisbQEzd83WDMeG5M8ogvyT49A13n2dJ9Q,,Neon frame,Pink,Smirk,,Wood,Neon,,Cigar,Reflection
7979,26.9,2552,0,https://magiceden.io/item-details/681EEYU9Ntnpahwkq7qxjBTZHbh1KRVrYU4guyaxUa4P,,FO,Silver,Laughing,Sunglasses,Paper,Firestorm,,Smile 1,Standard
7987,55,1372,0,https://magiceden.io/item-details/6KddsCjqZcnCQfUEZTkY532s3P21ZhV4AnqcqGHzq4pJ,Katana,Underwater,Blue,SOL,,Paper,Haze,Marine,Laugh,Standard
8036,10,2320,40.72,https://magiceden.io/item-details/9z2sKBsCWR1e1oTrmhYBoKXRgUQcCAFQNsXF6frZeRGx,Lightsaber red,Shooting stars,Blue,Smirk,,Coal,Smoke,Headphones,Smile 2,Standard
8058,6,902,86.39,https://magiceden.io/item-details/EoXb7kDDJR9cTgrZU1MVqLQTj7yhZxzjPzuLtp7JmthT,Necklace LFG,Matrix,Pink,Smile,Sunglasses,Wood,Haze,Ribbon,Angry,Standard
8071,6.969,1078,76,https://magiceden.io/item-details/FUK9Gkf7Xxtcwu5KwBFjDFgArZEFSmpFr96xBHxDuf6j,Necklace WAGMI,Musical,Orange,Smirk,Sunglasses,Incense,Haze,Cap Pyth,Smile 2,Standard
8081,8,9426,32.3,https://magiceden.io/item-details/8aiQt9SYhgQRg1C81SyBiAKfrXGrxrXtXS2rZr5DBjxs,,Fractal,Purple,Confident,,Gasoline,Haze,,Smile 2,Standard
8085,10,2620,39.52,https://magiceden.io/item-details/B6G8KFyC8UNjSTGNQAwhWHn52RdkhvzcvM2RA5sBeLrS,Katana,Light shower,Orange,Smirk,,Paper,Neon,Cyclist,Smile 2,Standard
8090,14,4639,0,https://magiceden.io/item-details/DAW8iuczMys7fUJCuFwXvyeEyuGbY4ujJFfxwgbE9Pqt,,,Yellow,Heart,,Candles,Haze,,Laugh,Reflection
8105,6.8,1457,76.17,https://magiceden.io/item-details/BXLkotj7r8kLXfBeSRNi8ULUD7bDn5sQwPYeXgekufEA,Necklace BTC,Fractal,Blue,Laughing,Circle glasses,Candles,Haze,Bandana,Grin 2,Standard
8118,60,13,0,https://magiceden.io/item-details/AMr96ttmpD1afqmbmxQbPGTL4QryCAfwRt9849dvSxdp,Lightsaber blue,Neon frame,Orange,Bitcoin,,Ethanol,Zap,Cap,Baby bottle,Baby
8129,45,1338,0,https://magiceden.io/item-details/2fsQMfK9w6Hpig9SktxiGVSwgVJBsBBHbsBuicGaBicf,Necklace LFG,Wormhole,Green,Bitcoin,Sunglasses,Rubber,Electric,Headphones,Grin 2,Standard
8149,45,5953,0,https://magiceden.io/item-details/BB5N9fY9d2Z71z5WwdSYtzhhhzpKD1ktDvMYJDNhkPDq,Devil wings,Musical,Blue,Wink,,Coal,Electric,,Grin 1,Standard
8155,15,6955,0,https://magiceden.io/item-details/H1jBCgkbgFaKzPoqd4TJRYap8VAkuFPbSzafnSYVLcPZ,,Aurora,Solana,Smirk,,Wood,Electric,,Smile 3,Standard
8156,10,7456,20.18,https://magiceden.io/item-details/EEGqfwjK3KtHegZSf77i1y5YX61WpB81eta7oxUpgKWD,,Neon frame,Blue,Laughing,,Paper,Flame,Kabuto,Smile 1,Standard
8159,45,6013,0,https://magiceden.io/item-details/CuZfgSi8LEphCqwMopG9JfAaucpmD9V6wUfjrFKzop6u,Necklace WAGMI,Stars,Orange,Laughing,,Rubber,Flare,Cap,Mustache,Standard
8173,5.24,6469,71.72,https://magiceden.io/item-details/2mWaPbsPMziwpXMVtxSiqk6P4YLFG1aJFSuogYajUwk9,Necklace Audius,Light shower,Pink,Smile,,Propane,Flame,,Smile 3,Standard
8177,45,3852,0,https://magiceden.io/item-details/BPQDDAHbSgDzg7A2EUjWGjm2SxtBJBnaxj8r1oBDP1fi,Angel wings,Matrix,Pink,Wink,Sunglasses,Incense,Flame,,Smile 3,Standard
8181,50,2898,0,https://magiceden.io/item-details/91ePTmJJ77y1Uf7w4quCJcVvdbtAsW9VWLs3r9oUjVWF,Necklace BTC,,Purple,Confident,,Coal,Electric,,Laugh,Big
8185,6.9,3569,66.72,https://magiceden.io/item-details/EPz1EU2mTiBN4GWMcNoyf1px91fdjfWhDQ8BcsxTNTVz,,Matrix,Red,Angry,,Candles,Combustion,Kabuto,Smile 2,Standard
8188,45,7933,0,https://magiceden.io/item-details/4MFsi796uj61UQNY1b6ax673L7wP5ZAfhUcvT4s6MHoa,,Light shower,Navy,Confident,,Paper,Flame,Beanie,Laugh,Standard
8196,8.25,8194,34.72,https://magiceden.io/item-details/DmUwdU5dXFoJyxZv7zGLrqBv7wfjr6uLT2qnhzYGXZzv,,Solana,Red,Smirk,,Paper,Haze,,Grin 1,Standard
8229,7,4408,62.37,https://magiceden.io/item-details/EYFWRjN69MBV1PdMoRn34nfYMQfSGAqTt8jNJJxkBkKd,Necklace LFG,Hearts,Purple,Confident,Matrix glasses,Incense,Zap,,Smile 2,Standard
8231,6.85,5229,60.58,https://magiceden.io/item-details/3fYrz82LVn7HN9U2Vd4HgPBWKKrPW3rFu4FhgxEe2Cux,,,Pink,Confident,,Rubber,Flame,Cap Pyth,Pipe,Standard
8243,18.88,6682,0,https://magiceden.io/item-details/GGyKaowyT4EAqMNzx3bM5wq3PMf15AVTrG46jbhhEREf,,Solana,Orange,Smile,,Wood,Flare,Cap,,Standard
8269,10,505,47.98,https://magiceden.io/item-details/H4Pzb1qRbYReExVRBDooU4Hrdg72Ggkx2UoDTpyAUBGT,Bowtie,Hexagon,Red,Heart,Circle glasses,Candles,Neon,Horns,Mask,Standard
8281,7.2,6798,50.81,https://magiceden.io/item-details/6ecy5LB5KtPckkaHneSRvCmesCMwheU1jwbbKrKw4wcV,Lightsaber red,Light shower,Green,Smirk,,Wood,Flare,,Angry,Standard
8287,18.81,336,0,https://magiceden.io/item-details/BBZcjQShjc9s6isJ3FqTnGLP3PyzkNJcmw5kG6fCnVx5,Katana,Fractal,Purple,Smile,,Wood,Inferno,Crown,Pipe,Standard
8326,14.9,497,0,https://magiceden.io/item-details/8ysQSBC1yUXsuwAL7tVEFCrawxZ4nNiaonXmRNtmfP9Q,Necklace Audius,,Purple,Wink,,Incense,Combustion,Halo,Smile 2,Big
8340,8.8,5067,41.73,https://magiceden.io/item-details/4XHnk7bVrbDcKd5Jx6xkXjhSArMmSQ3rqKHisz2aimsc,,Solana,Pink,Smile,,Rubber,Inferno,,Cigarette,Standard
8353,45,4289,0,https://magiceden.io/item-details/53A9QQkqhTVCu2BHftnPrvVXuzbD9WvMpLp9PrQVYtZS,Angel wings,Thunderstorm,Aqua,Laughing,Circle glasses,Rubber,Neon,,Smile 3,Standard
8357,18,443,0,https://magiceden.io/item-details/4ATZZfFwmEqV3KtNb8CFaCpYXaDmHHZ4mJq9nKUdDANY,Angel wings,Neon frame,Orange,Heart,Glasses,Candles,Haze,Halo,Cigarette,Standard
8360,50,5057,0,https://magiceden.io/item-details/FXVe4LJ9H21bUkxG41pv6t1QfKGf3T2E13FQtMZjk1PU,,Thunderstorm,Yellow,Smile,,Incense,Flare,Horns,Fire breath,Standard
8366,50,3702,0,https://magiceden.io/item-details/23Sp1UUEvjSjGLDQbZYXLSULaRX4xv15y3ocNUiKUvpU,Katana,Light shower,Green,Smile,,Coal,Electric,Pirate,Laugh,Standard
8374,45,2894,0,https://magiceden.io/item-details/5JxBRLQQxScYc1LANDwn3oq4DQYadHV19FgsMpB4FUgr,,Thunderstorm,Blue,Wink,Glasses,Candles,Zap,Hoodie,Angry,Standard
8377,50,1767,0,https://magiceden.io/item-details/GpdfiqXh2mfivHaLSEfNDm5bYyTxSFyUQ2GhTdsxS95P,Necklace LFG,Aurora,Red,Confident,Glasses,Gasoline,Haze,,Cigar,Standard
8380,50,7922,0,https://magiceden.io/item-details/Ck6rHaMeLXShkYQBuRNcrY8t1THeXw3qD2epcG8LTp17,,Hearts,Pink,Laughing,,Candles,Neon,Halo,Angry,Standard
8382,5.29,2102,88.69,https://magiceden.io/item-details/Absw4mb3cH4XCsKopYx9o5tyr7nyANBG3ZQghEuLqH9T,Bowtie,Aurora,Green,Wink,,Wood,Haze,Bandana,Angry,Standard
8384,20,1818,0,https://magiceden.io/item-details/BHpHxH9YkP1eqxwdzJoKMJSpzh3qtuJCiyHdV1goCbrc,Necklace BTC,Hexagon,Red,Wink,Sunglasses,Candles,Neon,Straw hat,Smile 3,Standard
8385,50,3673,0,https://magiceden.io/item-details/4DMfXfaQbFMpe9K2BouQozBF4tUmoEycz2BbwFTvz1E2,,Underwater,Yellow,Confident,Circle glasses,Paper,Flame,Witch,Angry,Standard
8393,8,1606,63.58,https://magiceden.io/item-details/HaGRZayUZmEnT8gohn43ncDZrsRufRL1Zwn66ATTLkoJ,Bowtie,Thunderstorm,Green,Laughing,,Paper,Combustion,Hoodie,Indifferent,Standard
8394,50,5394,0,https://magiceden.io/item-details/CXtQVtRAdiDAU19EBKq5xidJCACUjCePKiodiX1D4mBZ,,Hexagon,Pink,Bitcoin,,Wood,Electric,Hoodie,Mustache,Standard
8399,5.29,4771,78.02,https://magiceden.io/item-details/ga4vPWZ3fEHp46GRHR6uZMjZZmS2FwMGrbYVoeDCpnF,,Thunderstorm,Aqua,Wink,,Coal,Firestorm,Top hat,Smile 3,Standard
8401,50,3383,0,https://magiceden.io/item-details/J35YDaGtMkPW19r5dmbq9ZPibAG621ngujwsC8DgztNi,,Stars,Purple,Bitcoin,Circle glasses,Candles,Electric,Kabuto,,Standard
8405,50,4649,0,https://magiceden.io/item-details/2FsZjEpp8A3uhpasdiCinkirMzmW1AKV18tWkJQo5f7s,,Hearts,Red,Laughing,Sunglasses,Candles,Electric,Hoodie,Grin 2,Standard
8414,50,9689,0,https://magiceden.io/item-details/8T2XyxqW1ZG4f5gVVp14MHixmTQXJuxQ1zqZiTHmz9gi,,Stars,Purple,Confident,,Oil,Firestorm,,Smile 1,Standard
8417,5.39,4891,76.54,https://magiceden.io/item-details/2zQ9HxXw43C5xNbdtXmwe6GVW5mJ1Cmkhnhb1r2ndxme,Bowtie,Hearts,Green,SOL,,Candles,Smoke,,Indifferent,Standard
8426,50,9396,0,https://magiceden.io/item-details/DUA48wyfm5LUAQ3wyQ5ZtT7ECJQTzRgmRHFfcZJUyECt,,Aurora,Orange,Laughing,,Ethanol,Haze,,Smile 3,Standard
8427,8.5,6878,37.49,https://magiceden.io/item-details/EKeQK6qbhDWvmXCx6ZxjfAmriUAjwuPsvbGrZUK9oe5Z,Necklace SOL,,Blue,Confident,,Rubber,Electric,Headphones,Grin 2,Standard
8435,5.39,3937,80.35,https://magiceden.io/item-details/92trEF8wjy3tmnxNzhMdwt4DALQVtDMjNKYPwzAb6rL2,,Hexagon,Blue,Laughing,Glasses,Paper,Neon,Marine,Grin 1,Standard
8443,50,6064,0,https://magiceden.io/item-details/HWLNJeSnJpia8F95Rzj3ECRBgjWh7fCpwRsaEDKNtBBo,,FO,Aqua,Wink,,Candles,Smoke,,Laugh,Standard
8444,8,2060,61.76,https://magiceden.io/item-details/A4izgK8swtH5pvwpinEeJMYGpRMXVHvsDq8e7BCp9CTa,,Fractal,Pink,Bitcoin,Sunglasses,Rubber,Haze,Witch,Bandana mask,Standard
8451,50,4747,0,https://magiceden.io/item-details/FP3DhNxzERnN4SS43qoZVMMXSRm6BV6PDxU5a3nEVdFJ,Katana,Fractal,Yellow,Wink,Sunglasses,Rubber,Haze,,Grin 1,Standard
8465,5.39,6206,71.28,https://magiceden.io/item-details/28bpuSbEX94JFccRzwCGWTG5KC6dKBAn7y7xNVjPTHr3,,,Blue,Smile,Sunglasses,Oil,Firestorm,Witch,Cigarette,Standard
8468,8.75,6199,37.7,https://magiceden.io/item-details/FYhad7R6uXzhwE5FPEzwEJRjKYXEo3xcoLuqzxu2Tgwc,Necklace Audius,Hearts,Navy,Smile,,Incense,Neon,,Small,Standard
8470,20,24,0,https://magiceden.io/item-details/Bier55E9Eb3wuQgNaey2dJVkYiJTwBqBr22etFX5BDk2,,Neon frame,Aqua,Angry,,Chlorine trifluoride,Firestorm,Toque,Indifferent,Reflection
8489,5.81,7999,59.9,https://magiceden.io/item-details/BQenEF3QwG5Wq1pn1kKo315sCKrvShgVX48iiiS2HTPg,,,Red,Confident,,Ethanol,Haze,Pirate,Small,Standard
8490,7,8574,45.7,https://magiceden.io/item-details/8PToJ6dDPLkuPKfGpAex2J4fdm3Z6b8oahpQdqXuDvoD,,Shooting stars,Purple,Wink,,Wood,Neon,Cap,Smile 3,Standard
8494,50,3448,0,https://magiceden.io/item-details/9WiNL9kGa9GHXecUYHjxTH9iMeTKK4q1iMPGiB9qcs85,,Shooting stars,Orange,Heart,,Rubber,Flame,Cap Pyth,Laugh,Standard
8511,15.99,188,0,https://magiceden.io/item-details/88aCFdvRGXo2Ug6nmxi8YmrmoNHbhonPKNh87XyDDZSi,Necklace WAGMI,,Orange,Smirk,Glasses,Oil,Solar flare,,Grin 1,Big
8562,9,4204,43.18,https://magiceden.io/item-details/AT3DFT9LK4giQE5xoGvuc1es4GCuQPeGiyT9TGwcbwcU,,,Green,Wink,,Rubber,Electric,Football,Pipe,Standard
8577,21,2149,0,https://magiceden.io/item-details/2AJSK7WUtiveYJB5UA6PzMFVGRwn4bmWTd3wPbGc5obe,,Hexagon,Green,Laughing,Matrix glasses,Wood,Flame,Horns,Mask,Standard
8582,9.69,1612,46.65,https://magiceden.io/item-details/uzwssqHdtMYkuYkX4RsqRgRxTFzTDxHzHDJYxJQmJiC,Campfire,,Pink,Smirk,,Ethanol,Combustion,Halo,Small,Standard
8584,15,419,0,https://magiceden.io/item-details/7JwzXaEZQ39wb75yjb1DZN6EZpy6YF1PqsgQaqxEyt8e,,,Red,Angry,,Paper,Flare,Bandana,Bandana mask,Reflection
8650,10,7326,20.7,https://magiceden.io/item-details/Bom4n7an7rsJJAuvWESNiH69Gt95cfNhsDP69Qt6SZ2z,Necklace SOL,Thunderstorm,Purple,Confident,,Oil,Firestorm,,Grin 1,Standard
8656,6.969,1422,74.62,https://magiceden.io/item-details/GK9DTERLGSrt7uh4hvjcvQJJdY6JCfNiyH4xFw7J4j57,Necklace BTC,Underwater,Navy,Wink,,Incense,Flame,Afro,Grin 2,Standard
8683,7.9,2988,59.05,https://magiceden.io/item-details/68LYa69hSL7Foi6ZuPwFUYLriyk1SZw37TqTAa6eh7PR,,Solana,Orange,Smile,Circle glasses,Ethanol,Smoke,Cap,Grin 1,Standard
8694,12.4,793,22.83,https://magiceden.io/item-details/FPMdHmTDCfMr8L8H8xqkfykPcuwARBgSsaSWfg7LKcEj,Necklace Audius,Thunderstorm,Navy,Heart,Solanasummer,Oil,Flare,,Smile 2,Standard
8704,100,189,0,https://magiceden.io/item-details/76ajfAXRXKVXdBKZwvueua8uZhxqvs6AXf7hkQW5xWUh,Angel wings,Shooting stars,Navy,Smile,Circle glasses,Candles,Flame,,Smile 3,Reflection
8717,10,5334,28.66,https://magiceden.io/item-details/5841yg73x2GWBCnm5PecAgHcfbdFpYyfVeTfhpfcLYeT,,Matrix,Yellow,Laughing,,Coal,Smoke,Horns,Smile 3,Standard
8721,15,1087,0,https://magiceden.io/item-details/BY3TGwpF4ioZT2tc6hrNhACeQTpz3TzxpmLPmhjyMKkh,,Neon frame,Solana,Wink,Sunglasses,Gasoline,Combustion,,Fire breath,Standard
8731,14,355,8.58,https://magiceden.io/item-details/CTbyZgLheqPuPkkdyuTdJGapVaLr1DF8XqKu7DBBY2Ch,Necklace WAGMI,Stars,Blue,Wink,Sunglasses,Incense,Flame,Halo,Smile 2,Baby
8763,15,881,0,https://magiceden.io/item-details/9JV3YnPoeoyQQoRZJAGB4DaBiYk8NRFkdo48iYnKk1FQ,Necklace LFG,,Green,Laughing,Matrix glasses,Ethanol,Zap,Beanie,Cigarette,Standard
8773,50,552,0,https://magiceden.io/item-details/5g13ynVLacxWwDdHG5zqDZR1mXBbmnLgRjBmjHVfrZqr,,Hexagon,Aqua,Bitcoin,Solanasummer,Candles,Inferno,Hoodie,Smile 2,Standard
8780,9.69,488,51.15,https://magiceden.io/item-details/8oir9hyw3pHeMrmGjhoVN9YijYPHq1krTaScDwUnG9xF,Lightsaber red,Hexagon,Aqua,Laughing,Circle glasses,Incense,Neon,Beanie,Mustache,Standard
8786,50,1286,0,https://magiceden.io/item-details/fR4u92xeQ9NdSyPjSfmcB66D3rauYURyQqnL3XLhwc5,Campfire,Musical,Yellow,Wink,,Rubber,Combustion,,Bandana mask,Standard
8792,7.69,720,70.22,https://magiceden.io/item-details/4dRAtrg1sFzzQ8k2GVnTqHSguKxtCWBuZ6Fm5FLzXPKa,,Hearts,Pink,Smirk,Sunglasses,Propane,Combustion,Beanie,Fire breath,Standard
8806,14.33,6131,0,https://magiceden.io/item-details/5Kw9JQ4Ptwfy8DTnLknqiCubTTSQmzoanPfnWZfVdR56,,Aurora,Blue,Angry,,Candles,Flame,Visor,Smile 3,Standard
8813,50,7296,0,https://magiceden.io/item-details/9Q9BR8QRBG65H8i264ydJKAnMDZabDCTZJwfTHRrSd7m,,,Blue,Laughing,,Ethanol,Flame,Bandana,Indifferent,Standard
8820,14,3086,0,https://magiceden.io/item-details/3V2iAJtN5DqQHwvMhpF5RwkTJLKaF2sYWhoVPCXyjepU,Devil wings,Neon frame,Blue,SOL,,Oil,Firestorm,Headphones,Grin 1,Standard
8837,9,9651,21.4,https://magiceden.io/item-details/4RmoeXYekUrN2HCp1ppPJNBHW6jwNMpNqc1xU9CotTyc,,,Purple,Laughing,,Wood,Flare,Cap,Angry,Standard
8899,8.6,7625,33.5,https://magiceden.io/item-details/7FP4HgGi6pUWr7wiTQubQwvQPgKegeVqaR7r12sSGs6i,Necklace BTC,,Purple,Laughing,Glasses,Paper,Neon,,Laugh,Standard
8902,7.5,3818,59.73,https://magiceden.io/item-details/44xyEFeMhADhHDF3S98xorR1qndGQzkWMRZzNsbAy8bQ,Lightsaber red,,Red,Smirk,,Ethanol,Flare,Viking,Smile 2,Standard
8908,7.9,6640,44.44,https://magiceden.io/item-details/AHNCFxY3jrekFFxemYiQAhDVnLxKyWwtH5287caEgCsi,Angel wings,,Purple,Laughing,Circle glasses,Incense,Electric,,Laugh,Standard
8909,13,5038,0,https://magiceden.io/item-details/6RReMWhU8Fk8aEVd2gFPRM9zbN1pW73cdfQkqD8wxt72,Necklace WAGMI,Light shower,Purple,Heart,,Wood,Neon,Hoodie,Smile 3,Standard
8918,5.42,1498,89.81,https://magiceden.io/item-details/A61Ecrc4KWpN2rhdMF9jBAr2ked356yyv3Hg2FG1oexb,Necklace Audius,Fractal,Green,SOL,,Ethanol,Zap,Straw hat,Laugh,Standard
8930,8,7644,39.42,https://magiceden.io/item-details/XkZ3f9NYjEKRBwqmnxK6q13szkThWSG4drJdfkmqTRa,,Stars,Green,Confident,,Oil,Haze,Beanie,Grin 1,Standard
8937,5.99,460,88.26,https://magiceden.io/item-details/HrSSYmehwtdkKfCiHp1M4wEqzH36zb3waGH4tuAPnxa7,Necklace BTC,Neon frame,Pink,Angry,Matrix glasses,Incense,Flame,Beanie,Small,Standard
8951,8.9,9159,24.36,https://magiceden.io/item-details/7dQtfZ3NBAMUvhB2pLB8tcw1Jn31RrNHmY7WZGkJ7Nwo,,,Red,Smile,,Rubber,Haze,Headphones,Grin 2,Standard
8960,9.696969,382,51.5,https://magiceden.io/item-details/Csyp2k4p3DTN8pfgMvQpCGU6TUyukANiF7UNe5MvYCyo,,Fractal,Silver,Wink,Pit vipers,Wood,Inferno,Cap,Indifferent,Standard
8980,6.9,5426,59.3,https://magiceden.io/item-details/HorhdnTnkXT3mX5WMDfSssFg3Sddwqo9fEaH4x52RGYA,,Aurora,Pink,Laughing,,Candles,Electric,Witch,Mustache,Standard
8985,8.4,7539,35.84,https://magiceden.io/item-details/25E7MXFEyoaogTm8wP3rEfppLwEFb35RVRzHMsuyUMTE,,Light shower,Yellow,Smile,,Wood,Haze,Visor,Smile 3,Standard
8994,13.98,8349,0,https://magiceden.io/item-details/A6UvSMnL9NwEgVoTWdeEpZqmsGvYEKprnyDaBybWQxGB,,,Yellow,SOL,,Candles,Neon,Halo,Angry,Standard
9016,7.69,723,70.21,https://magiceden.io/item-details/FNF6BKczXZyXdwcTtSjbX8vdKNjRvM2DXhenLWUHQ6v3,Bowtie,,Purple,Heart,Sunglasses,Candles,Flame,Crown,Small,Standard
9018,10,143,49.43,https://magiceden.io/item-details/65xa5CxePyW13KcnePs8hXLZJqFQoKUHoYECv4JLsf9S,Lightsaber red,Shooting stars,Red,Confident,,Chlorine trifluoride,,,Angry,Standard
9020,12,4436,12.26,https://magiceden.io/item-details/4cbCnnE1bDk94gLQai1oEmLyWdz6HmfGKyHwmrMLiScq,,Hexagon,Purple,Confident,,Oil,Zap,Football,,Standard
9043,9,8348,26.61,https://magiceden.io/item-details/2sSzjmH9t5SogSh8EyMKVUiafEa3emJ6PEZARpFVbcY4,,Light shower,Navy,Confident,,Wood,Flame,Witch,Smile 3,Standard
9097,6,7513,59.95,https://magiceden.io/item-details/VYw1LictVNRYsAYQXL6puFWt8Tez9XqBn5kHiKmhzSq,,Hexagon,Orange,Smile,,Wood,Flame,Visor,Smile 1,Standard
9108,7,2887,68.45,https://magiceden.io/item-details/83kqRLr3JwijMwzBQrGn1b8jkD63cvQaYSvnv32TbDit,Necklace LFG,Matrix,Green,Laughing,,Gasoline,Electric,Headphones,Smile 3,Standard
9113,8.88888888,5515,39.05,https://magiceden.io/item-details/BUGq1VPsrdaSB63yGgyBWSoaMGgynq78UHwafDP5JcXR,Lightsaber blue,Hexagon,Orange,SOL,,Rubber,Zap,,Smile 1,Standard
9118,9.1,9878,19.49,https://magiceden.io/item-details/BX6hUEFrqmUL67jQjJ4K6McNN1uR56q6CW4iZnG9Ve5e,,,Orange,SOL,,Rubber,Firestorm,,Smile 2,Standard
9127,11.1,8895,3.42,https://magiceden.io/item-details/CKk7BXWhHogELoNDrgGovA14DTSChWNtuE79iDQf1gbY,,Neon frame,Blue,Smirk,,Wood,Flame,,Gas mask,Standard
9141,5.7,712,90.15,https://magiceden.io/item-details/FbHioumCwhUdAWY87tT5v1T6ZWRoCs95JqRQLXaAdD7u,,Light shower,Silver,SOL,Circle glasses,Oil,Smoke,Horns,Mask,Standard
9146,8.888,131,60.6,https://magiceden.io/item-details/GxyQmArgRYnoicZTARRhY3a2b61q5Ay66v6dp37pvh9e,Lightsaber red,Stars,Green,Confident,Pit vipers,Rubber,Smoke,Toque,Mustache,Standard
9147,15.5,5876,0,https://magiceden.io/item-details/FjDnX8ZajazhvfE4hYFwtkUkPhCpbRxKtjyMAgfFacLg,,Neon frame,Orange,Smirk,,Paper,Flame,Hoodie,Pipe,Standard
9151,5.5,2437,85.25,https://magiceden.io/item-details/G23Qpr5Hb1TguipSxbdqQwJLkohr5ZxyBsi5t8DT3gs6,,Fractal,Blue,Wink,Circle glasses,Wood,Firestorm,Visor,Cigarette,Standard
9152,7.5,7309,45.76,https://magiceden.io/item-details/AYN3Pv6EjDTbY57diK4CWaXU1YZFV5pEzdkENVwNiHot,Necklace WAGMI,Stars,Orange,Bitcoin,,Incense,Flame,,Cigarette,Standard
9154,10,8356,16.58,https://magiceden.io/item-details/JAjePRhPAnvcB95hUkHFZB9N5L1f9ugf3N3GgCBv6QhX,,,Blue,Angry,,Ethanol,Flare,Toque,Grin 1,Standard
9204,10,6236,25.06,https://magiceden.io/item-details/CTWbozJDAPFZZofyL6eahNUpzCoRFY4ieMv3NtnZz4Jg,Necklace LFG,,Solana,Smirk,,Oil,Neon,,Smile 1,Standard
9216,15.5,8282,0,https://magiceden.io/item-details/6LMcXvRAMQAJTYcC8iNmpNineKfeusERBvwc9Bd8KcsZ,,Fractal,Pink,Laughing,,Paper,Haze,Cap,Angry,Standard
9220,45,2212,0,https://magiceden.io/item-details/FtbKf8jYqWgAn9Ets1WqwsbfgEzHpZAcKgErZF1FHFg,Necklace SOL,FO,Aqua,Laughing,,Rubber,Smoke,,Grin 2,Standard
9247,29.49,547,0,https://magiceden.io/item-details/5ES1W3GAfw5gJD1P1RDAJ9QcExvmxAjynzu5WKPs2vw8,Necklace BTC,Rocket,Orange,Smile,,Incense,Flare,Cap Phantom,Indifferent,Standard
9259,8.49,6747,38.11,https://magiceden.io/item-details/CHgvCn5AWCLAAxxU6K5iRkwKLXdKF3VSFsMpB5Neoewd,Necklace LFG,,Blue,Bitcoin,,Rubber,Firestorm,Pirate,Laugh,Standard
9270,20,725,0,https://magiceden.io/item-details/D1M8KmeJnKXvmDA9MsrArn74nTpJwc3sfcS9SvauhgBF,Katana,Rocket,Pink,Laughing,,Candles,Haze,Cowboy,Cigar,Standard
9274,42,7345,0,https://magiceden.io/item-details/2Pv8BHe7PGzf6L8PS7EBDZmXo9sHaNHePy8m2pd5os2t,,Shooting stars,Purple,Wink,,Incense,Haze,Witch,Grin 1,Standard
9280,6.69,1880,75.58,https://magiceden.io/item-details/DWF6KSr9t6MMeDC8EN72em4pW26W22kyy9kpXeun3Gb3,Katana,Wormhole,Yellow,Confident,Glasses,Ethanol,Zap,,Angry,Standard
9290,6.49,8407,51.47,https://magiceden.io/item-details/aHeZ4kfwC99GCBRaT14v5fXHbAhdyd6A4SJq81nbCk4,,Stars,Orange,Laughing,,Paper,Smoke,Witch,Grin 2,Standard
9313,10.5,9501,7,https://magiceden.io/item-details/7modgdTyWzkQpAGuJaLNogTPyjoMKgC34ugDxbTsHyWE,,Light shower,Navy,Smirk,,Ethanol,Flame,,Laugh,Standard
9347,7.96,1904,62.78,https://magiceden.io/item-details/4v2G8qdaQVUmbvb7nDMtRqcW5TsFU8rMzqVtQtFhoB4C,Necklace BTC,Thunderstorm,Blue,Heart,,Rubber,Haze,Witch,Pipe,Standard
9349,26,72,0,https://magiceden.io/item-details/4yXxVV3DHwx1kJ3wK2CRbg5KrPHa5dFNttff4mLZWFYp,Necklace LFG,Light shower,Green,Smile,Solanasummer,Paper,Combustion,,Smile 2,Big
9351,8.88,8262,28.15,https://magiceden.io/item-details/Am3YtwAR4m8YHBHTXrp3wSu4d84hmUsVBT12y27LCXcs,,Hexagon,Aqua,Smile,,Candles,Haze,Headphones,Grin 2,Standard
9360,8.5,7398,35.41,https://magiceden.io/item-details/ERTFRAKyE383epuVVXwNQWsjqFyyvSEd3uM2x9iURpPP,Devil wings,Hexagon,Blue,Smile,,Paper,Combustion,,Smile 2,Standard
9418,8,404,68.38,https://magiceden.io/item-details/2NUD4mVcsfRugkT7Q54nWyzYmev74tLdchNnkhZU5qbB,Angel wings,Wormhole,Pink,Wink,,Paper,Neon,Cap Solflare,Mask,Standard
9420,8.5,6561,38.76,https://magiceden.io/item-details/HNnawuEjZQSfTrao1CkzGgKjNeYRww6x9dfZxYeQUj53,,Neon frame,Pink,SOL,,Ethanol,Neon,Witch,,Standard
9437,9.87,2035,43.16,https://magiceden.io/item-details/BXyPNqi2gtKnivEPfteAZJAbYecG65Xk391xdWztcfd5,Lightsaber blue,Hearts,Silver,Smile,,Coal,Neon,Witch,Grin 1,Standard
9448,9.99,1901,42.5,https://magiceden.io/item-details/Ceko323CaAc3wevBjqDmGPbvxQKoCEtiAGVyS3NddsCn,Necklace SOL,Wormhole,Purple,Confident,,Candles,Firestorm,Cap,Gas mask,Standard
9473,8.3,7812,35.75,https://magiceden.io/item-details/46icTY83S1iiWMgLuNkrmgzQpzzHm4Vvb8XXUTUuXF3u,,,Aqua,Smile,,Incense,Haze,Witch,Indifferent,Standard
9478,8.2,3142,55.43,https://magiceden.io/item-details/CcUpEAvrL4sJ3o5uTcrrUeKzpdyV5CAusWsiSauVLqG6,Necklace LFG,Hexagon,Aqua,Laughing,Glasses,Rubber,Haze,,Indifferent,Standard
9490,17.8,1337,0,https://magiceden.io/item-details/BEcfpoT2f9i4FfhPo6Bucr6PpcxhWVA8ca7mmGs8N4wo,,Light shower,Pink,Smirk,Scuba mask,Incense,Combustion,,,Standard
9492,5.2,6251,73,https://magiceden.io/item-details/B649hAQUu2LB4BfqJv5eS6Kc7H4t6ymPhJZRC2okuA7H,,Shooting stars,Yellow,Wink,,Incense,Firestorm,Beanie,Laugh,Standard
9504,69.42069,509,0,https://magiceden.io/item-details/5HYtb1korUmYQZrYMT2g8GTV4zgDWJtgopXATh2SPcbZ,Necklace Audius,Rocket,Yellow,Wink,,Wood,Flare,Cap GenesysGo,,Standard
9509,5.5,2913,83.35,https://magiceden.io/item-details/9Z7mgdzukGppnc3ZrKEacZY2EdmxH7MBkQanSKLaZ7w4,,Thunderstorm,Purple,Bitcoin,,Propane,Firestorm,Frog,Cigar,Standard
9510,13,5077,0,https://magiceden.io/item-details/GiZ21WXmpXyVtoktU524856Bd9b3s7jbCdb23wLjnS4U,,Light shower,Pink,Confident,,Ethanol,Neon,,Laugh,Big
9512,18,5427,0,https://magiceden.io/item-details/D4Yb5ugESxuRmTaSM2ykafNTczVKkdE4emBEPknNJAhM,,Underwater,Solana,Angry,,Oil,Neon,,Laugh,Standard
9529,15.99,949,0,https://magiceden.io/item-details/4XJ311TLsdxQu9q1RdvppwoVzLt3HXg8TU2ALbPUjAMC,Angel wings,Rocket,Blue,Laughing,,Paper,Firestorm,Football,Grin 1,Standard
9539,14,1200,5.2,https://magiceden.io/item-details/AJR5Po2ApBiQ8m2VY39Z6YRv2noWFfq6h9AQ6XAhU1B4,Angel wings,,Aqua,SOL,,Rubber,Smoke,,Smile 1,Baby
9549,11.77,7395,2.72,https://magiceden.io/item-details/CpZHmFMhP8gdqbVXQ9X2ZvoHW72NHGmrLtm7Np9pXDy9,Necklace BTC,Stars,Yellow,Bitcoin,,Paper,Firestorm,,Smile 1,Standard
9555,12,584,27.66,https://magiceden.io/item-details/6yyMj9BEymDqePU9ua7zBLGdnngFZUBA47saoiMkJwLb,Campfire,Shooting stars,Aqua,SOL,,Propane,Flare,,Bandana mask,Standard
9568,11.99,9708,0,https://magiceden.io/item-details/BPMg11Lkkd7QPEP4j4xn5ZpZ8CFbYseHn87wqw1R5YuE,,,Silver,Smile,,Paper,Flame,,Smile 1,Standard
9585,7.78,3946,56.42,https://magiceden.io/item-details/3qux6Bs3951MKSHDKgWYenYBk6ZBf7zGc42mmCHFumtz,Necklace Audius,Hearts,Green,Confident,,Candles,Firestorm,Horns,,Standard
9592,7.99,1911,62.46,https://magiceden.io/item-details/2PsVbBDYmJbRVGRddsvSwP7UQuMCN8crbcmhrcwn7DNQ,Necklace LFG,Fractal,Silver,Confident,Glasses,Rubber,Neon,,Indifferent,Standard
9598,15.5,3918,0,https://magiceden.io/item-details/EVqte6wJxgBLSyzyGJbAtRdASr72zM9SggSuuWvRmjRm,,Underwater,Purple,Heart,Sunglasses,Candles,Flame,,Gas mask,Standard
9603,39,4608,0,https://magiceden.io/item-details/37hzpzaiMhc19BxMzJxBxXubjHDoui16pV4LWF1u1Eq9,Katana,Musical,Orange,SOL,,Rubber,Flare,,Pipe,Standard
9619,100,3140,0,https://magiceden.io/item-details/BpU1AMgjHaKTGMww9poAdpVkSk24R9i3a8tyBo6Brwnz,Necklace BTC,,Navy,Smile,,Coal,Firestorm,Beanie,Cigarette,Standard
9620,9.7,9602,14.59,https://magiceden.io/item-details/GPJgohUDCxfZv8vnSYAyALjs7YDLPEyBrHXjkwws6cfu,,,Purple,Smile,,Propane,Flare,,uwu,Standard
9626,9.69,8087,20.75,https://magiceden.io/item-details/HGKw7sDV8RBbsZJUCP3efJoua8nerYg8AGJPpRzWHoQM,Necklace WAGMI,,Green,Laughing,Sunglasses,Candles,Smoke,,Grin 2,Standard
9637,99,1083,0,https://magiceden.io/item-details/2wbnEWcuScvnKWa6EFLZ7WuR9zHZMtSvRLKFNamxar9N,Necklace Audius,Underwater,Orange,Smirk,Sunglasses,Ethanol,Flame,Horns,Grin 2,Standard
9642,7.5,3433,61.27,https://magiceden.io/item-details/AFixdHVsWE39HQLxTkMfEeumkPPwJ2tfUSB5mX2oZsrE,,Musical,Silver,Smile,Matrix glasses,Paper,Neon,,Mask,Standard
9686,100,4937,0,https://magiceden.io/item-details/BuWrR3eFLE8XGoWewiaroSwwRsck1mWZ3GyrSwPkZUnN,,,Yellow,Smile,Circle glasses,Paper,Electric,Rice hat,uwu,Standard
9689,11.99,4225,13.2,https://magiceden.io/item-details/2nWSnG1m6DFwYURyiTrrg2HNuHC8C4psp4aQxi9eEKMW,,Rocket,Green,Smirk,,Incense,Zap,Hoodie,Grin 1,Standard
9704,9.98,5173,29.51,https://magiceden.io/item-details/4NhgwDooYNqoH3473JBpm77HBrMAucPFCX5g5F32F9Ug,Angel wings,,Pink,Laughing,,Candles,Inferno,Cap,Smile 3,Standard
9708,7.69,8694,38.32,https://magiceden.io/item-details/3tafL2hjtbrA3rAz7tnhA5eP23oNUYLtfTdRPa7RVZgV,,Thunderstorm,Orange,Laughing,Circle glasses,Paper,Flame,,Smile 3,Standard
9719,9,7890,28.44,https://magiceden.io/item-details/9jp36rwBy8eKVhNSVJyC8a1MqXEQWYZSeU3uCJfDd9V,,Thunderstorm,Navy,Smirk,Sunglasses,Incense,Firestorm,,Smile 3,Standard
9728,40,662,0,https://magiceden.io/item-details/GwvBY72gnnxhbiqVwdrv8uoDH1yFUDEc3Ci2ZN2nEfwc,Necklace LFG,Rocket,Blue,Heart,Sunglasses,Rubber,Flare,Headphones,Mustache,Standard
9762,6.9,2691,70.24,https://magiceden.io/item-details/F55ufWG7g3RzaZHxG1cBWuK7XJ4aNcrkjbG6bVA5AzA1,,Hearts,Pink,Smile,Glasses,Rubber,Smoke,Marine,Smile 2,Standard
9793,35,606,0,https://magiceden.io/item-details/J4BSRFQ8iJKmH8VqmWsk4mLU6EdeJRGq8G9NK9Vit3jn,Bowtie,Hexagon,Green,Wink,Solanasummer,Paper,Smoke,Cap,Angry,Standard
9806,8.5,744,62.02,https://magiceden.io/item-details/4vicG413nUABbw6ZmpKuwSKDq6Mauev8j1pX2chr9b5,,Fractal,Pink,Angry,Sunglasses,Chlorine trifluoride,Zap,Rice hat,Laugh,Standard
9808,10,7162,21.35,https://magiceden.io/item-details/6EfsDXNxeWUHnCaohZZQFtPrj3TeBTXbA5Q3MgdtHaSM,,Light shower,Orange,Wink,,Oil,Flame,Horns,Angry,Standard
9813,8,2104,61.58,https://magiceden.io/item-details/ADMQ9b5EQNEumR9mu7EDZf2Pi9zY65P1whYtxb8Wazdj,Necklace BTC,Neon frame,Yellow,Wink,,Wood,Flame,Bandana,Cigarette,Standard
9816,9,7949,28.2,https://magiceden.io/item-details/AbibpqR2ZgmeQpVnjBgLEKJRatZkht5wVyRAbWKJgm24,Katana,,Orange,Angry,,Paper,Electric,,Small,Standard
9844,9.5,612,52.55,https://magiceden.io/item-details/8yZbdcLRmr8BUy53d8jZCmWj97zLqpuJLQRdsRjHLkrH,Lightsaber blue,Fractal,Orange,Confident,Circle glasses,Ethanol,Solar flare,,Indifferent,Standard
9861,9.98,5801,27,https://magiceden.io/item-details/8G4CfHpHa2BPHJAUck6h4RYqefEzHCGe8q2XdsBwvV5x,,,Navy,Laughing,,Gasoline,Flame,Headphones,Fire breath,Standard
9871,6.01,8619,55.42,https://magiceden.io/item-details/FVKX1AG7hnhJnuWfBEPQae8RTDBNZssDWvm45TQwBv8f,Necklace WAGMI,,Orange,Heart,,Paper,Flame,,Small,Standard
9877,15,56,0,https://magiceden.io/item-details/FvQbqrfseCTsd9rr2m7daQcGAo6fUPV1NidU7JRi9ifx,,Underwater,Purple,Smile,Scuba mask,Coal,,,,Standard
9886,12.88,5749,0,https://magiceden.io/item-details/F94gmaz3A5jkDoQvB9GKezyW22w8iNRV8uTJWeCq2smZ,,Hearts,Green,Laughing,,Candles,Combustion,Viking,Grin 1,Standard
9887,5.4,2917,84.33,https://magiceden.io/item-details/Gf9PsRDki6oXP8pfQ2bhykYBa8yswtqwKb32WP7wUPu1,Katana,Musical,Green,Confident,,Rubber,Electric,Rice hat,Smile 3,Standard
9902,5.6,6102,69.59,https://magiceden.io/item-details/Dy3fNGsatKBPrbHmm1S8VPVYPLWdkz6DHL4Q9fp4qRAH,,Musical,Aqua,Confident,,Gasoline,Zap,,Gas mask,Standard
9930,8.25,8016,35.44,https://magiceden.io/item-details/6TwZ9XqHqDBygcYBZmZhCKgrjERtppYfFMjdJUa9zf6Y,,Thunderstorm,Navy,Smirk,,Propane,Neon,,Angry,Standard
9938,10,1593,43.63,https://magiceden.io/item-details/3rWVAB8rhgWfC9CS1f4KtPU9riLJkyfD1cEygKvEQoAd,Necklace WAGMI,Musical,Blue,Smile,,Incense,Flame,Cowboy,Gas mask,Standard
9965,7,4410,62.36,https://magiceden.io/item-details/B7nnGiG8UuNEPJWXkhaK7gWwemk3wUsR7Dwuq5nXC5cz,Lightsaber red,Matrix,Aqua,Smile,,Candles,Smoke,,Smile 1,Standard
9974,6.6,978,80.09,https://magiceden.io/item-details/AQ6jZQKpqYEBfJRmdqp9TfaxtMwXzcdNX5nBd8tay4WL,Necklace WAGMI,Musical,Blue,Bitcoin,,Chlorine trifluoride,Flare,Ribbon,Laugh,Standard
9997,12.3655914,7678,0,https://magiceden.io/item-details/2HfyQBkjb5CjDsLDmGVqz4NJGQVYpTL3nJoNgoy5xVgM,Necklace WAGMI,,Blue,Smirk,,Coal,Flare,Halo,Laugh,Standard
