id,price,moonRank,ðŸ’Ž score (%),storeURL,Artefact 1,Artefact 2,Artefact 3,Artefact 4,Artefact 5,Biome,Building,Fauna,Plot Size,Weather
0001,5,2061,29.5,https://magiceden.io/item-details/EcKs8R9dvR8kgK4oYaQacCbDzkHuKf1nnpy7Gy6McR2a,Empty,Empty,Cross,Urn,Empty,Garden,Arch,Scarab,2,Cloudy
0003,3.69,355,69.92,https://magiceden.io/item-details/6uACqEYjZEwqH5EEEKKEfzpYRYrZv9df83g9TPgFP4zH,Skull Pile,Chest,Empty,Urn,Skull Pile,Tundra,Altar,Raven,6,Radioactive Rain
0007,1.89,2247,57.62,https://magiceden.io/item-details/DAwxZR1zaAQYTspEmqSitiGdNeoxQ4ZrX36Kjkk246rS,Empty,Empty,Empty,Tombstone,Empty,Garden,Mound,Frog,4,Rain
0017,2,560,83.53,https://magiceden.io/item-details/3cRV3zq2h4S6RPiM7NNSXxxCPAaTD4wHFQxNEGU1iLx5,Coin Pile,Chest,Tombstone,Torch,Empty,Swamp,Arch,Scarab,2,Stormy
0031,1.6,1788,67.87,https://magiceden.io/item-details/9MmuDnJXRURa2ycoZUsi8j9pbq2rHodcuDqhZ6UpFt7H,Urn,Cross,Empty,Bonfire,Empty,Forest,Obelisk,Frog,2,Cloudy
0034,50,1265,0,https://magiceden.io/item-details/H3gXG5V46UoMBRt6RZUR5mjk1MuakE43bdGqdP7pKCwJ,Torch,Skull Pile,Cross,Empty,Empty,Garden,Mausoleum,Frog,6,Night
0044,10,76,11.28,https://magiceden.io/item-details/9pzFBvdRhy316ybMppZrhCuafERNgRqZPB9z1bKxBM64,Sword,Torch,Torch,Ornate Cross,Bonfire,Swamp,Pyramid,Snake,8,Radioactive Rain
0045,3.5,404,71.03,https://magiceden.io/item-details/8daQEkiNhPS2nwL4nzhroCaCSzPNQg7N9wZpQEHfNzdY,Skull Pile,Coin Pile,Cross,Bonfire,Chest,Jungle,Chapel,Raven,4,Night
0046,16,367,0,https://magiceden.io/item-details/8YgiwgqmN3K6RSVihRYQP1iV7Mr6aT2M3yxjEd6WPTKB,Torch,Tombstone,Cross,Cross,Cross,Jungle,Bloody Altar,Cat,6,Aurora
0047,3.5,134,75.35,https://magiceden.io/item-details/9dcPT3VMJJ9omxgrVepjzSPFpiA8UMFm7vMQgiJq7yFL,Ornate Cross,Ornate Cross,Ornate Tombstone,Coin Pile,Sword,Garden,Bloody Altar,Wolf,6,Fog
0052,1.6,2221,60.94,https://magiceden.io/item-details/9jyUGK96uio2sVjh2eGuv6jEgeSRt3Y6SpDwXmHaC38b,Empty,Empty,Empty,Urn,Empty,Desert,Hut,Frog,2,Sandstorm
0056,5,673,51.72,https://magiceden.io/item-details/3kTdhqwTp4xXZS6VGy7xV6eHUEmkkD3XArKZAFMVxkeF,Skull Pile,Tombstone,Bonfire,Empty,Skull Pile,Jungle,Arch,Wolf,2,Stormy
0057,2.4,685,77.53,https://magiceden.io/item-details/C7GjTSsxtxJuqeKBvjzjfiTTzSsHYRewxXxmVzJ9U7HA,Bonfire,Torch,Chest,Empty,Skull Pile,Desert,Evil Chapel,Owl,4,Cloudy
0059,1.7,2352,57.84,https://magiceden.io/item-details/8GQyAbXWZxnB8NzCVta6MD7j2sGp7jNUjrGMduMAt2hi,Empty,Empty,Empty,Urn,Empty,Desert,Obelisk,Frog,2,Fog
0062,2,1789,63.85,https://magiceden.io/item-details/6qyciREESEHGhM5pnsfsLcMd95xDQt6yjcEahjhNxE6L,Urn,Bonfire,Torch,Empty,Empty,Garden,Shack,Frog,2,Fog
0068,1.87,914,79.16,https://magiceden.io/item-details/8875PP2LMAxT9SA226iGdscHVogzpED9rbPuojMEnrio,Skull Pile,Bonfire,Empty,Bonfire,Sword,Desert,Mound,Frog,4,Stormy
0069,1.5,2354,59.81,https://magiceden.io/item-details/2xkhMNGduPpUU1g3vVce3SoFVBbFg6B93hrjDX5ZaPqW,Empty,Empty,Empty,Cross,Empty,Desert,Shack,Frog,2,Night
0073,2.15,704,79.73,https://magiceden.io/item-details/Eanx3PunQeG3eRQmM4goGtqPe7H9QyvK9XyagcgDeDbk,Urn,Bonfire,Tombstone,Tombstone,Torch,Garden,Evil Chapel,Cat,4,Night
0079,2.69,807,72.68,https://magiceden.io/item-details/81gdmCRs4ooUV9sZkgAS7JPRaueazMDpSCkejmFq9SR4,Empty,Sword,Cross,Skull Pile,Tombstone,Garden,Evil Chapel,Raven,4,Night
0084,1.6,2080,63.19,https://magiceden.io/item-details/9WxZwcx7GFWzX1zExGKmqUNQqYX3GXH3FjfF4BWc1N47,Empty,Empty,Empty,Torch,Urn,Forest,Shack,Raven,2,Sunny
0089,2,1856,62.78,https://magiceden.io/item-details/35JFubEsE2rTSQuAR2zyQJ3eszVCPGxZEgnsqQGn4thX,Empty,Empty,Empty,Bonfire,Torch,Swamp,Tholos,Scarab,4,Sunny
0090,2,562,83.5,https://magiceden.io/item-details/2Tdt9yq7cPgwESer1CKtKgkVmD6CQ9P2CRCKSMpg5zvr,Bonfire,Torch,Skull Pile,Cross,Cross,Jungle,Tholos,Snake,4,Fog
0101,2.4,1783,59.95,https://magiceden.io/item-details/Ag4Gcq3mJMhDTqhFJyypuuGU8aRUpQz7RmFe7qoUDwz9,Empty,Empty,Empty,Chest,Tombstone,Desert,Tholos,Cat,4,Cloudy
0109,1.74,1799,66.29,https://magiceden.io/item-details/97ti4DAoQCyrS4AEPXUnCKdNJgFmyEsF4zmreRoHzUaN,Empty,Empty,Empty,Torch,Urn,Desert,Obelisk,Scarab,2,Sandstorm
0112,1.9,2356,55.77,https://magiceden.io/item-details/Dniq2H2JtB3N4hvMWJj8ov15HzwNfowYxrB3fLSimBxP,Empty,Empty,Empty,Empty,Bonfire,Forest,Shack,Frog,2,Night
0122,4.2,915,55.85,https://magiceden.io/item-details/AyuvZWxMg2ASavpQMyBAgxPGQiWztThgjWKoeyJNqYog,Urn,Tombstone,Empty,Chest,Empty,Tundra,Altar,Scarab,6,Stormy
0127,6.66,1145,27.57,https://magiceden.io/item-details/5q2gvX4L2BwSGMssnN45ujCQfHQfnALB9yFefWsYJt93,Bonfire,Skull Pile,Empty,Torch,Empty,Forest,Evil Chapel,Frog,4,Stormy
0132,7.5,138,35.29,https://magiceden.io/item-details/44DYX2B81CchjXuuzWV6uvL2u85sHep2Se78vxvDXiF6,Urn,Bonfire,Sword,Sarcophagus,Skull Pile,Hell,Tholos,Owl,4,Stormy
0133,3.79,328,69.35,https://magiceden.io/item-details/EAiHWZWTTdpmxS86HP5GG1zeTZMxyaLudXbWZeC8vgcC,Torch,Sword,Ornate Tombstone,Bonfire,Bonfire,Hell,Obelisk,Snake,2,Cloudy
0155,9.5,90,16.06,https://magiceden.io/item-details/CcrfWcLDBJh8sncjEBK2Juv1zR4KyqnFHWFWKPRGry2e,Bonfire,Cross,Statue,Torch,Ornate Cross,Desert,Tholos,Unicorn,4,Eclipse
0158,1.5,871,83.55,https://magiceden.io/item-details/4CWMqBFxtfEX2HBtLDjxqQxPK3QBaRGLtcyQvSRpQohN,Torch,Sword,Sword,Chest,Empty,Desert,Obelisk,Owl,2,Sunny
0167,3.5,416,70.84,https://magiceden.io/item-details/DBPn37vqe4vq7nc2o2TBS1b66gtGTgGmsrPiwZQ1tbdJ,Urn,Torch,Urn,Chest,Empty,Jungle,Bloody Altar,Owl,6,Eclipse
0173,5.5,1581,32.18,https://magiceden.io/item-details/Ext75TBbTsxCu32VNbZfRt1BrAMPqVuLMr83DPFJguFi,Empty,Empty,Urn,Bonfire,Empty,Swamp,Altar,Cat,6,Rain
0176,5,131,60.4,https://magiceden.io/item-details/2kNQLjoBvZsc3QW2jECvwiPmHP4n7BgQ1bTA5WxtnPmf,Bonfire,Chest,Ornate Tombstone,Skull Pile,Cross,Desert,Cathedral,Frog,8,Fog
0183,4.9,63,62.49,https://magiceden.io/item-details/3yVVcEHuQmXeHB7bzzcvxqvd3kkLuEPH49dkdTomMi2Y,Skull Pile,Cross,Torch,Coin Pile,Chest,Jungle,Bloody Altar,Unicorn,6,Celestial Ray
0184,4,1189,53.46,https://magiceden.io/item-details/68hDGz6NBYCsbL4BPbzKaANtuDhePf8rCt8zmrwAL2Ht,Bonfire,Empty,Sword,Empty,Torch,Swamp,Crypt,Frog,4,Stormy
0188,5,1800,33.68,https://magiceden.io/item-details/5vVfsiN1Cm71ZuRa7J2xn9aHWorTLNVNErJVaVzEsh6N,Empty,Empty,Empty,Urn,Tombstone,Desert,Hut,Frog,2,Sandstorm
0201,4.99,1747,34.63,https://magiceden.io/item-details/shtE1WAMoJQhPCHp8y86Ymqj1qKPAtQWiWQraxTpHhP,Empty,Empty,Tombstone,Empty,Urn,Garden,Mausoleum,Raven,6,Cloudy
0214,2.3,2358,51.74,https://magiceden.io/item-details/5Rx5epWNgWWMudYHSyx3wA3GYtVSZD7kSo8PYpZA5bvp,Empty,Empty,Empty,Urn,Empty,Garden,Shack,Scarab,2,Night
0216,2.2222,1946,59.12,https://magiceden.io/item-details/HsU5wLvSwD5WwGSZA5ViL4R7ANB1SLCrFXkbmoxD9rnn,Empty,Empty,Bonfire,Empty,Bonfire,Swamp,Shack,Raven,2,Cloudy
0220,1.8,1079,77.22,https://magiceden.io/item-details/2WB1gLpUotbM1NfUT5DQDzVa4JbBEMSpSoobJdLCeBXK,Empty,Torch,Skull Pile,Bonfire,Empty,Jungle,Obelisk,Scarab,2,Eclipse
0224,1.49,2359,59.83,https://magiceden.io/item-details/oTfXYNWffVSJDdCTVhjfaG7hSDRdMrfb6epqZpFUr3o,Empty,Empty,Empty,Urn,Empty,Forest,Obelisk,Scarab,2,Sunny
0226,3.55,318,71.91,https://magiceden.io/item-details/CqLY4m8DSXfBtKdBGdvKxnejah3jpn94Sn7y71BwZAkQ,Chest,Urn,Coin Pile,Torch,Sword,Tundra,Hut,Griffin,2,Sunny
0232,4.98,27,62.27,https://magiceden.io/item-details/BkB7whjMgC7cVHJCygFxaNS4PNss99VVu416S4V2Vsv6,Coin Pile,Sword,Tombstone,Coin Pile,Ornate Cross,Heaven,Arch,Cat,2,Golden Snow
0236,2.5,1035,70.93,https://magiceden.io/item-details/49VK5YEuEMVFCQ1BcygiEbEAfmaHip7KURghBFFt3YB8,Skull Pile,Tombstone,Cross,Empty,Tombstone,Forest,Tholos,Frog,4,Cloudy
0238,1.8999,1611,67.7,https://magiceden.io/item-details/Ed5Mm5nEUwru9DrspLrMVkmCktund8dpEj3coDpxDEfJ,Urn,Urn,Urn,Empty,Empty,Forest,Obelisk,Frog,2,Stormy
0241,2,1199,73.3,https://magiceden.io/item-details/6X5ULozNJ26v4htuxNNGZTBqjcQrrvExLVEdAUDGHJ8v,Sword,Torch,Cross,Empty,Empty,Swamp,Tholos,Raven,4,Stormy
0242,2.5,2361,49.69,https://magiceden.io/item-details/8X8mHjuoZuyKGiGRoLi5opDKZoJ91mR7PPG1VC8MZ3cc,Empty,Empty,Empty,Cross,Empty,Garden,Obelisk,Frog,2,Sunny
0246,3.95,271,68.66,https://magiceden.io/item-details/7qyJbasUaJZJZXbHc3MngWehLVkKyq2arnDPBDv3CRay,Chest,Statue,Sword,Torch,Urn,Garden,Hut,Scarab,2,Radioactive Rain
0253,2.8,550,75.69,https://magiceden.io/item-details/DKoLMbeo2q9DEpVLiLt98y6TRg8GecnKckLB1bPNxbMz,Coin Pile,Urn,Skull Pile,Torch,Chest,Garden,Obelisk,Frog,2,Sunny
0255,4.9,153,61.05,https://magiceden.io/item-details/9Uaj97D3JVberJzyfzzqRY2XzzNFRE5KrNDLjUg8sA8o,Skull Pile,Ornate Tombstone,Empty,Skull Pile,Ornate Cross,Hell,Crypt,Raven,4,Radioactive Rain
0260,2,1884,62.33,https://magiceden.io/item-details/4sH39vJDYr1y6a7tXNT11bN8C1SGhwuyVfajsMJAuH4V,Empty,Empty,Cross,Cross,Empty,Forest,Arch,Cat,2,Rain
0275,2.4,658,77.96,https://magiceden.io/item-details/98vKwh6MfJDvBtNgPXNqVAJEZGVLQ5Thwk7bZGqBuFxA,Empty,Tombstone,Coin Pile,Sword,Cross,Forest,Mound,Raven,4,Stormy
0282,7.4,375,32.5,https://magiceden.io/item-details/77ApNoRmciMFVsexb7ywX8UK15aWQTRHRmmkee6rMKYJ,Coin Pile,Skull Pile,Urn,Sword,Chest,Tundra,Chapel,Cat,4,Cloudy
0284,2.2,389,84.27,https://magiceden.io/item-details/9sgfvWzHJ92fCz4m92BFg9Ej6RQRZYLLTME1vt2Gp1rd,Torch,Empty,Fountain,Coin Pile,Cross,Desert,Shack,Frog,2,Stormy
0285,3.69,1166,56.93,https://magiceden.io/item-details/FNwWG7H1R7uYrCwazUtPHBzAtt1yFWPnhGJFx4h2hCVt,Torch,Bonfire,Cross,Empty,Empty,Forest,Mausoleum,Raven,6,Rain
0290,2.78,623,74.72,https://magiceden.io/item-details/FgCTbnCXhrHhf1L7AstRetrMCk4iNM6yQNTWWhhg8VCb,Chest,Cross,Chest,Empty,Skull Pile,Tundra,Crypt,Raven,4,Stormy
0292,1.8,1908,63.95,https://magiceden.io/item-details/HQkGYBUfGET1zZ8a8rydgAFjUga9Mx713QMoujdxtmBg,Empty,Empty,Empty,Bonfire,Bonfire,Forest,Mound,Cat,4,Sunny
0311,2.7,720,73.97,https://magiceden.io/item-details/8Y713F98prRWHnKZcxgce7BvmPPm57jcbdSkXC9m3DnQ,Chest,Urn,Sword,Bonfire,Empty,Desert,Bloody Altar,Scarab,6,Sunny
0312,6,168,49.81,https://magiceden.io/item-details/HhhvF8T1GsibaHrTcRFcrSGX5nHZiRmLdY26qVD2E5BY,Sword,Ornate Cross,Sword,Sword,Torch,Tundra,Bloody Altar,Griffin,6,Aurora
0322,45,38,0,https://magiceden.io/item-details/6VxmJzQFCXYxbFpszKBCs1AuehZi1zRAiEyJVgrPoReM,Urn,Chest,Ornate Tombstone,Bonfire,Empty,Heaven,Ziggurat,Raven,10,Stormy
0328,1.58,2367,58.8,https://magiceden.io/item-details/G3qAU7RXD4pZLDXDbppjrCszZdmcckFKBFPtv8TSfUvg,Empty,Empty,Empty,Bonfire,Empty,Garden,Obelisk,Scarab,2,Sunny
0335,2.98,597,73.14,https://magiceden.io/item-details/GRf73CvxBxUSgRBmNzaJHYFnhP7DwvBG6FdkgUfJhpda,Chest,Urn,Bonfire,Empty,Chest,Swamp,Crypt,Scarab,4,Eclipse
0338,4.69,826,52.37,https://magiceden.io/item-details/72DrREFdg582j4WjSdEhSBEho5uvJVfawE5Qmom59kj8,Urn,Empty,Tombstone,Tombstone,Torch,Swamp,Altar,Raven,6,Rain
0343,4.25,181,67.1,https://magiceden.io/item-details/4GPHNv3NSbjn58TyEm6T1qxvGTzddheteozP2QsFzApF,Tombstone,Tombstone,Cross,Urn,Chest,Heaven,Altar,Owl,6,Aurora
0344,1.7,1468,71.99,https://magiceden.io/item-details/2WajH3JZ5yxH3mwhbkKLV5Ld1c2TiE7BvyP76P7SznqG,Sword,Skull Pile,Empty,Sword,Empty,Garden,Arch,Raven,2,Fog
0347,6.66,851,32.27,https://magiceden.io/item-details/3Rw8WHjZbBfEhB7XiMd1LMb8TBb98CjkKjZuGTYFrkKz,Torch,Cross,Empty,Torch,Torch,Forest,Evil Chapel,Snake,4,Cloudy
0352,2.5,1184,68.54,https://magiceden.io/item-details/EL7ya8TQYGEE3ZrkMZ6MbVr1tpsN3wNU5VN6RVbKqujY,Sword,Sword,Empty,Urn,Empty,Jungle,Arch,Owl,2,Sunny
0356,34,13,0,https://magiceden.io/item-details/9rBe1kUjhQwYpbnMNpvgihRVUukkocroEWjxwrGPxYyu,Cross,Fountain,Sarcophagus,Skull Pile,Coin Pile,Hell,Mausoleum,Cat,6,Radioactive Rain
0367,2.5,1416,64.83,https://magiceden.io/item-details/C3icFknDvNuVtXKiFssLmCWsnpb4AJvR4SF2R2JXQn7r,Tombstone,Sword,Tombstone,Empty,Empty,Jungle,Arch,Raven,2,Night
0382,5.55,695,45.87,https://magiceden.io/item-details/B76yu9J1qozepfgkNxmyS88uMypBVwTGM49735s6kciq,Urn,Bonfire,Empty,Tombstone,Sword,Desert,Crypt,Wolf,4,Eclipse
0393,2.7,1232,65.77,https://magiceden.io/item-details/6bWvRqruRdCZ8ynYtGiEQMjJ8Rf9ptawmspQ1miRcns,Empty,Bonfire,Cross,Empty,Bonfire,Tundra,Altar,Cat,6,Cloudy
0407,2,439,85.47,https://magiceden.io/item-details/BBsAWGBWLQVXT6ki7RGH8VvukU5DWcQLKv5SUVdddZnh,Sword,Ornate Tombstone,Tombstone,Coin Pile,Urn,Jungle,Obelisk,Frog,2,Rain
0414,2,1014,76.26,https://magiceden.io/item-details/4tKCr2J4cz1HK3VznZtoXqprtkb3ugpYeK4orUAWASB6,Bonfire,Urn,Empty,Empty,Tombstone,Jungle,Chapel,Snake,4,Rain
0417,3.9,216,70.04,https://magiceden.io/item-details/5t1GqVgPhQLXwU97mq3cjtnr2ctNtpivkiS98QxfyoN3,Coin Pile,Chest,Sword,Sword,Tombstone,Heaven,Arch,Cat,2,Sunny
0432,4,212,69.11,https://magiceden.io/item-details/DtqVkoVio3U2mi49EtQe3UqFttamwiwvSGhgBQeuKNPp,Chest,Fountain,Sword,Ornate Cross,Urn,Desert,Shack,Scarab,2,Eclipse
0433,1.99,2371,54.63,https://magiceden.io/item-details/6wv9UU5wTyhkfiNn7EFWkQTmZbb39QPF6rLRhgLwgAPP,Empty,Empty,Empty,Torch,Empty,Garden,Obelisk,Frog,2,Night
0434,2.55,1569,61.88,https://magiceden.io/item-details/9xq3eeUmNhRq5Cn1sfiYybFRh178My3cSVxhhHP2bGTv,Sword,Bonfire,Urn,Empty,Empty,Garden,Mound,Raven,4,Cloudy
0455,2.8,1716,57.02,https://magiceden.io/item-details/2uY4ULf8TytZT78V9YC3yRUq1NUSEZdofSPCdiX4yXHB,Empty,Empty,Tombstone,Empty,Skull Pile,Desert,Mausoleum,Frog,6,Sunny
0459,2.49,333,82.27,https://magiceden.io/item-details/6EjLR5Nj9thLFss6TjRKkbBeoRE84vktjY1K1CZrGMi4,Cross,Coin Pile,Ornate Cross,Skull Pile,Chest,Desert,Hut,Scarab,2,Stormy
0465,1.5,1646,71.14,https://magiceden.io/item-details/E1Fy8dXPgEwzJ6rPcAc5XH2W8XcsnTN7GYoUBBV2gxWc,Empty,Empty,Urn,Tombstone,Torch,Desert,Mound,Scarab,4,Fog
0468,2.5,938,72.48,https://magiceden.io/item-details/C6ermUzyTV8Gjv9VVo1BKya2AqLL7ygUwwhVDqoSC5g1,Torch,Skull Pile,Empty,Sword,Skull Pile,Garden,Crypt,Cat,4,Night
0471,35.69,16,0,https://magiceden.io/item-details/Gop6gYSbUktKwxpQZbthWZw4jJN21JjJXjuMyQnqHj4X,Empty,Coin Pile,Ornate Cross,Torch,Empty,Hell,Ziggurat,Unicorn,10,Stormy
0483,3,1667,55.81,https://magiceden.io/item-details/5UFc5amuK4T6T1XPZpoqtzpqu5K2tv6oRGGj5SmVbToo,Cross,Empty,Tombstone,Empty,Torch,Forest,Arch,Cat,2,Fog
0486,2.48,1979,56.01,https://magiceden.io/item-details/EuWJFaWyPU2Cb8pZDQjWERSTf3DjDfJY6pPQVD3VU3Wp,Empty,Empty,Bonfire,Bonfire,Empty,Garden,Mound,Frog,4,Night
0492,4.3,227,65.87,https://magiceden.io/item-details/G1FFbVCCeoch9f2LBnxpeeDY29ziQAQ8KMuQnxQPFk1X,Sword,Cross,Bonfire,Coin Pile,Torch,Hell,Arch,Griffin,2,Sunny
0504,20,161,0,https://magiceden.io/item-details/8wsJ4ikEcLqepvdY1WBwWcbRd3bVNwTqrgJee6jRmyX9,Sword,Chest,Empty,Sword,Urn,Swamp,Bloody Altar,Dragon,6,Cloudy
0505,2.2,1054,73.62,https://magiceden.io/item-details/5sBQT9NFG9Nx2fGbgg14rCXEBhhW6Sd7HKhpcPqBecNR,Empty,Empty,Chest,Cross,Bonfire,Forest,Tholos,Frog,4,Eclipse
0506,2,954,77.22,https://magiceden.io/item-details/FxkNZxt1ExdC8m97K2QK2pxujppE8oFg68p98M14xaws,Cross,Bonfire,Urn,Empty,Sword,Swamp,Shack,Wolf,2,Sunny
0507,1.98,1323,71.52,https://magiceden.io/item-details/3se5Duq4a6nsDFm2UX7eMoWn1wva9dh12vYVfGGz9aE2,Torch,Torch,Empty,Empty,Cross,Jungle,Chapel,Raven,4,Sunny
0508,4.269042,400,63.4,https://magiceden.io/item-details/2vLFsYc7nMUe8kDi3ZEHKs4pHo2hMnPsqG9YQ3x4xKvo,Torch,Ornate Cross,Torch,Cross,Tombstone,Garden,Arch,Unicorn,2,Fog
0509,2.22,931,75.39,https://magiceden.io/item-details/Et5HwtYQU8kTwpuJBEixcBmmQXT9Z6J5XrdRfoDRVPNX,Empty,Tombstone,Skull Pile,Empty,Empty,Desert,Mausoleum,Owl,6,Sandstorm
0525,5,1041,45.83,https://magiceden.io/item-details/m79MpGNrYbK8RCYFvayLqLER4H2EPBPBALuWZaFNYkb,Empty,Cross,Skull Pile,Tombstone,Empty,Swamp,Crypt,Owl,4,Night
0538,2.8,285,79.94,https://magiceden.io/item-details/2D4j18Zyzm5762k8B4seaaYvvH6duSMvAJPY2dcKHiyF,Torch,Tombstone,Cross,Sword,Ornate Cross,Tundra,Crypt,Raven,4,Radioactive Rain
0549,2.7,1507,61.37,https://magiceden.io/item-details/C4mJErtHr512da9vA2bqB8UDh4jVSP6Ch3Y35z5nJQ4r,Tombstone,Bonfire,Empty,Empty,Bonfire,Tundra,Mound,Frog,4,Night
0556,3,526,74.08,https://magiceden.io/item-details/52JA1DqGJ7yQvy9xq65EkejELvvwmowjur8DCiiFESR2,Chest,Tombstone,Coin Pile,Empty,Skull Pile,Forest,Chapel,Wolf,4,Fog
0558,2.49,345,82.08,https://magiceden.io/item-details/BkhxX9YsdR2TZe4QWV1qUuPcWQY1Fuxqc32gTm2iwUVu,Tombstone,Sword,Cross,Coin Pile,Torch,Desert,Evil Chapel,Owl,4,Stormy
0578,1.55,1715,69.54,https://magiceden.io/item-details/37rMRj2kpnHVzQ5tcwYoMgQAExwn9PiWa6Pj9ogjFR9v,Sword,Urn,Bonfire,Empty,Empty,Desert,Shack,Cat,2,Night
0586,12,4,0,https://magiceden.io/item-details/H7HmWDjyVhzaL2zowR3RDMKb1p1ucpoNDGRxAhCkfaSX,Ornate Cross,Fountain,Coin Pile,Skull Pile,Chest,Heaven,Mausoleum,Unicorn,6,Eclipse
0588,2.7,1911,54.9,https://magiceden.io/item-details/AcKtoSikEB6qvhPdJZsgHg6xCB9iLatBjGzQG8AyGEi5,Empty,Empty,Empty,Cross,Bonfire,Desert,Crypt,Raven,4,Fog
0589,2.49,1029,71.12,https://magiceden.io/item-details/EHEXQ1oCaJaatKE9vmUcMAHw3J66nZpvEFwaHqNKB7t4,Sword,Cross,Empty,Sword,Empty,Swamp,Altar,Cat,6,Rain
0595,1.8,1982,62.76,https://magiceden.io/item-details/CCqgCqdbP3WEDAaAiVY6MAx9Uqrunznk3jGGZQsDM17F,Empty,Empty,Urn,Urn,Empty,Desert,Crypt,Frog,4,Cloudy
0602,5,653,52.04,https://magiceden.io/item-details/2nDkzrsz8E3Qw2DC6zkEhVAdJRnAFA6H8JgqoJLc3f15,Urn,Cross,Empty,Tombstone,Chest,Forest,Evil Chapel,Snake,4,Stormy
0606,6.44,61,47.12,https://magiceden.io/item-details/4wBipiReuBcVoAHRDFoJq4bjMHw25WDRAyXfNnNsCkRH,Tombstone,Ornate Tombstone,Sword,Ornate Tombstone,Torch,Forest,Cathedral,Cat,8,Celestial Ray
0608,4.5,497,59.54,https://magiceden.io/item-details/CRBBqHUahD95FD5D6Q7UXRrkBzMQkVriYTYAuc5bfakR,Bonfire,Sword,Chest,Empty,Urn,Forest,Mausoleum,Wolf,6,Eclipse
0618,3.3,1146,61.15,https://magiceden.io/item-details/5cR1k6m9S5thXN2ePJyg35apGqe82ZKsh4HMPqFvrjPZ,Tombstone,Urn,Tombstone,Tombstone,Empty,Forest,Tholos,Frog,4,Sunny
0619,1.75,1390,72.74,https://magiceden.io/item-details/CL2xGbNyztyvRK5fTb334LHNM7qcdBKJBkBkCKYMKgru,Empty,Skull Pile,Empty,Skull Pile,Cross,Swamp,Shack,Scarab,2,Sunny
0622,1.25,1315,78.94,https://magiceden.io/item-details/35hX885z5X7nkz4ojZMkQfEVSLxd2HipqMwtEL7fPBe6,Bonfire,Empty,Sword,Skull Pile,Empty,Swamp,Obelisk,Raven,2,Sunny
0626,2.9,420,76.77,https://magiceden.io/item-details/AERiMD2ZHGhfmB8PyR1J4XKzNCXAJ4Sb3Dysy1thrJmU,Tombstone,Cross,Gallows,Bonfire,Bonfire,Desert,Shack,Raven,2,Sunny
0631,2.5,2379,49.41,https://magiceden.io/item-details/C4nfxkd7t5FTvCXGPH9ZVDPwdaqGXxK5PphARJinQVC5,Empty,Empty,Empty,Cross,Empty,Desert,Obelisk,Scarab,2,Cloudy
0633,1.6,699,85.31,https://magiceden.io/item-details/AVZcMARowZURZ1jUxtPVDn5uFg96YqpdK4mbuuA7ioiU,Skull Pile,Cross,Urn,Cross,Ornate Cross,Desert,Hut,Frog,2,Cloudy
0643,1.99,2226,56.96,https://magiceden.io/item-details/CM4WZCUwFahEPnftvXaZnQRXnkj4gvJPxCLEzrTz4Jhm,Empty,Empty,Empty,Cross,Empty,Desert,Hut,Frog,2,Sandstorm
0645,2,1030,76.01,https://magiceden.io/item-details/BGL9JvfsyqY1CondwpMthspMi3PLmADZH4L1xy8eqKdB,Cross,Tombstone,Empty,Empty,Coin Pile,Jungle,Arch,Raven,2,Stormy
0676,3.99,110,70.84,https://magiceden.io/item-details/FX1AdF55kMLMxtmhewjNrxECULUR6dFxZVyPKVfuNyUT,Bonfire,Coin Pile,Statue,Sarcophagus,Sword,Forest,Obelisk,Snake,2,Stormy
0678,8,1685,5.52,https://magiceden.io/item-details/A1GSf6KcdTZ1yhEqRRxGaX8x7UsnqA354zdGAnU4yiDo,Sword,Bonfire,Empty,Empty,Cross,Tundra,Obelisk,Scarab,2,Night
0679,5,95,60.98,https://magiceden.io/item-details/Qs4QYm9U9cUM2iRP7hGxDsSbsJdVWK8Pih8YNofWirs,Ornate Cross,Ornate Tombstone,Skull Pile,Sword,Tombstone,Heaven,Bloody Altar,Wolf,6,Sunny
0680,4.4,81,67.2,https://magiceden.io/item-details/6wnuGeGfjtPgGNn7Lechu4nKPWUxJMkFHwzfE83wtX9F,Ornate Cross,Chest,Skull Pile,Chest,Skull Pile,Jungle,Altar,Unicorn,6,Night
0681,4,441,65.44,https://magiceden.io/item-details/8Pi7UWM4pvs5qy5S7W2Ugpqg7UxNAPdQ75kQ3xAchpyV,Bonfire,Urn,Cross,Torch,Coin Pile,Garden,Evil Chapel,Cat,4,Aurora
0682,1.8,923,79.72,https://magiceden.io/item-details/TXrkCEPDSwpwiaLUuoCis3s97ikz6Xi9bx89YmRHnAF,Urn,Tombstone,Coin Pile,Empty,Cross,Garden,Obelisk,Cat,2,Cloudy
0683,2,2279,56.01,https://magiceden.io/item-details/DWx7jdRx8BjYsMUZzJfTBk3mFJGkUDQ1LebMkwkdsNg,Empty,Empty,Empty,Urn,Empty,Garden,Hut,Scarab,2,Rain
0685,1.48,2096,64.14,https://magiceden.io/item-details/HhByCh3JCL2xbYQqBMJ5FCwUsrtapkxawcY31nJsvcZ1,Empty,Empty,Empty,Bonfire,Urn,Forest,Shack,Cat,2,Night
0686,3.5,311,72.52,https://magiceden.io/item-details/J4uNcpA2tUBE7Py8MiDbF19aQNxKkMVuxLo9HqJzJBJp,Skull Pile,Coin Pile,Empty,Chest,Bonfire,Forest,Bloody Altar,Owl,6,Aurora
0689,1.6,1520,72.16,https://magiceden.io/item-details/22TxwabUMWsbVSAZnEZgVVbna5QebjUEu4Gu71kBMWVW,Bonfire,Empty,Tombstone,Tombstone,Empty,Swamp,Arch,Raven,2,Cloudy
0692,1.479,1257,77.58,https://magiceden.io/item-details/CopBLjrc5zME8so2521W674rF9yUthohwnWVK6EZ4GC2,Torch,Sword,Bonfire,Empty,Empty,Garden,Hut,Snake,2,Stormy
0698,3.49,184,74.65,https://magiceden.io/item-details/DhhMTn7NrSH7jxKm7Ugfj9Zg6N5gHbtjrNiVTLs82wSZ,Cross,Chest,Urn,Chest,Chest,Desert,Hut,Griffin,2,Celestial Ray
0702,4.75,784,52.45,https://magiceden.io/item-details/417MVdaxk2gHdg4ZCAyqNGFz93tk99Tgr54rNw472JgD,Empty,Torch,Urn,Tombstone,Coin Pile,Desert,Arch,Raven,2,Eclipse
0710,2.3,858,75.76,https://magiceden.io/item-details/7SZZzq6tHQcyH2Sz5ARPCFM6ZNJEGs2EtLs5TymJQHuW,Empty,Skull Pile,Urn,Chest,Skull Pile,Desert,Shack,Raven,2,Stormy
0716,2.5,1858,57.75,https://magiceden.io/item-details/HGvDvZ7xkvZpT1FxpyJV3tGNxxuLhzxFqTZALEs86hbA,Empty,Empty,Bonfire,Empty,Torch,Swamp,Tholos,Scarab,4,Cloudy
0717,2.5,1191,68.43,https://magiceden.io/item-details/4WU5zV7eDxaRMHJ7tKxN8meFiXRfntHt6T1Le2fYvK1s,Torch,Sword,Empty,Empty,Chest,Swamp,Crypt,Scarab,4,Cloudy
0719,2.4,1518,64.19,https://magiceden.io/item-details/2piwhiW7hS5FSvnTNL2zgRC97Cf47adikEkAUuFnK4Wz,Empty,Empty,Empty,Sword,Cross,Desert,Tholos,Cat,4,Sandstorm
0733,1.98,1099,75.1,https://magiceden.io/item-details/2s2vqk9TFi9qzxtNRVtu793YoW7v5y9Bv8fWKtvoRye1,Cross,Torch,Empty,Bonfire,Torch,Jungle,Shack,Frog,2,Rain
0734,5,1859,32.73,https://magiceden.io/item-details/BkBNEzq7KSB7euK4FAvUpVwozAvMH9TgC96L7zjURtZ7,Empty,Empty,Urn,Tombstone,Empty,Swamp,Crypt,Frog,4,Cloudy
0736,3.33,257,75.08,https://magiceden.io/item-details/2UoDEnh5BboX98Sum2GbkTtxidAUipx8FgxGdv6hdEYH,Cross,Bonfire,Sword,Torch,Cross,Desert,Bloody Altar,Griffin,6,Sandstorm
0738,3,1182,63.57,https://magiceden.io/item-details/BpazTWcKQ2BuM27dp9sbH4KAGXnMXhpfW6pzEUKZKGqg,Empty,Sword,Empty,Tombstone,Chest,Swamp,Obelisk,Frog,2,Stormy
0739,1.6,2166,61.82,https://magiceden.io/item-details/7HVPZLwT9hHrUS9nnCod4EcfvjoAEiWxrnnZn1MsnYgD,Empty,Empty,Empty,Bonfire,Torch,Garden,Hut,Scarab,2,Cloudy
0744,2,1598,66.91,https://magiceden.io/item-details/4VuyP7vnSQvZwA4VGYHJkwkYU2Rf4GBgXQ4C4vtGmgAx,Empty,Bonfire,Torch,Empty,Skull Pile,Tundra,Shack,Frog,2,Night
0749,2.5,1984,55.73,https://magiceden.io/item-details/4wLozFiDyN56NsHqUiAoYMuuDYDtooNm88jiRFnLhWA7,Empty,Empty,Empty,Torch,Tombstone,Desert,Mound,Scarab,4,Fog
0751,2.9,1127,65.45,https://magiceden.io/item-details/2UG8sctUWwnV9vt5bmDXyqAWCwaxDBWqFeFhRohGj9UX,Skull Pile,Ornate Cross,Empty,Empty,Cross,Tundra,Hut,Wolf,2,Night
0763,2,1042,75.81,https://magiceden.io/item-details/8YxhKN6LDTL4wPhzRrFc7vkytPo7YHa7tQLFHRCp1YJm,Torch,Bonfire,Empty,Empty,Coin Pile,Swamp,Tholos,Owl,4,Cloudy
0771,3.54321,1020,60.73,https://magiceden.io/item-details/4ArAm2LwgggFGtCSQVXdxU6PmgFiZqnic8xqhskVTczb,Sword,Skull Pile,Urn,Empty,Empty,Swamp,Evil Chapel,Raven,4,Rain
0772,2.94764,1094,65.51,https://magiceden.io/item-details/HVpLBNEGD5AgX8HkLpvKUmwMaKWLRQb91yDYmeQQELRh,Tombstone,Skull Pile,Cross,Empty,Empty,Forest,Mausoleum,Cat,6,Rain
0773,2,928,77.64,https://magiceden.io/item-details/89hsxV3yNR6j1ppwEHEPwnVrocNb7BSwvojsYGa9pFvg,Cross,Torch,Bonfire,Cross,Empty,Swamp,Hut,Scarab,2,Eclipse
0788,5,340,57.06,https://magiceden.io/item-details/DJKJv4Dd8Ti7WhwtCmmeVFuxfv95UvE7Mi6BhS7g3382,Bonfire,Empty,Urn,Torch,Bonfire,Hell,Chapel,Unicorn,4,Cloudy
0810,1.6,1490,72.64,https://magiceden.io/item-details/HKC2ta9K6TdLmE8V9AZmekoLaQadWhaUb3F1HSzhEd6j,Torch,Skull Pile,Empty,Tombstone,Empty,Garden,Hut,Owl,2,Fog
0815,4.2,267,66.22,https://magiceden.io/item-details/4DoPfbFNtfDPAWsforjRGQYUCciiSg8DvgsJ2TdPe18v,Empty,Chest,Statue,Bonfire,Sword,Forest,Tholos,Owl,4,Eclipse
0816,1.5,1226,77.87,https://magiceden.io/item-details/992PCBAp4MjtuexTgfCQVHNDsYVaErNqs9X7GUa2sbkc,Urn,Cross,Empty,Empty,Coin Pile,Garden,Obelisk,Owl,2,Rain
0817,21,31,0,https://magiceden.io/item-details/Ag2QY9CNscQKopwRRJy9W2XxSjN5MoL2JWaghKuRdwQv,Cross,Ornate Tombstone,Skull Pile,Sarcophagus,Torch,Forest,Cathedral,Frog,8,Celestial Ray
0820,1.5,890,83.25,https://magiceden.io/item-details/AC1NHQHhtKvU8ERhgCCLXwcYM4gk2TTSpHzkSeLcam17,Cross,Sword,Cross,Bonfire,Empty,Garden,Arch,Frog,2,Aurora
0827,1.5,2392,59.2,https://magiceden.io/item-details/HoAwhsfsFfjeSkppJXKqB1LtFtnqSkor3M1KmpgstAjX,Empty,Empty,Empty,Bonfire,Empty,Forest,Shack,Scarab,2,Night
0829,15,24,0,https://magiceden.io/item-details/6mjdF3zB5eM6oLfD8k3BoGaDa7FiCwdXEbvWRcTz7NAb,Chest,Bonfire,Statue,Sarcophagus,Coin Pile,Heaven,Chapel,Griffin,4,Cloudy
0833,1.7,2393,57.18,https://magiceden.io/item-details/4gnrdJbZtJB2iFdSpXYLYfAwj8G6TErPC3NHhPkKgy3n,Empty,Empty,Empty,Cross,Empty,Desert,Hut,Frog,2,Fog
0839,2.4,2031,55.98,https://magiceden.io/item-details/CoSETHbSoXw3bgoerdB9yG1DhHw9MFBMds1sbiJNeNik,Empty,Empty,Empty,Sword,Cross,Desert,Hut,Raven,2,Night
0844,3.5,2246,41.54,https://magiceden.io/item-details/C4DTSWGJSCsBGDJ6bwmcjYi4k9Q2TgptDmgUCtfbrK1r,Empty,Empty,Empty,Tombstone,Empty,Swamp,Crypt,Scarab,4,Fog
0849,4.99,711,51.21,https://magiceden.io/item-details/uPzVQdYiSZhbMWFhaSrc2X84rZSt1LAXDyhrqEeEzjF,Skull Pile,Sword,Sword,Skull Pile,Empty,Forest,Mound,Snake,4,Fog
0862,3,1840,53.04,https://magiceden.io/item-details/B3h3ztJhqkVoeS81aa7WwsUb1vkzQ4zKqz4uzvmaFSVU,Empty,Empty,Cross,Empty,Empty,Desert,Altar,Scarab,6,Sandstorm
0866,4.9,608,53.76,https://magiceden.io/item-details/CyqoUipyiJHQU2VnK8hQiS78UprW9jSar178zBWcWyoR,Coin Pile,Tombstone,Cross,Urn,Empty,Hell,Hut,Scarab,2,Cloudy
0867,4,178,69.65,https://magiceden.io/item-details/H2ZHRiJgbRNF9imsCuu74uaT3pbvbdmP8S9r82WuWkvo,Empty,Sarcophagus,Coin Pile,Urn,Chest,Jungle,Shack,Griffin,2,Eclipse
0869,2.6,1364,64.66,https://magiceden.io/item-details/G1FXhcwJsvvuptdJb8q3M1UvGB6posSgjy27G7zwsfv7,Urn,Cross,Torch,Empty,Empty,Forest,Mound,Cat,4,Stormy
0873,3.5,254,73.43,https://magiceden.io/item-details/HDJcFQPxJ2kHp23yVLMdVY7BaQqfWK3j5Uz8AqH2owVY,Empty,Gallows,Sword,Tombstone,Skull Pile,Tundra,Evil Chapel,Snake,4,Eclipse
0882,5.2,50,59.7,https://magiceden.io/item-details/HTdLyVXsY7fcLHY2K7K1aTcTWJLYBJMcMEtJWtpuzMby,Skull Pile,Empty,Urn,Gallows,Coin Pile,Hell,Shack,Unicorn,2,Radioactive Rain
0883,3.1,1510,57.32,https://magiceden.io/item-details/57tjMCEmfJV6BGcHnuQAMYY74hrz2HpqPypMbQTsr68X,Torch,Bonfire,Empty,Torch,Empty,Forest,Chapel,Cat,4,Fog
0884,5,331,57.2,https://magiceden.io/item-details/DJcZsRnsHTtCc5sYswZigeB5fjBxgaMSCqNYUBjwY2KQ,Urn,Ornate Cross,Ornate Cross,Chest,Empty,Garden,Crypt,Wolf,4,Celestial Ray
0886,1.85,2281,57.47,https://magiceden.io/item-details/EWGqnfmK33MUU57grfDfiPGU5Km2iUpdAh1oPgJjzpct,Empty,Empty,Empty,Bonfire,Empty,Forest,Hut,Scarab,2,Rain
0887,1.99,2396,54.23,https://magiceden.io/item-details/2bND6wE8KQjto4iHz5WR2tC7V4t61vEf2d1VyuKtPcay,Empty,Empty,Empty,Torch,Empty,Forest,Hut,Scarab,2,Fog
0888,2,1479,68.82,https://magiceden.io/item-details/4cx6wHiCKp6oAttF5WTPExuPsuycYqvk4SHQw4FmdMSn,Torch,Urn,Bonfire,Empty,Empty,Forest,Tholos,Frog,4,Rain
0892,1.97,1424,70,https://magiceden.io/item-details/6Yt2vTreWrykwPMw8AX26oJsBhBfK3njfzmwfNum4Zed,Sword,Torch,Empty,Empty,Cross,Forest,Obelisk,Snake,2,Rain
0911,1.89,1689,66.55,https://magiceden.io/item-details/CdQVZvGgCpW4BL7QLErwFCEB3QzSAZKGpGhaYkAzM5bk,Empty,Empty,Urn,Torch,Sword,Desert,Hut,Raven,2,Night
0916,3,2173,47.7,https://magiceden.io/item-details/EPNtuz8Zy8joCWonrFM8yPvA46LTSWhiB9PwgtnBaWr7,Empty,Empty,Empty,Bonfire,Urn,Garden,Shack,Frog,2,Cloudy
0925,1.325,2174,64.44,https://magiceden.io/item-details/7aimeWDnyGsL7y79Hsrdjbfq22h1dckkEVCdEwEGsN3g,Empty,Empty,Empty,Cross,Torch,Forest,Obelisk,Scarab,2,Fog
0926,1.9,789,80.87,https://magiceden.io/item-details/DmYUtdNWR2GfHpUnEQ7W5hKsRCBb77dKHMLfGfyrQmpt,Skull Pile,Urn,Cross,Skull Pile,Empty,Garden,Mound,Owl,4,Cloudy
0927,4.85,2400,25.57,https://magiceden.io/item-details/98kuFMWHHTfnyGANXwWcqZKQV8nF98THpQ3K1zsSJ6nc,Empty,Empty,Empty,Cross,Empty,Garden,Shack,Frog,2,Fog
0928,3,145,80.18,https://magiceden.io/item-details/3853BQaPq63WD3qr5VtsaKdC3TktLpqiPEscTRHPCQue,Tombstone,Ornate Tombstone,Tombstone,Ornate Cross,Torch,Jungle,Bloody Altar,Griffin,6,Rain
0936,6,53,51.65,https://magiceden.io/item-details/3tNLABS3yDmw7C93my9WQjzZHV4pk1FDcQuegChFGZiY,Bonfire,Coin Pile,Ornate Cross,Skull Pile,Bonfire,Tundra,Cathedral,Raven,8,Eclipse
0949,2.2,1570,65.36,https://magiceden.io/item-details/5JghqFDfRy5ZS6SbSwiawTBfEDLrKgkGLEPxMPXE9Lhx,Sword,Cross,Bonfire,Empty,Empty,Garden,Crypt,Cat,4,Night
0950,1.45,1793,69.29,https://magiceden.io/item-details/D3sM2oP6CAjgrd59epG2rsbw3YiKh9SggN7t2CHLWH75,Cross,Cross,Tombstone,Empty,Empty,Desert,Shack,Scarab,2,Cloudy
0954,2,2313,55.46,https://magiceden.io/item-details/AsX5MTVaW8mvXo1Wtcr9Mdem2HjdprTvrtu3RDEQEJEY,Empty,Empty,Empty,Torch,Empty,Forest,Hut,Cat,2,Night
0963,2.7,1874,55.49,https://magiceden.io/item-details/8gTrUaCYRjAaj2NAqBLXZDR8eoGA3nFyKXnjXfDWBStV,Empty,Empty,Urn,Bonfire,Empty,Garden,Crypt,Scarab,4,Rain
0974,3.5,2406,38.97,https://magiceden.io/item-details/5arZZ5zimpc5Zvf5MxrrAzQKZz18qogRnrd2jCeednGY,Empty,Empty,Empty,Urn,Empty,Garden,Hut,Frog,2,Night
0982,7.5,255,33.42,https://magiceden.io/item-details/Bw8ZAoQRJMzpPq8N6FLdQy6QMgMn8wYDM6uLphNzEkXm,Ornate Cross,Torch,Ornate Tombstone,Coin Pile,Empty,Tundra,Altar,Scarab,6,Eclipse
0984,4,1988,40.67,https://magiceden.io/item-details/CM7QFuYoz4ERALrunVae9nNThbQXFjcpeE7wD2Kb8t2f,Empty,Empty,Torch,Empty,Urn,Garden,Crypt,Frog,4,Fog
0999,1.9,2408,54.94,https://magiceden.io/item-details/8WNDFRSfS9JLmDJZAqVZUKSm2qdvgUfPez172JaH2ye7,Empty,Empty,Empty,Urn,Empty,Forest,Obelisk,Scarab,2,Fog
1014,2.5,502,79.46,https://magiceden.io/item-details/BzojjFgimgujazB9KznRpovcvKdQVsdQMbQSay1TVAp2,Chest,Ornate Tombstone,Sword,Urn,Cross,Forest,Hut,Wolf,2,Sunny
1016,1.49,2410,59.01,https://magiceden.io/item-details/UoT4KsPEb1obsanA3vLR4vuV8t7YVj6EmoFhut6KUuN,Empty,Empty,Empty,Empty,Urn,Desert,Obelisk,Frog,2,Sunny
1020,15,8,0,https://magiceden.io/item-details/3HLgByUEYXBsfeLiJYEZP4rwUsmZKSSgVqoJruFJb2LX,Ornate Cross,Gallows,Fountain,Ornate Cross,Coin Pile,Swamp,Mound,Owl,4,Celestial Ray
1025,1.88,2411,55.09,https://magiceden.io/item-details/4yhJZS5PJGn3AnR7HL555BuqktxdjNN5nHyuw2VaDe23,Empty,Empty,Empty,Urn,Empty,Desert,Obelisk,Scarab,2,Night
1035,2.5,1782,58.97,https://magiceden.io/item-details/rVJTiS7bFepBReQhHpQ8LVkrQXWV22MriNrAq5SM559,Empty,Empty,Bonfire,Sword,Empty,Forest,Altar,Scarab,6,Sunny
1043,3,1801,53.66,https://magiceden.io/item-details/DgMRKaSeoAModWemAVXM3gEj2CP9t1W5dbvwCkYuAete,Empty,Empty,Empty,Cross,Torch,Desert,Hut,Scarab,2,Sandstorm
1046,2,634,82.35,https://magiceden.io/item-details/BTGkNPS4s6DqiuGmDk3q7T9MegZt2fneMihAAxT8YRLG,Tombstone,Ornate Cross,Empty,Chest,Sword,Jungle,Mound,Snake,4,Night
1059,4.85,144,61.69,https://magiceden.io/item-details/9qXZxQ14rfrdnLWrSSGEBsPoXSQVWyvvXtKekbkuRzkk,Chest,Ornate Tombstone,Skull Pile,Cross,Skull Pile,Heaven,Hut,Owl,2,Aurora
1062,2.5,2228,51.82,https://magiceden.io/item-details/A4ueSgZ2NihkBty3VeHmJTG3PRai3tRCszNDhKUFqQVx,Empty,Empty,Empty,Bonfire,Empty,Desert,Obelisk,Frog,2,Sandstorm
1082,2.5,1560,62.52,https://magiceden.io/item-details/7wJ7DUXej1dfSpw3qQPZLG4h1gzjDoTkqZE3nfZBMRcF,Empty,Empty,Urn,Cross,Sword,Garden,Mound,Frog,4,Sunny
1090,2.9,268,79.21,https://magiceden.io/item-details/9iBWvP2wJgg4RrDYYcVT3u5uMFNrKXDVtS64e1euALuf,Skull Pile,Gallows,Chest,Tombstone,Tombstone,Swamp,Crypt,Owl,4,Fog
1094,1.93,1381,71.09,https://magiceden.io/item-details/WB9hQ47a1g55nvnmVAy8cw7tLyMdXWQNjnGXULcwN9E,Sword,Urn,Empty,Chest,Empty,Forest,Crypt,Frog,4,Fog
1096,8.5,128,25.45,https://magiceden.io/item-details/CjwQRMmdMJag44uXjXJzWNwXuymk4mCV92XKSBmZaBvU,Urn,Ornate Tombstone,Tombstone,Urn,Bonfire,Jungle,Pyramid,Owl,8,Stormy
1101,2,1491,68.62,https://magiceden.io/item-details/FJ8VGywF8qHa7U7XHkxP53bVw9qBHzneN2aSwAB1rp6F,Urn,Tombstone,Torch,Empty,Empty,Garden,Hut,Snake,2,Sunny
1119,2.5,732,75.78,https://magiceden.io/item-details/BcP3vkM2Cf3ANb4E6xhxzaGdDe3L1evREFuENShMFx3L,Cross,Bonfire,Coin Pile,Empty,Sword,Desert,Crypt,Scarab,4,Stormy
1120,150,2,0,https://magiceden.io/item-details/FeuDz4ixyDJajtaC6MZPqmYfEqTC664hQdpQyDaLoh6Q,Ornate Cross,Statue,Urn,Fountain,Empty,Garden,Ziggurat,Wolf,10,Celestial Ray
1121,4.99,92,61.13,https://magiceden.io/item-details/4gb4r7vXbwtf2vpRQnN7YBZe2Na442881HFoeuLQgJaE,Sword,Skull Pile,Sarcophagus,Gallows,Bonfire,Jungle,Chapel,Owl,4,Sunny
1129,2.4,582,79.18,https://magiceden.io/item-details/5LhD9E5Pw4ZDdmmuH4wQ23NCLhSKYQifTRYoZ9Yvsg8T,Chest,Bonfire,Urn,Empty,Urn,Tundra,Evil Chapel,Cat,4,Eclipse
1130,4,601,62.88,https://magiceden.io/item-details/EFe5Y3wqa4ABrGgXcHNsXvzsfr1QYT1WsVQS6EYWgCLc,Sword,Urn,Skull Pile,Tombstone,Empty,Tundra,Altar,Scarab,6,Aurora
1132,15,70,0,https://magiceden.io/item-details/8b1F3228ijmt3mBSUg4ownT8LeqfAQ4Y6LCv4t6E6zpt,Empty,Chest,Bonfire,Ornate Cross,Ornate Cross,Hell,Cathedral,Cat,8,Night
1135,5.9,65,52.46,https://magiceden.io/item-details/Ec3Wx24qCDyqRr88bP45hwsrpKHon865VV6Za14nNc5i,Chest,Ornate Tombstone,Sword,Bonfire,Skull Pile,Jungle,Pyramid,Griffin,8,Night
1136,2.4,1545,63.76,https://magiceden.io/item-details/6iZwyRvTsyc3zrEnYKeHwbuyQugxXwwNpY56UUCTkooZ,Empty,Empty,Cross,Urn,Skull Pile,Forest,Tholos,Frog,4,Fog
1148,3.99,809,59.65,https://magiceden.io/item-details/CCeUQUmjHy6A354dRnbrewAfACe5dyK2dUgbgxS4gYMQ,Cross,Bonfire,Bonfire,Torch,Empty,Jungle,Crypt,Scarab,4,Eclipse
1149,3.14,2104,47.41,https://magiceden.io/item-details/BTiZ1a7P2knJUpJFFuQcHXPkjUGQe6S4deUTtvww6bsb,Empty,Empty,Empty,Tombstone,Bonfire,Desert,Hut,Raven,2,Sunny
1151,9,87,21.11,https://magiceden.io/item-details/AjrkgK9Rg7jPUaxUMzGcaCzmo8M6B3t1JAw4RrrN6ZFa,Skull Pile,Chest,Urn,Sword,Tombstone,Jungle,Pyramid,Scarab,8,Celestial Ray
1157,2.5,357,81.78,https://magiceden.io/item-details/8TQj3wMtAoh8dGyc5tSxgBtSZ99X2chRytXfB67XCMa5,Coin Pile,Cross,Ornate Tombstone,Sarcophagus,Empty,Tundra,Hut,Cat,2,Night
1165,16.99,54,0,https://magiceden.io/item-details/LVyZZdbJYp7sEqF1CUp7GnJJ3azne2e7YkEGR6S32Gw,Coin Pile,Empty,Ornate Tombstone,Fountain,Chest,Forest,Hut,Dragon,2,Fog
1166,5,1093,45,https://magiceden.io/item-details/D1Wb4PYmJvpgYu7NmP49vZ86jaQwJM7mxxknvvaeajBe,Sword,Empty,Torch,Bonfire,Empty,Desert,Mausoleum,Snake,6,Cloudy
1170,1.5,2418,58.78,https://magiceden.io/item-details/34RqfSXrgsvqnDs97egtRC1CQem4CynyKgZGpFs7aHuu,Empty,Empty,Empty,Torch,Empty,Garden,Hut,Scarab,2,Fog
1174,2.675,288,81.14,https://magiceden.io/item-details/34qLbXzY474MffvfLsAxT5cEkwg8H4faA679sHWQTmW3,Coin Pile,Empty,Torch,Gallows,Cross,Jungle,Hut,Scarab,2,Aurora
1187,3.9,995,57.57,https://magiceden.io/item-details/GFwJYCTTVnV1AStJCDvapQLAMVDKMP5Sg4QafzVCGr4e,Sword,Empty,Urn,Skull Pile,Empty,Swamp,Mausoleum,Raven,6,Night
1191,1.65,246,92.06,https://magiceden.io/item-details/5szAUwtt6aMu6ZL1gBokXRxBnojSfUtiGtm8PrAhCbnY,Chest,Ornate Tombstone,Urn,Statue,Sword,Forest,Shack,Snake,2,Cloudy
1200,2.1,804,78.63,https://magiceden.io/item-details/Dwa7aBXXH9PiK5byjNXPumFF5SMzdgarNcReToo4t8b2,Skull Pile,Urn,Chest,Empty,Sword,Swamp,Shack,Frog,2,Stormy
1208,3,966,67.03,https://magiceden.io/item-details/6QMb7CzXkGZegWLJHXkZg3YELjU5Q48tdPpUb8gZkDGL,Cross,Bonfire,Chest,Empty,Torch,Desert,Chapel,Frog,4,Cloudy
1209,1.948,2421,54.25,https://magiceden.io/item-details/DKtG5FqFPQubpDSN9deamD5M9AhaQcyhsADAXrRq8xb8,Empty,Empty,Empty,Bonfire,Empty,Garden,Shack,Scarab,2,Night
1213,2.6,1807,57.56,https://magiceden.io/item-details/3pzzaeYUpV42v5QrtG8iNmVjHpF6E7tPmJDoQeZ2GUyE,Cross,Bonfire,Empty,Empty,Empty,Desert,Altar,Raven,6,Cloudy
1215,1.499,2283,60.95,https://magiceden.io/item-details/BZoFCaLaHnSjZL7KmbskV1nPvm7jrKrc78GUNmyXDiWP,Empty,Empty,Empty,Urn,Empty,Forest,Hut,Scarab,2,Rain
1218,1.55,2037,64.38,https://magiceden.io/item-details/3MpkBu3ewHgjpd8sWbvy1RqrFFT5T1zhJMBZ3Jca7cAw,Empty,Empty,Empty,Sword,Cross,Forest,Shack,Cat,2,Night
1244,4.5,238,63.69,https://magiceden.io/item-details/CVaQ1bQznw53AFjXZzWt3CXGK8MvRQgYh1ZZfakCvdKv,Skull Pile,Coin Pile,Skull Pile,Urn,Torch,Forest,Altar,Raven,6,Celestial Ray
1245,3,1431,59.59,https://magiceden.io/item-details/3j1fN4oKEE5c2j5JxhMNUm8aj39fJwFu8LZQGg1Egju9,Empty,Bonfire,Tombstone,Bonfire,Empty,Swamp,Crypt,Raven,4,Sunny
1246,1.92,1860,63.52,https://magiceden.io/item-details/FxFQcoTcLd4NSfy5inESFty6UH1SrToAQW29tYZSnRyh,Empty,Empty,Cross,Tombstone,Empty,Swamp,Mound,Scarab,4,Sunny
1261,1.7,2073,62.31,https://magiceden.io/item-details/GpkoY792EE5mUK7r8J3d78eFs4gvJsZwacKg4wsMsnjy,Empty,Empty,Empty,Sword,Cross,Desert,Shack,Frog,2,Fog
1262,1.8,1492,70.61,https://magiceden.io/item-details/CAtogx6KpdnPSMBc4vEorwWEPo1rVQPho68DRKYsnkRG,Tombstone,Sword,Cross,Empty,Empty,Desert,Hut,Snake,2,Sunny
1269,1.6,2424,57.68,https://magiceden.io/item-details/CoNtGrzwPioRKrJiJ5F98RZY8fDJHeick1AbmDi8RxL1,Empty,Empty,Empty,Empty,Torch,Desert,Shack,Scarab,2,Night
1289,2,1819,63.37,https://magiceden.io/item-details/D2ASAhU4d1A36Y5DRcvKq7P93N94KipbDZgpq4XVwjBC,Empty,Empty,Empty,Torch,Tombstone,Swamp,Tholos,Raven,4,Night
1290,6.66,1046,29.15,https://magiceden.io/item-details/4Nep7moUgZj9FnQoTL9GuqtGvNXG6ndYBXy6QNfrBtxa,Urn,Bonfire,Empty,Torch,Empty,Tundra,Evil Chapel,Snake,4,Fog
1311,3,286,77.92,https://magiceden.io/item-details/7MtRxoN3BvUom9m78WPzjaGg33ae97Pm6dJKFDkuUL18,Chest,Sword,Sword,Urn,Tombstone,Swamp,Tholos,Wolf,4,Radioactive Rain
1324,1.49,2429,58.7,https://magiceden.io/item-details/BuVSrngPToBNtbYyHQfpo65kKKyXFvDbvunEC5ewv7iX,Empty,Empty,Empty,Cross,Empty,Forest,Hut,Scarab,2,Night
1328,4,666,61.84,https://magiceden.io/item-details/EMuPXhe4bzpFJYcWyfwidKVKkmTAvb574j7B7MXRurj1,Bonfire,Skull Pile,Empty,Sword,Coin Pile,Forest,Altar,Wolf,6,Fog
1334,2,902,78.06,https://magiceden.io/item-details/7qMnXMPnJee98H7Avc42QD6sp4Bok42kfnxDMgEiwbps,Empty,Urn,Urn,Chest,Chest,Tundra,Obelisk,Scarab,2,Sunny
1346,4.99,1237,42.79,https://magiceden.io/item-details/FtVVcfeXusNN8sJzoeUrFxthxnisVcAgk96c5KnurP6j,Sword,Tombstone,Empty,Empty,Torch,Jungle,Chapel,Raven,4,Night
1354,2.19,1387,68.39,https://magiceden.io/item-details/2X8RZDLFAKGcSf9edyxb24XC3ku7GgQTddRHog4u46Wj,Urn,Urn,Cross,Empty,Empty,Tundra,Tholos,Cat,4,Fog
1356,1.69,1349,74,https://magiceden.io/item-details/bmNhACkjeuDPBuP5TunciwJeTpAHuRFdWdcQKM8EJhy,Bonfire,Skull Pile,Torch,Empty,Empty,Forest,Arch,Snake,2,Cloudy
1368,4.6,59,65.56,https://magiceden.io/item-details/75EGvkDxvUWGEnVTf7NtjiW2RRWGx5bXH6UEFFpuSdRo,Ornate Cross,Ornate Cross,Bonfire,Torch,Bonfire,Hell,Arch,Wolf,2,Raining Blood
1370,6.66,73,44.73,https://magiceden.io/item-details/4P9qiP8zHeoZxwiuGVsvsbNLDp9KNBBx1zBGkn3TQDpy,Coin Pile,Coin Pile,Coin Pile,Cross,Chest,Hell,Mausoleum,Raven,6,Stormy
1371,8.9,66,22.44,https://magiceden.io/item-details/5cBrBjoJD3PSCXN3LTa7SRhxsA5rbqYtj6rVNJBU7Aie,Tombstone,Sword,Statue,Sarcophagus,Coin Pile,Desert,Mound,Owl,4,Celestial Ray
1373,1.7,1244,75.58,https://magiceden.io/item-details/5DcSpRzxYMp6Ru2itASmDUdvja29Wqb1t3jZKgUymaTt,Tombstone,Tombstone,Empty,Sword,Empty,Swamp,Arch,Frog,2,Rain
1377,3,1540,57.84,https://magiceden.io/item-details/HhjJ7eh52geESqd9xfc3ybEop6oNUwLnnoPRrJofTLPk,Cross,Skull Pile,Urn,Empty,Empty,Tundra,Shack,Cat,2,Cloudy
1392,2,998,76.52,https://magiceden.io/item-details/AVS42KPAJbWmcQiJz9JgvaN6PJa72LfeuN4LvvFWNYwt,Urn,Urn,Chest,Chest,Empty,Garden,Shack,Scarab,2,Fog
1397,1.4444,2431,59.13,https://magiceden.io/item-details/HydaksefwpZWyR1sGA4eLHruvjfrVtEUeGEaKizZ6orz,Empty,Empty,Empty,Cross,Empty,Desert,Obelisk,Frog,2,Fog
1399,2,1628,66.43,https://magiceden.io/item-details/BtdJvrHzveCSJn5TNt62C9Cpec3d9P3oh7AZrbYhwnVq,Empty,Tombstone,Empty,Empty,Chest,Desert,Arch,Wolf,2,Sunny
1403,2.44,609,78.35,https://magiceden.io/item-details/FjKXhca6oXrCDWcj8Nssk5EKmyx5et78SnQKKP4uUYXY,Tombstone,Ornate Cross,Coin Pile,Sword,Empty,Forest,Hut,Raven,2,Aurora
1409,1.29,2433,60.64,https://magiceden.io/item-details/Hb6dBbgTKBR76hRXB2HruA17TpDSK8iXThxjY2vkQ7Vm,Empty,Empty,Urn,Empty,Empty,Desert,Obelisk,Frog,2,Night
1416,3.5,1047,60.73,https://magiceden.io/item-details/3sKtF3Gd5E53JsprgL6eXCTw7hiHSQYrUGRsMUfEVvdK,Cross,Ornate Tombstone,Empty,Torch,Empty,Tundra,Tholos,Raven,4,Cloudy
1419,1.95,680,82.11,https://magiceden.io/item-details/AXPJgDR2phECqEDgsnJXeJgwdpJ3MPQmeRMqa5P35dSs,Torch,Urn,Coin Pile,Empty,Torch,Swamp,Shack,Snake,2,Rain
1422,2.5,1726,59.86,https://magiceden.io/item-details/9hrWidGi7yRZsLRHFEk5U9rGeXB3WtuhxtUWqATm8Gyq,Empty,Tombstone,Empty,Empty,Tombstone,Forest,Evil Chapel,Cat,4,Cloudy
1426,1.3,1693,72.39,https://magiceden.io/item-details/H8nfiPzgsDs7Gvsm8fCszpGmf2T6Vkris16Rv17kzGen,Urn,Sword,Tombstone,Empty,Empty,Desert,Hut,Cat,2,Cloudy
1434,6.66,539,37.27,https://magiceden.io/item-details/Go1r7pME3GXfozwfvwNMBUgLqqzjFuqhNdXYzkkjSu53,Coin Pile,Urn,Empty,Sword,Empty,Desert,Bloody Altar,Wolf,6,Eclipse
1448,3,1739,54.65,https://magiceden.io/item-details/GL8Wtm2juBUR5GDYUZHbG9CT4araV511CcxRWxCHzqDD,Tombstone,Empty,Cross,Empty,Empty,Jungle,Tholos,Raven,4,Rain
1451,2.5,1820,58.36,https://magiceden.io/item-details/8Sw2Z1fv8Caf3vMETszXtTkKF8gFGADM8TjM78wnvZr,Empty,Empty,Torch,Cross,Empty,Swamp,Crypt,Cat,4,Night
1452,2.5,1445,64.36,https://magiceden.io/item-details/davodgRZwVBPuvNSuQYXrGMQpb8bNTRtuFJBauEC8Sv,Tombstone,Bonfire,Chest,Empty,Empty,Desert,Tholos,Frog,4,Night
1466,1.85,2327,56.74,https://magiceden.io/item-details/2fpvUtkDeJJdQ9VMuzMFYGaJkHh29eee8cQEPFJbCU3Z,Empty,Empty,Empty,Torch,Empty,Desert,Hut,Cat,2,Night
1479,3,2065,49.43,https://magiceden.io/item-details/CbwMmtwj2YVxejhRAK1xXeeM6CJKtTNL7UtuQwiRVm4x,Empty,Empty,Tombstone,Cross,Empty,Forest,Arch,Frog,2,Sunny
1492,1.9,1894,63.17,https://magiceden.io/item-details/Ch98NNaX2M1M7qnjdCz3HZFooVDbJGUCY7q85jPbbXnL,Tombstone,Cross,Empty,Empty,Empty,Forest,Chapel,Frog,4,Fog
1502,3.666,709,64.49,https://magiceden.io/item-details/HfRBoCvHjQZTduJhZBR1QFU9jrAsAuZrQjP36ba7vZkz,Bonfire,Tombstone,Chest,Empty,Urn,Tundra,Chapel,Scarab,4,Stormy
1506,1.9,1353,71.83,https://magiceden.io/item-details/EZqSQpeApbaRfpxtrjy25U8QMSnSfK38381LVtDm8841,Tombstone,Torch,Empty,Empty,Coin Pile,Garden,Hut,Wolf,2,Night
1507,2.1,1373,69.51,https://magiceden.io/item-details/33jNL6Z6H9J9zFfLxSnzVKjTt1fpXgGczMGyCggB71oR,Empty,Skull Pile,Chest,Empty,Empty,Tundra,Obelisk,Owl,2,Stormy
1509,1.55,2441,57.91,https://magiceden.io/item-details/5yKkLb5JdwM8TsdDMC46xSV3pmDYgM59QxcgjJXdLBCA,Empty,Empty,Empty,Bonfire,Empty,Forest,Obelisk,Frog,2,Cloudy
1521,2.5,968,72,https://magiceden.io/item-details/3BphXyBr9MxfbZcDFHDAQjLx687sgQSPJcacuW2MU8ja,Sword,Torch,Urn,Empty,Cross,Garden,Crypt,Cat,4,Stormy
1522,2.5,2442,48.4,https://magiceden.io/item-details/5P3Lvv1obSjvXUbkVKMQ2ViaPEASMctptNgWu54smfSW,Empty,Empty,Empty,Urn,Empty,Garden,Obelisk,Frog,2,Sunny
1530,1.8,1553,69.63,https://magiceden.io/item-details/DZYVfqXMx45bv77N4CNxZU3rcukgsAns1G37mj4Kzta,Skull Pile,Cross,Empty,Empty,Chest,Desert,Hut,Scarab,2,Fog
1531,1.9,1193,74.4,https://magiceden.io/item-details/HD7HnpjGrhWGbCVayS2H68TpunsQn1g1aHxmHZziJB9B,Empty,Skull Pile,Tombstone,Empty,Tombstone,Desert,Chapel,Wolf,4,Fog
1535,2.8,752,72.46,https://magiceden.io/item-details/7GqH2xKcmdiaxomJiWwRwzoAf4E4SDALpawCSycce8uX,Cross,Urn,Torch,Empty,Cross,Jungle,Shack,Wolf,2,Aurora
1543,4.39,192,65.53,https://magiceden.io/item-details/JUBTisfZ1jC5DDcERHy624DqsKzyBXeSajtudju6MLR,Coin Pile,Statue,Empty,Tombstone,Tombstone,Heaven,Hut,Griffin,2,Cloudy
1559,4.7,118,63.61,https://magiceden.io/item-details/JCTDpU22THwjBKDNpGmLBejGJ3VooHX7T1wfDyQYufpe,Cross,Chest,Fountain,Cross,Sword,Desert,Hut,Unicorn,2,Cloudy
1562,2.2,1271,70.15,https://magiceden.io/item-details/8tiwRPCuRThWW37qHqA4rfhqyef4kD6wXLgUy3SRb6Tf,Cross,Tombstone,Empty,Empty,Cross,Forest,Evil Chapel,Cat,4,Fog
1564,2.37,765,76.55,https://magiceden.io/item-details/3uwaG7oEsaPqfYS7XN3Na9dXXdFcjUbTXfscoH6za847,Bonfire,Tombstone,Urn,Empty,Torch,Swamp,Mound,Wolf,4,Rain
1565,7,368,36.61,https://magiceden.io/item-details/6VLpigFoBAfiKF6vDjAUwndfn5RGCcjVbv7recBnDxsC,Urn,Tombstone,Bonfire,Cross,Tombstone,Swamp,Bloody Altar,Raven,6,Aurora
1566,2,1896,62.14,https://magiceden.io/item-details/5foBN624FfVPGEnLpu2ha7kLgiNJXDgArZdi5FkgobFC,Empty,Empty,Bonfire,Sword,Empty,Garden,Arch,Cat,2,Cloudy
1579,2.4,1573,63.31,https://magiceden.io/item-details/2QT2QTUMdkmUbJJMQM9vJeDekqiV8Y4M4H2RqBgTtwzJ,Empty,Empty,Empty,Sword,Urn,Desert,Crypt,Frog,4,Sandstorm
1589,6.9,225,39.9,https://magiceden.io/item-details/FgfLzinMuXtvkMdaDQXqt8tB2NMhTReR481jw2d3NDHY,Skull Pile,Sword,Tombstone,Empty,Empty,Heaven,Altar,Owl,6,Golden Snow
1596,2.5,1534,62.94,https://magiceden.io/item-details/GwV4Pge9xZYXj3okC6MQ983UNGz7dTDDXGaHxBeSz67d,Urn,Skull Pile,Empty,Empty,Empty,Swamp,Mausoleum,Raven,6,Cloudy
1600,15,19,0,https://magiceden.io/item-details/EGbQYYowGS1oeuSXKBPBxCrMoRADdCdYKectTW8T2bQC,Torch,Statue,Urn,Fountain,Coin Pile,Hell,Obelisk,Griffin,2,Stormy
1604,2.9,1106,65.79,https://magiceden.io/item-details/3KzrAs8rhzFaLZtyk3KQUBpujrvfmebbVveQPCE7kJ1a,Cross,Empty,Sword,Empty,Tombstone,Garden,Altar,Wolf,6,Night
1605,2.88,2055,50.79,https://magiceden.io/item-details/RgXAsU8eZURP8o8fZCGPa6B1MWfaeiRkwtFhzBNGW5w,Empty,Empty,Empty,Torch,Tombstone,Garden,Hut,Frog,2,Rain
1607,4,1727,44.85,https://magiceden.io/item-details/3shJtTpYHuMtXdWob13CknPgsgJL1ejPSQ6aQ9vwboSR,Empty,Empty,Bonfire,Chest,Empty,Forest,Chapel,Cat,4,Fog
1608,2.39,217,85.13,https://magiceden.io/item-details/5EjxYqFCajcAJk7XeYpVA1PewWK8M3ke65oh9PUnQQ24,Cross,Chest,Ornate Tombstone,Skull Pile,Coin Pile,Tundra,Shack,Cat,2,Aurora
1609,1.65,1370,74.06,https://magiceden.io/item-details/A2zefWA5Bo54q7KvWJguw8HXVA33hmaCyT8pPGV8ekmq,Urn,Skull Pile,Empty,Empty,Skull Pile,Jungle,Arch,Scarab,2,Sunny
1613,5.5,117,55.63,https://magiceden.io/item-details/HyfKVETNZAVG82UCq7ZLEy1z2RWya9DV3CKiUAJjSLgd,Sword,Torch,Chest,Ornate Cross,Ornate Cross,Forest,Pyramid,Cat,8,Cloudy
1618,3,247,78.54,https://magiceden.io/item-details/9wrJ19yhhZwUvhkhwSmbYCXXvBGjFJ5wun7JxgMVb11H,Sword,Empty,Skull Pile,Ornate Tombstone,Coin Pile,Heaven,Hut,Raven,2,Radioactive Rain
1620,7.7,71,34.36,https://magiceden.io/item-details/8yeVQ3g92Gwvd5sh7mg6s93QipCDDhK2H16u1sdwKWAc,Chest,Coin Pile,Cross,Sarcophagus,Torch,Heaven,Evil Chapel,Scarab,4,Aurora
1624,2.6,867,72.62,https://magiceden.io/item-details/DUkUXvrqGsSxrQ4vVy2xGFFWBBTFHguJPUmTKoKHgzhE,Cross,Empty,Bonfire,Tombstone,Torch,Forest,Bloody Altar,Cat,6,Sunny
1631,2.68,477,78.06,https://magiceden.io/item-details/9j9BeAT9smjaV8efNmmQxEZ1WtPp47eSZ6E2vWKvHXTj,Urn,Ornate Cross,Chest,Skull Pile,Empty,Forest,Mausoleum,Frog,6,Aurora
1645,2.6942,193,82.47,https://magiceden.io/item-details/8qjL9VDcdmm3iChqzpuk8uj6pYNZ1ij9fzMJ7xG7nsca,Ornate Cross,Tombstone,Skull Pile,Coin Pile,Ornate Cross,Garden,Altar,Cat,6,Sunny
1649,1.95,1272,72.63,https://magiceden.io/item-details/EBi2jsZXxffBkZndV7pRKhf5XvsAFKjBXqdNiyXDedyU,Torch,Sword,Tombstone,Empty,Empty,Desert,Crypt,Owl,4,Fog
1651,3,955,67.21,https://magiceden.io/item-details/9FcU5s5txzb4MWCqD5Wb7ejmJ37QSHgkMLzw5XXFh4sf,Torch,Torch,Tombstone,Empty,Sword,Tundra,Obelisk,Wolf,2,Cloudy
1658,2.99,287,78,https://magiceden.io/item-details/F8J71jxYezpyi8AKCv7QiGkUs3udjod5Zq3HT7yuhPxN,Skull Pile,Bonfire,Chest,Skull Pile,Sword,Tundra,Evil Chapel,Raven,4,Eclipse
1667,8,67,31.43,https://magiceden.io/item-details/GJZU9FceB7o3fYAVXXm6m6XpLywXPbND3kmgejYEY2Ar,Urn,Ornate Tombstone,Tombstone,Ornate Cross,Tombstone,Heaven,Evil Chapel,Griffin,4,Aurora
1670,1.7,2449,56.28,https://magiceden.io/item-details/6PuoJWa3FdccqtMtQ1fe5mD6hHf92JDVwHcHWrNhbPC8,Empty,Empty,Empty,Bonfire,Empty,Desert,Obelisk,Frog,2,Fog
1672,1.65,2450,56.77,https://magiceden.io/item-details/4bJLngP32vK1bMHGgAjz4qEKX2rK9NCtp5zmF5DBNDwF,Empty,Empty,Empty,Bonfire,Empty,Desert,Shack,Frog,2,Night
1694,2,1101,74.87,https://magiceden.io/item-details/7fZSAiW176U2EfBEUheBn2y2QFWY72knCwL5922nSCJF,Empty,Cross,Skull Pile,Chest,Empty,Swamp,Arch,Cat,2,Night
1695,2.5,925,72.69,https://magiceden.io/item-details/FkM1gvNPBe3ZKy4QkxbxTFmbNUKejvbYWdmbzmBbYD46,Bonfire,Tombstone,Tombstone,Empty,Cross,Garden,Hut,Raven,2,Aurora
1697,2.99,2198,47.4,https://magiceden.io/item-details/FkrTWYdyZKCY6gz8khj98RkvL7q83PcVNDWbCTDyCmAY,Empty,Empty,Empty,Bonfire,Bonfire,Desert,Shack,Scarab,2,Fog
1704,1.99,1737,64.79,https://magiceden.io/item-details/BqYTkBfr2iZn5iMq5Zu9payMtXwXi4YCwnx5iCTGoMJG,Torch,Cross,Empty,Sword,Empty,Forest,Hut,Scarab,2,Cloudy
1707,3,413,75.89,https://magiceden.io/item-details/Hx8hZ8CSxvgcufRvfdrGdvy7NTV9MRiUMjFYVgVubJHY,Ornate Cross,Skull Pile,Skull Pile,Urn,Ornate Cross,Garden,Hut,Cat,2,Sunny
1708,2,1762,64.29,https://magiceden.io/item-details/GFuHbbhkbf2JVoaCmyUsQcEnzzv4NFP82xAXU42Q6Ji9,Urn,Cross,Empty,Empty,Tombstone,Forest,Shack,Cat,2,Cloudy
1713,4.2,1375,48.48,https://magiceden.io/item-details/EPx6Ya8wzChFWSFdhKZtk9senTMikbpGMbwkYR6MYM5Y,Tombstone,Skull Pile,Empty,Empty,Skull Pile,Garden,Crypt,Raven,4,Sunny
1724,1.6,1419,73.78,https://magiceden.io/item-details/4ek6GhaTN5sXruaxPWfRnGgupTNKmwqhpuZ9FnbvnD9s,Bonfire,Skull Pile,Bonfire,Empty,Empty,Swamp,Arch,Cat,2,Cloudy
1727,2.5,1458,64.15,https://magiceden.io/item-details/4ScdefJ83FqYDvVKxVwopXPJCw9EQ4virUfpAnitTL73,Cross,Empty,Bonfire,Empty,Tombstone,Desert,Altar,Frog,6,Fog
1729,2,2253,56.42,https://magiceden.io/item-details/8VqMhGNQDXrEP82MCoDii48oynqET5wbSfrabVEfwX3w,Empty,Empty,Cross,Empty,Empty,Swamp,Arch,Frog,2,Night
1731,3.1,443,74.41,https://magiceden.io/item-details/wQUAnFRxidSMZio1UYBng7yvdKwKxonrvMNSiy2VV1h,Ornate Cross,Urn,Tombstone,Torch,Chest,Garden,Tholos,Cat,4,Stormy
1736,1.99,1898,62.21,https://magiceden.io/item-details/6vDCd1ZKKYn1sRmMX14PW1pNKhWsXG4MU2PfyJEtd9te,Empty,Empty,Empty,Chest,Cross,Desert,Shack,Raven,2,Sunny
1741,2.5,207,84.19,https://magiceden.io/item-details/HZBRDzjUWGgVRtKTiJe8qNHnjJ6xxCJsCdQFPxjkdkJh,Ornate Cross,Chest,Urn,Tombstone,Cross,Heaven,Arch,Owl,2,Night
1743,2.5,700,76.29,https://magiceden.io/item-details/Fe8b5USZYymRi3p9MVqMieYgLYZK4cgUcwLBFsJg7emf,Urn,Tombstone,Skull Pile,Empty,Bonfire,Jungle,Altar,Frog,6,Rain
1763,32,10,0,https://magiceden.io/item-details/3UqFgAuM3x1x8anfvy4LEaYU9VEppTXLSVbwtbwKRPhp,Torch,Ornate Cross,Ornate Cross,Fountain,Bonfire,Tundra,Cathedral,Unicorn,8,Fog
1767,2.5,395,81.17,https://magiceden.io/item-details/8sotUzgfEK9Y8c9aFbFSV4SGHK8dPKGvJfNhmJxNMP2t,Tombstone,Tombstone,Ornate Cross,Sword,Chest,Jungle,Chapel,Frog,4,Night
1776,1.55,2332,59.66,https://magiceden.io/item-details/612samaYRHicbpaMVPH3FwpS9x3KEzmsACDP7n34Nb7e,Empty,Empty,Empty,Urn,Empty,Desert,Hut,Cat,2,Cloudy
1778,3.2,2333,43.14,https://magiceden.io/item-details/8bB2FhNdyRPZkxMvJS25g7xY9FEyvwyhX8ZcJ3vkQtFY,Empty,Empty,Empty,Bonfire,Empty,Garden,Obelisk,Cat,2,Night
1780,2.4,761,76.31,https://magiceden.io/item-details/13EkkZTC87MeHNR2r9xs6LTWjDYgQykvpCn2mV6G8Gii,Torch,Tombstone,Sword,Bonfire,Empty,Garden,Crypt,Snake,4,Stormy
1781,1.49,1964,66.15,https://magiceden.io/item-details/HUHfEp7T85R4qrSN56wJL5vp1YDWUGkS9XThm4H1Q1JL,Empty,Empty,Tombstone,Sword,Empty,Garden,Arch,Scarab,2,Night
1782,2.6,464,79.07,https://magiceden.io/item-details/EUkWGV1tG1WLEZGFCadVSLAKV5RdJzYtvSZbVVfFvHSf,Skull Pile,Torch,Torch,Ornate Tombstone,Bonfire,Tundra,Obelisk,Scarab,2,Eclipse
1790,1.49,2455,58.29,https://magiceden.io/item-details/AfGQdQjoUexr9J7jQDdV1bLEaM4HhqBKsHHFw3aQTQ7d,Empty,Empty,Empty,Cross,Empty,Garden,Shack,Frog,2,Sunny
1798,3.7,162,72.91,https://magiceden.io/item-details/5HDPFLAVTnTXaaSznzcvDYFy1kpJakKJXPdoVeb2Shde,Coin Pile,Cross,Chest,Ornate Tombstone,Sword,Swamp,Obelisk,Owl,2,Celestial Ray
1807,1.59,2335,59.21,https://magiceden.io/item-details/HfBNucViamAmXHTZMYvhyHZYrBaV1VDU4UxjbEa3qZak,Empty,Empty,Empty,Torch,Empty,Forest,Shack,Cat,2,Sunny
1815,6,1684,25.53,https://magiceden.io/item-details/3uujKUxwzd2R3Hxaik9qhJbXAj9BwUrRg5HvnnWVWKfD,Empty,Empty,Tombstone,Empty,Tombstone,Swamp,Chapel,Cat,4,Rain
1816,1.5,1154,79.02,https://magiceden.io/item-details/EfG5df9K9XuWeKu9ckmTWWcPpCSKFvMhfVEUux9jMUk2,Empty,Torch,Bonfire,Empty,Skull Pile,Desert,Arch,Scarab,2,Sandstorm
1821,2.99,231,78.9,https://magiceden.io/item-details/ADVPnCX8nitmDDtQWtQu4Z5MwmbKspB89ffCxzSJUZsg,Torch,Tombstone,Ornate Cross,Skull Pile,Chest,Tundra,Arch,Frog,2,Celestial Ray
1822,1.99,447,85.44,https://magiceden.io/item-details/6ECjFfhtm7i6wNBK93URURLqcwQtpfKEVSMPyF4voofx,Urn,Torch,Ornate Cross,Cross,Tombstone,Heaven,Shack,Frog,2,Cloudy
1823,3.2,572,71.34,https://magiceden.io/item-details/7rrKKvV9arDuZtQ1cTAWGP5myhApMUjepTJaPrYp5Ndk,Urn,Empty,Skull Pile,Skull Pile,Skull Pile,Garden,Mausoleum,Wolf,6,Sunny
1829,3.5,992,61.62,https://magiceden.io/item-details/5MxXDxxvUsiyddAGfzESXKqK5s7P67dKinbkUNLdeDvS,Chest,Ornate Cross,Bonfire,Empty,Empty,Jungle,Chapel,Raven,4,Fog
1831,149,3,0,https://magiceden.io/item-details/HUQGzhSJeCzLCaK3gHX2R2UMJRpwnWjBGv9v7Ut6HwVj,Bonfire,Fountain,Ornate Cross,Bonfire,Coin Pile,Jungle,Ziggurat,Unicorn,10,Rain
1835,3.49,614,67.77,https://magiceden.io/item-details/nduotgA5gBkXZ3DEjgfoGcLiCxjCwcSZzPQg65Yt7QP,Sword,Cross,Bonfire,Tombstone,Bonfire,Desert,Evil Chapel,Owl,4,Cloudy
1842,18,32,0,https://magiceden.io/item-details/Fg4YaxJBVxsSGt4NjzFot2EzJ5U2F4ew4LBzgraC3K3v,Urn,Bonfire,Ornate Tombstone,Statue,Sword,Jungle,Pyramid,Griffin,8,Sunny
1850,2.42,936,73.31,https://magiceden.io/item-details/4aVXuXQVzC1QfLVzhWkHKF3PRLppC3Mxg38xLiXkX6bk,Empty,Empty,Cross,Cross,Sword,Desert,Mausoleum,Scarab,6,Sandstorm
1851,1.9,912,78.9,https://magiceden.io/item-details/D33JG98xqHjr2epjQfzZo9mR9wtGKo1WECZWpMCihVav,Torch,Empty,Sword,Coin Pile,Empty,Tundra,Arch,Snake,2,Fog
1862,4,1933,41.55,https://magiceden.io/item-details/E1p75MhhBgtKRv5MxvVfVzwpWnz5qhA6t1EM2uBJhNBK,Empty,Empty,Empty,Bonfire,Torch,Forest,Mound,Raven,4,Cloudy
1864,49.99,125,0,https://magiceden.io/item-details/Cqi9ahE1JGeNnr9ELPHapvWiJvHDhsgrrhzkWN7t6UR6,Tombstone,Cross,Ornate Tombstone,Sword,Empty,Jungle,Ziggurat,Snake,10,Sunny
1872,6.66,1343,24.39,https://magiceden.io/item-details/CmhiezRtF1mvm9hiLxNKKkafPGosHBrs4sHaydBb33N8,Urn,Sword,Empty,Tombstone,Empty,Desert,Evil Chapel,Frog,4,Cloudy
1888,2.5,511,79.32,https://magiceden.io/item-details/DmP8RoABRcWbmGxaa6ufE555TToZdTNiGj5fLMtA5hcQ,Chest,Empty,Torch,Chest,Urn,Garden,Arch,Wolf,2,Radioactive Rain
1890,2.35,1494,65.08,https://magiceden.io/item-details/FmsYS81kFBMkvajZMaEjE6vcwRG9ynCVn4QqtMUctTAw,Tombstone,Empty,Bonfire,Sword,Empty,Tundra,Arch,Frog,2,Night
1895,2,1972,60.92,https://magiceden.io/item-details/2B9RwfZeYGLVbTGFZyWwNXTFdtDCFJnJxt5SnZcCw8Nj,Empty,Empty,Empty,Cross,Urn,Garden,Hut,Cat,2,Rain
1902,2,2000,60.47,https://magiceden.io/item-details/JCZ4xrMDe5aCEY3ngNf9WewcrE4Fqz635kLL9tZQPrgV,Empty,Empty,Empty,Cross,Cross,Desert,Mound,Scarab,4,Night
1904,1.92,1881,63.18,https://magiceden.io/item-details/8eW6BjZrDix48ppuP9ZxXqMsgEr7heeh4cppEqEJzbYV,Empty,Empty,Tombstone,Empty,Bonfire,Garden,Tholos,Scarab,4,Rain
1907,1.98,387,86.5,https://magiceden.io/item-details/GkGraPiTy5AA2sSkWRMuvfyRjoPsc9Tm7QUDGHofjbL3,Sword,Ornate Tombstone,Sword,Ornate Cross,Cross,Garden,Crypt,Scarab,4,Rain
1910,5,1066,45.43,https://magiceden.io/item-details/8V72GcBqKzp8QgaVH81fuBiHspQf6LhY9yKWTqxDyiiE,Urn,Sword,Empty,Empty,Sword,Jungle,Crypt,Snake,4,Night
1913,1.7,2042,62.8,https://magiceden.io/item-details/3czUNfnpuLmuFy9T4Zwb9rWbChrDDaobMfxce5KB8bni,Empty,Empty,Cross,Empty,Cross,Swamp,Hut,Frog,2,Night
1914,4.2069,875,56.42,https://magiceden.io/item-details/3Chy8cJqtdSt9HM2QCK2khkqxes2UCA9LkPTB1VnMSdG,Skull Pile,Sword,Tombstone,Empty,Urn,Desert,Shack,Cat,2,Aurora
1916,2.48,948,72.52,https://magiceden.io/item-details/5hGpc4YmvUHCmjbo57ycRyD9qEVZP6R4x7ULLQBLK1Gm,Urn,Sword,Empty,Torch,Empty,Tundra,Mausoleum,Snake,6,Sunny
1933,2,956,77.19,https://magiceden.io/item-details/BFBzaQTycAF4PinnhUL1rjgBFRxpKkADBwqiQKaxATun,Torch,Urn,Urn,Skull Pile,Empty,Forest,Obelisk,Wolf,2,Night
1939,6.7,1211,26.11,https://magiceden.io/item-details/EwZ8Cs4nP7xtwAeQkuFCVd1gxYWq4UKGTJy4KHzYWE9m,Urn,Cross,Urn,Empty,Empty,Jungle,Mausoleum,Scarab,6,Fog
1941,2,2259,56.33,https://magiceden.io/item-details/HGcK4HhELgHhkJYFLTLuv4FeS4xZ7HMkrHoHWrVdkd1n,Empty,Empty,Empty,Sword,Empty,Garden,Shack,Scarab,2,Rain
1946,3,1837,53.08,https://magiceden.io/item-details/4XzrBxEHhApGeMLAwDcXpYP5mSxhHxJy55yDXpgNAJjk,Empty,Empty,Urn,Empty,Torch,Desert,Altar,Frog,6,Fog
1957,1.99,1064,75.56,https://magiceden.io/item-details/CtUerokJsePDZEKFhgpuSytHYP9GisUeVEv4jm28bSXi,Sword,Urn,Empty,Empty,Coin Pile,Swamp,Arch,Raven,2,Stormy
1960,2.7,2291,48.81,https://magiceden.io/item-details/8W3U67iNMwczkSukmB3hYJLTNEftjbHNJgiWzuUAwYBh,Empty,Empty,Empty,Urn,Empty,Garden,Shack,Frog,2,Rain
1964,3.5,1407,54.97,https://magiceden.io/item-details/3Gw66aGWWZAarZfP57awHUpXk2wkTCNemggs5BdLuyKj,Torch,Bonfire,Empty,Tombstone,Empty,Jungle,Chapel,Frog,4,Fog
1972,2.9,210,80.14,https://magiceden.io/item-details/6UAPpJMf24Gcrei6kpUuLoro1XRimXdKTJ4jNuhkY1cv,Skull Pile,Sarcophagus,Ornate Tombstone,Empty,Tombstone,Garden,Crypt,Owl,4,Radioactive Rain
1973,4,793,59.8,https://magiceden.io/item-details/9LkH1BdkaFd6xBkxSWTNaYn4MHAicUNGo8iL6dXHXtSC,Sword,Cross,Coin Pile,Empty,Sword,Desert,Obelisk,Owl,2,Fog
1979,6.66,33,45.37,https://magiceden.io/item-details/C3UDXYB48x6QC1JjvnhRJaGL9NkSg5vjwhAquZStHj7a,Ornate Cross,Statue,Sword,Gallows,Urn,Forest,Bloody Altar,Scarab,6,Aurora
1990,3.5,194,74.39,https://magiceden.io/item-details/7w5J8gB61yYBUnJpUkdFqxGmKELdKhb1Eou5LEVNKtMu,Tombstone,Coin Pile,Sword,Chest,Ornate Cross,Desert,Bloody Altar,Wolf,6,Night
1992,4,323,67.33,https://magiceden.io/item-details/3fSDHC246D1y6fYRiLpz8QXjZkNWDqXqXW8Ssn2Mzyhc,Tombstone,Sword,Sword,Ornate Cross,Tombstone,Garden,Crypt,Wolf,4,Eclipse
1994,4.5,45,66.78,https://magiceden.io/item-details/7zZ2VoqjdPa9wXwKmvNnKXNga1kHVfCxpiVW8Ngcuc1V,Ornate Cross,Sarcophagus,Ornate Cross,Sarcophagus,Coin Pile,Swamp,Crypt,Snake,4,Fog
2001,7.5,1623,11.51,https://magiceden.io/item-details/4gSxZN3i28mpp6GvnpZ5hsPHBdFj6wnkNSswBUj6eGYz,Torch,Sword,Empty,Cross,Empty,Forest,Shack,Scarab,2,Rain
2005,1.5,2464,58.04,https://magiceden.io/item-details/4urJSFP4kHUFGFN4YVDHyeXMKdWd2ERaCRcjaZRun21r,Empty,Empty,Empty,Cross,Empty,Forest,Hut,Scarab,2,Fog
2009,3,1676,55.66,https://magiceden.io/item-details/CoFZkiDdaYP8udMmEFD3DgDJEhejNsbomStacuzsFVd8,Empty,Empty,Tombstone,Torch,Empty,Desert,Arch,Raven,2,Sandstorm
2013,2.8,604,74.83,https://magiceden.io/item-details/CPcW56eo94TbvWTYnfmNDbUUFuaF1S6nTkz6z7mN81QB,Tombstone,Sword,Sword,Tombstone,Empty,Jungle,Altar,Cat,6,Eclipse
2021,2.9,1397,61.13,https://magiceden.io/item-details/2bq5CsWjQuaKc24xHe8S3XD5CsN9f5rKAJCkbDSFJbyA,Torch,Tombstone,Empty,Empty,Urn,Tundra,Crypt,Frog,4,Cloudy
2024,5,500,54.49,https://magiceden.io/item-details/EyVzd7wZTHKL434yV6eFAz8j6yQArvTgWWMdaSDRhQa,Tombstone,Empty,Torch,Urn,Torch,Desert,Pyramid,Raven,8,Fog
2025,1.499,1578,72.24,https://magiceden.io/item-details/4uLmFGitdn2Ew9Z6XgWqFbMH14MYALGDmhgVmGXZFGZd,Empty,Bonfire,Urn,Torch,Empty,Swamp,Arch,Scarab,2,Fog
2027,10,104,10.83,https://magiceden.io/item-details/8PwrwhvY1cY4T6piufS1NDouoEHSGXMLU5C3n6hJFnxV,Tombstone,Tombstone,Ornate Cross,Ornate Tombstone,Coin Pile,Hell,Mausoleum,Snake,6,Sunny
2028,2,2001,60.46,https://magiceden.io/item-details/vFQSVU8dEugTQW37gQo1dfkj55vm18ZEQUW2wm2edSz,Empty,Empty,Cross,Empty,Tombstone,Desert,Tholos,Scarab,4,Cloudy
2033,4,790,59.85,https://magiceden.io/item-details/2NvsPUDdZUgAu1LshYSubgCFu7w4GHXLeyAZ3sNA51MJ,Skull Pile,Torch,Empty,Sword,Torch,Jungle,Evil Chapel,Cat,4,Cloudy
2041,1.82,454,87.03,https://magiceden.io/item-details/HtQgqk4beYSwNsLZNi6mHUP28PgG5Zi8FgLmuppqcAwA,Skull Pile,Sword,Torch,Empty,Ornate Cross,Swamp,Arch,Owl,2,Aurora
2042,4,677,61.66,https://magiceden.io/item-details/CHaPYpDzGqvyTY6Evij8JBiGSNfTB2zspdwNWyucqg1v,Urn,Cross,Bonfire,Empty,Torch,Swamp,Bloody Altar,Wolf,6,Fog
2050,2,2292,55.8,https://magiceden.io/item-details/CgmFA8hVTdPsTX3omsA6uSXWfZbgFpCaWcfRZahH31LS,Empty,Empty,Empty,Urn,Empty,Garden,Obelisk,Frog,2,Rain
2052,1.87,1663,67.17,https://magiceden.io/item-details/8VBRjdrgsJD8xW5uZz86mhDLq5xYMETRY8rNUTaAwTxi,Empty,Empty,Bonfire,Empty,Bonfire,Desert,Mound,Frog,4,Sandstorm
2057,1.6,1658,69.95,https://magiceden.io/item-details/CiB5HVosR5Wz9LHzhRNepBCA3y4rvxFxrXMTR3pXKoTH,Torch,Cross,Empty,Cross,Empty,Garden,Tholos,Scarab,4,Sunny
2060,5.1,224,57.91,https://magiceden.io/item-details/Ff6LLDTsQFhxFoziAERR4s8hZYvgHePSWP9DExSbp2kx,Sword,Ornate Cross,Urn,Sword,Urn,Jungle,Pyramid,Scarab,8,Cloudy
2069,1.969,1936,61.81,https://magiceden.io/item-details/91bm7B6wYTkZ5jrShhtie4ncytSp9wZPbN4NMPhLPNbN,Empty,Empty,Tombstone,Empty,Cross,Forest,Mound,Cat,4,Sunny
2070,2.3,2002,57.44,https://magiceden.io/item-details/2YarwGGrr2yZ9kDjEV8rCun5igC9b4faZdW3XypaiudF,Empty,Empty,Cross,Empty,Urn,Forest,Tholos,Frog,4,Sunny
2072,2.65,2003,53.93,https://magiceden.io/item-details/AZEvnTyuApeBRecvhj3hL7Sfwt2EwfuLpyNVufecajAP,Empty,Empty,Empty,Tombstone,Urn,Garden,Mound,Scarab,4,Fog
2073,1.77,2144,60.47,https://magiceden.io/item-details/CTYVotGjHbJcwxCvYDWf884R56PW21qf7MbHyUgJU6UF,Empty,Empty,Empty,Torch,Empty,Desert,Obelisk,Cat,2,Sandstorm
2074,2.8,824,71.31,https://magiceden.io/item-details/Cfv3KxBidk2ipnTrru9Xt5TJJh3nHVCpyksjwk3SFPc4,Torch,Bonfire,Torch,Urn,Tombstone,Forest,Hut,Raven,2,Stormy
2077,3,783,69.96,https://magiceden.io/item-details/CHVLjsi3RvCqu3VMQbqpUKcqXTMUv1FCwJP6s48KfpGH,Bonfire,Bonfire,Skull Pile,Empty,Cross,Swamp,Altar,Cat,6,Cloudy
2081,2,2126,58.46,https://magiceden.io/item-details/AiGmWgFuUCwr2nyJVYgya5j179F8P7rfDzH4u29MiH9A,Empty,Empty,Empty,Bonfire,Bonfire,Forest,Shack,Cat,2,Sunny
2085,9.8,103,12.85,https://magiceden.io/item-details/5eZ9if5iYFSYdtwuWcJQUU1Ajt5keQtoZYmPLTGBKDgn,Empty,Torch,Bonfire,Skull Pile,Torch,Hell,Bloody Altar,Owl,6,Raining Blood
2094,150,36,0,https://magiceden.io/item-details/GZc8HGjmywpJvw8sQA29uvFuS6CT5e4gqct75VzxDKYo,Torch,Urn,Chest,Coin Pile,Skull Pile,Tundra,Ziggurat,Scarab,10,Aurora
2104,3,1293,61.8,https://magiceden.io/item-details/6pRGZNvprZoV5whGaNg65bSMwgNk1M71Bz96MBEUmaki,Torch,Cross,Empty,Empty,Cross,Tundra,Altar,Scarab,6,Cloudy
2108,2.95,559,74.05,https://magiceden.io/item-details/AAhFLTdYbc8J8yHb55sufNcN4QQvaWYcFqcD3NY1wzra,Sword,Torch,Sword,Empty,Sword,Jungle,Chapel,Snake,4,Eclipse
2116,3,843,69,https://magiceden.io/item-details/7ggkxjCPSBLjoYQKWKiRCMdb43v3NqaDPupWDjtCokB1,Tombstone,Skull Pile,Coin Pile,Empty,Tombstone,Garden,Tholos,Frog,4,Sunny
2120,25,1213,0,https://magiceden.io/item-details/8mFFeLyxpove9tbiig2rqC136qt4jhrkvvttWNbYjo9G,Empty,Empty,Cross,Torch,Sword,Forest,Mausoleum,Raven,6,Night
2123,1.5,2472,57.92,https://magiceden.io/item-details/4uxNCxZdYBYa266HUpCnFFS3fwMPSYFtQqTnRE2X7qJX,Empty,Empty,Empty,Bonfire,Empty,Forest,Obelisk,Scarab,2,Night
2124,1.5,2473,57.9,https://magiceden.io/item-details/3PgAMR9EYeBKuC8oTaiPPkAZRCJndVhBG7DVrezuqhSQ,Empty,Empty,Empty,Torch,Empty,Garden,Shack,Scarab,2,Fog
2132,4.8,1864,34.65,https://magiceden.io/item-details/8qXbcJqjVYxcua6KwVhYunE1Nj2BBW7P37QDKA9VgKPs,Empty,Empty,Urn,Empty,Tombstone,Swamp,Crypt,Scarab,4,Sunny
2137,3.5,849,63.91,https://magiceden.io/item-details/9Z54NNRekyxY6LVHJZqKmLKD9mYoNLcBNmsKdAhTs2jX,Cross,Torch,Empty,Empty,Chest,Jungle,Altar,Wolf,6,Rain
2138,1.98,2476,53.05,https://magiceden.io/item-details/8U52ngtoUbzCqaPPDgYagd29Anb7a8N6jRgywuGLdzL2,Empty,Empty,Empty,Tombstone,Empty,Forest,Hut,Scarab,2,Sunny
2141,3.5,314,72.47,https://magiceden.io/item-details/ExVxF42gNb1gVuk83YoXGPMUoVMa6qkqC422YVzXRwnW,Torch,Bonfire,Torch,Coin Pile,Tombstone,Forest,Tholos,Wolf,4,Radioactive Rain
2149,8.88,14,23.48,https://magiceden.io/item-details/7xFGAF7xBfKhhZ5i3YyX1VxdYREgXqESFJL4tJsSmaDM,Cross,Ornate Tombstone,Torch,Ornate Tombstone,Cross,Heaven,Pyramid,Unicorn,8,Night
2154,1.99,1495,68.66,https://magiceden.io/item-details/84LxEH7p2TohE6VdrMKCXq66CUPboyRJ56F89oVso7xm,Urn,Tombstone,Empty,Tombstone,Empty,Desert,Shack,Cat,2,Stormy
2162,1.8,2257,58.36,https://magiceden.io/item-details/8nCrZSgWH5hNr4Gmp9BqExXpsvyNJvadM3Z6L8YH5qYe,Empty,Empty,Empty,Cross,Empty,Desert,Crypt,Raven,4,Fog
2163,1.5,2128,63.42,https://magiceden.io/item-details/DNg2eU9PsysN3yrXYq1tYeVF69Ub6y1jM5N7wqUXPkub,Empty,Empty,Empty,Urn,Tombstone,Forest,Obelisk,Cat,2,Night
2169,1.498,1871,67.56,https://magiceden.io/item-details/BXrWGPMEPv2smZTMM48wUKakF2CwCBZ5qwNvLiXJDgok,Empty,Empty,Bonfire,Empty,Bonfire,Swamp,Arch,Cat,2,Cloudy
2171,2.6,713,75.08,https://magiceden.io/item-details/2iRDuzsB7EakxD5p4ECJ3hd83D29kt9YHsxqyoVgWexm,Bonfire,Sword,Sword,Empty,Empty,Jungle,Bloody Altar,Owl,6,Stormy
2175,2,2129,58.41,https://magiceden.io/item-details/6UkqXcZu76gWUSe8xnYz92f5RfaqCtAtM3Vpd3B45C7m,Empty,Empty,Cross,Urn,Empty,Forest,Shack,Raven,2,Cloudy
2180,1.7,2481,55.77,https://magiceden.io/item-details/26mXPfqMkaCe1NMGDby5ueHfoHo4CeqdsfmgHxcZ7xtc,Empty,Empty,Empty,Cross,Empty,Desert,Hut,Frog,2,Cloudy
2182,1.9,1477,69.85,https://magiceden.io/item-details/5GeEQA4ccCsBiAJ6pk2KMX8VgDHdVRydFmhgeiPgzQYv,Sword,Empty,Torch,Empty,Sword,Garden,Tholos,Cat,4,Sunny
2186,2.99,815,69.55,https://magiceden.io/item-details/2acBDzqNUgWtjghBeDaN2JoEUoPWWPHA7r2SfyTRkD5B,Cross,Empty,Torch,Cross,Empty,Jungle,Bloody Altar,Raven,6,Eclipse
2188,2,1938,61.47,https://magiceden.io/item-details/B5TVBqEAv3JXHjjzkpKApo4kLXFsWPeGZVF9FADoBRMY,Empty,Empty,Urn,Empty,Bonfire,Garden,Tholos,Raven,4,Cloudy
2191,10,21,12.16,https://magiceden.io/item-details/5pMGCUVzRftxFbkVc9vJ1669LHaLoTHBNnhtRTBGLsHu,Coin Pile,Cross,Statue,Urn,Ornate Cross,Jungle,Shack,Dragon,2,Aurora
2194,3.5,899,63.1,https://magiceden.io/item-details/A1PUL5MmYS3anR1VNWib8qoxNN7G63edCXTgf4NH9cCW,Cross,Ornate Cross,Urn,Torch,Empty,Garden,Arch,Owl,2,Sunny
2195,1.99,1400,70.18,https://magiceden.io/item-details/2fGUB5k2aX4AWF3UXxwdWtVLDh2m5193PDdxUQeGCzS4,Bonfire,Empty,Empty,Tombstone,Sword,Desert,Chapel,Cat,4,Cloudy
2196,2,2245,56.55,https://magiceden.io/item-details/B8S9Z5A2PGofim6UZW2aAXbx9rv3zjq2byETZCDK6rzR,Empty,Empty,Urn,Empty,Empty,Swamp,Hut,Raven,2,Rain
2203,16.99,142,0,https://magiceden.io/item-details/GgxGpYowipYHAf7Rpe9MYjfysgnFcCm4iJWBxugu9121,Skull Pile,Cross,Sarcophagus,Bonfire,Bonfire,Jungle,Evil Chapel,Unicorn,4,Sunny
2205,2.5,635,77.33,https://magiceden.io/item-details/8jm67RFhP86ZopGgHoLGfL7hKEYvpbSX5ZUehmrTeqmT,Empty,Tombstone,Torch,Urn,Bonfire,Swamp,Crypt,Wolf,4,Eclipse
2206,1.99,864,78.76,https://magiceden.io/item-details/6rnrodEeeQBWYmKvLmDjkqKcuUDEFtAfC2q5Xj7VBzqW,Urn,Ornate Cross,Bonfire,Empty,Skull Pile,Tundra,Mound,Frog,4,Night
2212,1.8,2482,54.76,https://magiceden.io/item-details/4YY1vhMWX75okJjDSZ5FHg6NhqMLDp4fAFqxC73X554N,Empty,Empty,Empty,Bonfire,Empty,Desert,Hut,Scarab,2,Night
2214,8,959,17.14,https://magiceden.io/item-details/EV6zY3c1F7XBmFR4mKEH8PhjuKE3cARG4nVXaPUpXgTo,Empty,Torch,Cross,Empty,Cross,Swamp,Evil Chapel,Scarab,4,Eclipse
2215,4.2,68,69.41,https://magiceden.io/item-details/7ZU6MvGx51xkJcNzpr7ajagdazpvGDbHcJPY8BbQFVaZ,Skull Pile,Ornate Cross,Chest,Sarcophagus,Torch,Swamp,Bloody Altar,Wolf,6,Celestial Ray
2218,3.3,2483,39.74,https://magiceden.io/item-details/DXhtHKiLmwsbWYiXejzDP7WTaPbwDz1JiufrRmyhpBF8,Empty,Empty,Empty,Tombstone,Empty,Forest,Hut,Scarab,2,Fog
2220,2.39,791,75.93,https://magiceden.io/item-details/AhZ1V2g3nDxTvtz2quzNoe1AwNdNK2QYYbzcgAwY9W4P,Empty,Urn,Tombstone,Urn,Ornate Cross,Forest,Chapel,Cat,4,Cloudy
2223,1.6,1975,64.87,https://magiceden.io/item-details/5JKhZi6coAUqPr1n9yHhe5op858sbspfRmyojkbBXNsc,Empty,Empty,Empty,Urn,Urn,Forest,Shack,Raven,2,Rain
2227,1.84,837,80.7,https://magiceden.io/item-details/7hhF1gXQahwsBS2EZApKYEnx97v4LtqJjEaCmVgD9h2s,Cross,Ornate Cross,Sword,Empty,Urn,Swamp,Hut,Raven,2,Stormy
2229,1.98,926,77.87,https://magiceden.io/item-details/HjJiiBr8Tj2pekhqmEnGPmVrvu8RoLMxbn6Gp5HxoDVJ,Cross,Empty,Bonfire,Sword,Chest,Forest,Obelisk,Wolf,2,Fog
2234,5,1797,33.72,https://magiceden.io/item-details/GnTeXEfpNB5JLBMFz5xMdBzxvfJ2wENz8R3V19PpKhy6,Tombstone,Cross,Cross,Empty,Empty,Desert,Shack,Scarab,2,Sunny
2247,1.29,2214,64.15,https://magiceden.io/item-details/FJs3Q9mmpmco9SWJBdRupTLnxWUDnnuKmW2h7KVrHcVB,Empty,Empty,Empty,Torch,Urn,Garden,Hut,Scarab,2,Night
2251,5.5,149,55.11,https://magiceden.io/item-details/CaZiXxA97gapUM7dTjwRZm56sWXHxH3qC4nnbQ24PFaB,Coin Pile,Gallows,Urn,Empty,Urn,Tundra,Pyramid,Frog,8,Fog
2255,1.8,2215,59.03,https://magiceden.io/item-details/2Wqe9dfhkeHiWoqGatCKNVuyw1rZu1yhxwJMvordJfXQ,Empty,Empty,Empty,Tombstone,Torch,Garden,Hut,Frog,2,Cloudy
2263,10,97,10.95,https://magiceden.io/item-details/319NiuWrtjKsFXGNdwPJfDNgTW4d1qgsNPEnEUEggFAD,Bonfire,Cross,Torch,Coin Pile,Skull Pile,Jungle,Pyramid,Griffin,8,Cloudy
2267,1.999,1311,71.52,https://magiceden.io/item-details/EcnKsdc1Ns31vZBAeUffZj914y8GFcVtYQTYNirbeYSW,Torch,Bonfire,Sword,Empty,Empty,Tundra,Chapel,Frog,4,Night
2269,2,1057,75.57,https://magiceden.io/item-details/GRE8hbX9M1MYvxS3HhA9eK25XMc2XLoxi1VDUyqnGdrc,Empty,Skull Pile,Cross,Empty,Skull Pile,Jungle,Crypt,Snake,4,Night
2277,5,74,61.32,https://magiceden.io/item-details/5H8mCYQ1Yj8oNB8smJVd5zydFpzLpGxZUJTRDoBvei9t,Chest,Statue,Sarcophagus,Ornate Cross,Empty,Desert,Bloody Altar,Griffin,6,Sunny
2285,4.9,1136,45.31,https://magiceden.io/item-details/C6EFyBpDJUkHhz4u7LcY6LgiR4frvrfDtpUHduh9HGoL,Urn,Tombstone,Urn,Empty,Empty,Jungle,Tholos,Wolf,4,Night
2293,2.73,755,73.11,https://magiceden.io/item-details/2BLoraW12N3Nu9TpJweAiZ2mayng9y9yEtwvNng3do5G,Cross,Empty,Empty,Ornate Cross,Skull Pile,Jungle,Altar,Wolf,6,Sunny
2303,5,698,51.32,https://magiceden.io/item-details/5d3dXqmWu1ZLyoGuwrkuek85VrYTneJbVk41QPQu9CvJ,Chest,Ornate Cross,Bonfire,Empty,Tombstone,Jungle,Evil Chapel,Scarab,4,Sunny
2317,4,297,67.74,https://magiceden.io/item-details/G8kTg1xsvh6htEQJsTiuuDhn5uXDchvTQD2bw3cwE9fN,Ornate Cross,Sword,Chest,Torch,Coin Pile,Garden,Evil Chapel,Owl,4,Sunny
2324,1.68,538,87.09,https://magiceden.io/item-details/9aCcsGUZbYtmQuABizdT3szBCmUJw5bCfYW5H9f1J9ZT,Skull Pile,Cross,Cross,Ornate Cross,Skull Pile,Jungle,Arch,Scarab,2,Night
2329,2.55,172,84.25,https://magiceden.io/item-details/36jBxQypxxqqux23CF6mh1yxuxdByD2v6TrWQ7WYozQM,Skull Pile,Ornate Cross,Coin Pile,Torch,Skull Pile,Garden,Evil Chapel,Wolf,4,Radioactive Rain
2338,2,2296,55.73,https://magiceden.io/item-details/Ajv4mwQ99JGttmPWQ1xBGTYgbgr1oRLcN9BcYzPAzjmn,Empty,Empty,Empty,Torch,Empty,Forest,Shack,Scarab,2,Rain
2339,2.5,2488,47.66,https://magiceden.io/item-details/6yu86ir1xYHLNeWq4bf24yBrDzk4fRG9mR3DMU9CJwn5,Empty,Empty,Empty,Bonfire,Empty,Garden,Hut,Scarab,2,Cloudy
2340,1.35,2136,64.8,https://magiceden.io/item-details/8vw3LPbg1UUJABPEpTNcgr3cq1Zo6ACKScy8MafcMY4G,Empty,Empty,Empty,Urn,Tombstone,Forest,Shack,Cat,2,Night
2344,3.4,182,75.59,https://magiceden.io/item-details/4w3m9LDLjjchxBTrneq7mqBfLnEL2TmceUg7vB8pedLU,Coin Pile,Gallows,Cross,Statue,Empty,Jungle,Tholos,Frog,4,Stormy
2355,5,89,61.07,https://magiceden.io/item-details/Ajr2Bhg8JLsKRnabTWq4wrCqRcBy2JhZaMFKxiA6hJnh,Sword,Coin Pile,Ornate Tombstone,Coin Pile,Cross,Forest,Pyramid,Cat,8,Sunny
2362,1.9969,2008,60.38,https://magiceden.io/item-details/9aqqE7faJXkt4vxcYYg9zbdsM97o37S4nsyQPFNPUNSm,Empty,Empty,Cross,Cross,Empty,Garden,Crypt,Frog,4,Sunny
2369,3,1722,54.93,https://magiceden.io/item-details/CKtAE1hrdi3E2ntoKxwqjZ3w8Er6za6ch2h2CRZc7xpF,Cross,Urn,Empty,Empty,Empty,Tundra,Altar,Frog,6,Sunny
2379,3.5,542,68.82,https://magiceden.io/item-details/Cr9KSeqFx7TZkAQGn699oRqKo1vSR9tqL597VbKPXQPy,Urn,Tombstone,Ornate Cross,Urn,Skull Pile,Forest,Crypt,Cat,4,Fog
2382,2.5,810,74.53,https://magiceden.io/item-details/FPSZfcBu76UXhwyiwPBVsByiU24gPxDT6RB3ERTPyzjn,Tombstone,Tombstone,Skull Pile,Urn,Empty,Forest,Mound,Snake,4,Sunny
2383,1.7,1350,73.88,https://magiceden.io/item-details/GyHrxajyU2MmoScunn7oV6oKWJxT939eUicwEi2MGESi,Skull Pile,Torch,Empty,Empty,Urn,Forest,Arch,Snake,2,Night
2393,3,484,74.75,https://magiceden.io/item-details/H2RWhQLVksvj2BFFsy7sBv9NMFmkGFuXddrbMRkYGG96,Cross,Coin Pile,Bonfire,Sword,Sword,Tundra,Obelisk,Wolf,2,Fog
2396,3,403,76.05,https://magiceden.io/item-details/76YSqUNDrJBhCNXWnNivRp88Tk7NdXWdvavhzzVAuvF2,Urn,Ornate Tombstone,Bonfire,Chest,Coin Pile,Forest,Altar,Scarab,6,Cloudy
2431,2.2,2495,50.55,https://magiceden.io/item-details/69wFdwYYetULaL6eWQkgXhpaGqDaG8yVjeSnBS25KTRF,Empty,Empty,Empty,Urn,Empty,Desert,Obelisk,Scarab,2,Sunny
2433,2,1504,68.42,https://magiceden.io/item-details/ABvadMRtu9r5RdE4Z548nT6kHW1QhjVmnvuvVTBDjUTk,Bonfire,Tombstone,Empty,Empty,Urn,Forest,Tholos,Cat,4,Fog
2435,1.95,650,82.59,https://magiceden.io/item-details/GgZAN4GguUTVDNXs249T75XxKDcC6YwdoMvegKvuuhVL,Skull Pile,Urn,Torch,Sword,Chest,Jungle,Shack,Raven,2,Night
2437,2.25,479,82.33,https://magiceden.io/item-details/9xqAWxncwYNPUCkQQomMob2uUz4gDi6rUqyZQhfupEUS,Urn,Urn,Urn,Coin Pile,Torch,Garden,Hut,Griffin,2,Night
2438,1.55,2496,57.03,https://magiceden.io/item-details/5RQ4YvhMHeZeJ9Bhr4wqotWMeNT94aD9Hxx3RQkmETEN,Empty,Empty,Empty,Torch,Empty,Garden,Hut,Scarab,2,Sunny
2449,2.5,1809,58.53,https://magiceden.io/item-details/H4wyAnzYwkwoguirZwrtCcXn7CYUYCSkWyWAuqcC6A2S,Empty,Empty,Tombstone,Empty,Cross,Garden,Altar,Cat,6,Cloudy
2452,3.2,1052,63.65,https://magiceden.io/item-details/EU9ZJB7WC2Z6nQoxQWm8G5zRpQjc5DHs6zaWzZ8F79Rk,Bonfire,Sword,Tombstone,Empty,Torch,Desert,Obelisk,Snake,2,Sunny
2467,2.5,422,80.74,https://magiceden.io/item-details/5qDXPSy4yJCfkTNThz9ScYTws5r9DakqD7TrhS77rtuw,Cross,Chest,Cross,Coin Pile,Tombstone,Tundra,Arch,Raven,2,Sunny
2472,2.69,828,72.34,https://magiceden.io/item-details/2ZthqYZx69HETNQGjeb2meGXYZ2zd5Y7Ys4a3iFjQ1wg,Sword,Empty,Urn,Chest,Skull Pile,Forest,Shack,Snake,2,Rain
2476,3.5,185,74.54,https://magiceden.io/item-details/81pFnevphgwQ8dNZYV5xCkWCJZkKjTB3asPpiTMi1Pmt,Empty,Sword,Chest,Cross,Torch,Heaven,Hut,Unicorn,2,Celestial Ray
2477,3.69,589,66.17,https://magiceden.io/item-details/8iak8Y5sJuywzHQjSUwi9ZveZvWtVT762qBLjaKW8gJ8,Skull Pile,Ornate Cross,Urn,Empty,Skull Pile,Jungle,Evil Chapel,Wolf,4,Sunny
2480,6,887,38.3,https://magiceden.io/item-details/HoPf89r1MmoxAfjWWF8oe3sW6qBXZmLLExkL1xFfsEH2,Sword,Tombstone,Sword,Empty,Empty,Tundra,Arch,Scarab,2,Snow
2481,11,1006,0,https://magiceden.io/item-details/DtKASvvQTfHYvPvbs4dv4BXsofiYDtowCzUpYweeQSjX,Empty,Urn,Skull Pile,Empty,Urn,Desert,Altar,Snake,6,Cloudy
2482,2.3,2498,49.5,https://magiceden.io/item-details/HN6pyixAuqdGEVu6ctsed281Tc8byoHDxTitsYWdgc4Z,Empty,Empty,Empty,Urn,Empty,Forest,Shack,Frog,2,Fog
2487,5,155,60.02,https://magiceden.io/item-details/3Lgn9LuSz2ppFadugrpgXmGM9uxv2fmUAwpdTMS5iygS,Tombstone,Cross,Bonfire,Empty,Torch,Heaven,Mausoleum,Snake,6,Golden Snow
2488,15,80,0,https://magiceden.io/item-details/8sBGfEVZsGZhW1kKQ5jeAnNE3VJdbNFz8ASYTU1BEjeD,Empty,Fountain,Sword,Torch,Urn,Swamp,Cathedral,Snake,8,Celestial Ray
2490,1.6,1002,80.46,https://magiceden.io/item-details/DuTFNVjmNmLm9jEwcG4zUbE46oDBGt7e7N4sfNr61xW2,Tombstone,Bonfire,Sword,Tombstone,Empty,Jungle,Shack,Raven,2,Rain
