id,price,moonRank,ðŸ’Ž score (%),storeURL,Background,Body,Body Accessory,Colour,Dog,Glasses,Hat,Mouth
10,3,2868,59.28,https://magiceden.io/item-details/EQEvQA43zZCG83EveUND6ET3HHHXNxy3swAWXoqtn6vM,Green,Green Tracksuit,Red Bandana,Blush,Scar,None,Blue Hat,None
38,1.88,3139,68.53,https://magiceden.io/item-details/kaUwvZtckTGPocb9uUywRrtoWkgknavc14eGkmFsrXs,Yellow,Sneaking Suit,Green Bandana,Salt N Pepper,Oldboy,None,Blue Bone Hat,None
63,1.5,5424,55.82,https://magiceden.io/item-details/EpajprxQcy2LdiWtVeLd8x6an9swhZkhH9u8frTG57pd,Cyan,Yellow Tracksuit,None,Brown Bear,Chinchin,None,None,None
76,1.8999,1103,83.03,https://magiceden.io/item-details/6afhj5ASxYvDaqidnXR7Va9DRvmwXFHdJWxKGz9eYKSS,Blue Action,Blue Uniform,None,Silver,Fluffy,None,Green Beret,Facemask
90,3.99,3171,47.2,https://magiceden.io/item-details/4YerFurRFyfW8YYooBC3wneYwDDKNGuZG6wwZ2cbhA5K,Blue,Spiderdog Outfit,None,Blush,Crazee,None,Yellow Beret,None
96,6.9,328,38.63,https://solanart.io/search/?token=AdrhqFDURaX659UG3K1XB9duF4mjoauf3kfxVXcDSwGb,Blue,Green Uniform,Red Bandana,Zombie,Schemer,Monacle,Rose,None
111,5,439,56.83,https://magiceden.io/item-details/UoB1zN9a6iRriEj4mQzzGQdcY3PVBJcyCmpxFmxY1pd,Yellow Shiny,Orange Uniform,None,Salt N Pepper,Scar,Cyber Visor,Red Punk,None
113,2,4790,55.4,https://magiceden.io/item-details/3kykHXxshiqj6npwmwptYuYLJ2PAd7BvLPmucfHYZyxw,Orange,Blue Uniform,None,Ginger,Fluffy,None,Blue Hat,None
118,2.5,1489,74.25,https://magiceden.io/item-details/7TzbykreHLv3he23uxZB9Pj7yeWgVQo4TVXsim9FR6Ue,Cyan,Sneaking Suit,Red Bandana,Twilight Beach,Pugsly,None,Red Beret,Cigarette
137,2.2,2309,71.32,https://magiceden.io/item-details/e7taeNjnFdXHKREbdK2b86kU7rSLFsDyBptK7M2arro,Blue,Winter Uniform,Green Bandana,Salt N Pepper,Pugsly,None,Red Punk,None
141,3,4818,45.2,https://magiceden.io/item-details/GetZWYTaPgphs5r8t3x5rwx7JwTGMUsW9QJwjFt4upFN,Orange,Blue Uniform,None,Twilight Beach,Chinchin,Viper Shades,None,None
155,1.85,3659,65.07,https://magiceden.io/item-details/3DPshjQpzjUABTBkPkhbqJCXQv8eFheHBMEupEM564wF,Orange,Green Uniform,None,Brown Bear,Wolfie,Glasses,Blue Bone Hat,None
156,1.4,5235,58.19,https://solanart.io/search/?token=8yDR1jKabQBgLFsKiaXiE4GbvtAccPo9yppXBGnKny9L,Yellow,Orange Uniform,None,Twilight Beach,Rage,None,None,None
197,7.5,57,34.59,https://magiceden.io/item-details/5Fo3P8TfP7JgPYUYUQNLFoMdR7jfKyfbwhCgRKnJDjPn,Blue,Winter Uniform,Green Bandana,Ultra Violet,Sniffy,Solid Eye,Purple Hat,Tongue Out
202,3.3,3544,51.4,https://magiceden.io/item-details/GpyJwKATn7pZgkMmeJNkc6MXNjKTmyxtFMvYFp9YepUz,Green,Blue Tracksuit,None,Blondie,Groucho,Cyber Visor,None,None
204,1.55,5397,55.52,https://magiceden.io/item-details/Admak2oEjhJAL6n39RmB41H5tBvcFb6J3x9p99mc2Hi4,Cyan,Red Tracksuit,None,Silver,Puppo,None,None,None
208,1.6,737,88.68,https://magiceden.io/item-details/7zMN4xcdkHrHtgpgaoswjhdQuvBKNG9VWuc87nM7UrTh,Yellow,Red Tracksuit,None,Silver,Pugsly,Glasses,Red Beret,Solana Facemask
214,1.8,2674,72.69,https://magiceden.io/item-details/6MAw6RYngUEZXPLixHgyGcJSeGKFGLSsqYXmhnPs6Zsj,Orange,Orange Uniform,Red Bandana,Twilight Beach,Rage,None,Blue Hat,None
222,5,1543,48.86,https://magiceden.io/item-details/GEjip164m4spoZfqeY9ZSmaJobQvronFFyUrTvUKcjHG,Squares,Green Uniform,None,Blush,Pugsly,None,Green Beret,Tongue Out
269,3.5,3370,50.66,https://magiceden.io/item-details/9asBNcBPdPxBxgn7L3AKtWToZgD8FdLVRwGLL7X2AKp4,Cyan,Red Tracksuit,None,Salt N Pepper,Sniffy,None,None,420 Cigarette
291,1.75,5070,55.88,https://magiceden.io/item-details/DyYRwa6ruWYWFBpHdhkwMebZrcstG5KCStK8pNYekenq,Pink,Leather Jacket,None,Salt N Pepper,Sniffy,None,Blue Hat,None
295,5.5,1249,45.98,https://solanart.io/search/?token=AarVSyWWuFdcsPDSFYXd8Wb5887Y8Ra7aiCp4EaBCbvE,Yellow,Orange Uniform,Blue Bandana,Salt N Pepper,Wolfie,Solid Eye,Red Beret,None
297,69,1872,0,https://magiceden.io/item-details/47i3yPdn4Ke62UjHVDePL9ZkfyfQd1pL31yjFk6nsbuq,Yellow,Green Uniform,None,Silver,Groucho,None,Tiara,None
315,1.555,982,87.36,https://magiceden.io/item-details/DMC83kMh5tHZwqQwvYNbwhy7fNDQrXZuJV8LgGCSenPy,Blue,Green Uniform,None,Salt N Pepper,Pommy,Solid Eye,Blue Bone Hat,Cigarette
322,2,1733,77.48,https://magiceden.io/item-details/4YyLTExn4LWCVt1zjDWsJ1ySYCM1LqXMV3FCvxmiembp,Yellow,Blue Tracksuit,None,Brown Bear,Groucho,Solid Eye,None,Vape
325,8,4124,0.21,https://solanart.io/search/?token=EqW1VatLZbZsMm5zQTpGiPzL5bHmqP3ZzH2XuD37uiEJ,Cyan,Golden Armor,None,Chocolate,Puppo,None,None,None
326,3,1789,67.08,https://magiceden.io/item-details/2NzYpExB247ocDAPRUskiWg6WsxZ1guYmTaDCYoUc1Jv,Blue,Winter Uniform,None,Bright Red,Schemer,None,None,Solana Facemask
335,99,3118,0,https://solanart.io/search/?token=Hr6dLvSJLh6F7dhwJHMFjFHzzB1mahgh2gT5oejieKpX,Pink,Leather Jacket,None,Alien Blue,Scar,Viper Shades,None,None
353,2,3694,63.32,https://magiceden.io/item-details/EuNVMezmiVDJDo6DYaAhnELDDigF45FuGqcMQFmCLU9i,Yellow,General Uniform,None,Alien Blue,Oldboy,None,None,None
367,1.49,801,89.31,https://magiceden.io/item-details/CeN5nanGFTs64dE7KnSSeysYAPzuREkG87ijtR1V4RFT,Pink,Blue Uniform,Red Bandana,Blush,Crazee,VR Headset,None,Tongue Out
379,1.1,3142,76.31,https://magiceden.io/item-details/HeLkg79Yb6E6zTdQaVAbNLrT7zW5jogaiwjDrPraM7Ym,Yellow,Red Tracksuit,Green Bandana,Salt N Pepper,Scar,None,Garrison Cap,None
382,1.69,4077,63.65,https://magiceden.io/item-details/J6ovLCAdGRJZqmvgq5B9cCR4GexbkzfD366wXHLxxjbe,Yellow,Blue Tracksuit,None,Brown Bear,Schemer,None,None,Stogie
388,1.79,1632,80.31,https://magiceden.io/item-details/FGdQ9VijbjrutRRFdhQ6QL2RA3vfnv6vP4TxX8k5cxb,Blue,Green Tracksuit,None,Silver,Groucho,None,Red Beret,Respirator
391,2,3414,65.34,https://magiceden.io/item-details/EwHCtPKo3i6gdfMroCNiSaG9Tig8eRinFfbtSb2KKuKk,Blue Speed,Orange Uniform,None,Salt N Pepper,Groucho,None,Blue Hat,None
400,2.069,2222,73.26,https://magiceden.io/item-details/Aw65Sdfkj4DVagbr6pfPu1mszgBdUobyKSomWsxSJaMo,Orange,Sneaking Suit,ETH Collar,Brown Bear,Fluffy,None,Green Beret,None
408,1.07,4788,64.72,https://magiceden.io/item-details/3Bc9S7oBRMMcbFeF4Beio9raJVvkFnEBKar7NeEHaCAK,Green,Winter Uniform,None,Blondie,Groucho,None,Red Beret,None
421,1.9,3911,62.75,https://magiceden.io/item-details/A6gMzT4h5b11qstxSpq9NEQdBqkyBasANDDia4jcJX89,Green,Red Tracksuit,None,Silver,Wolfie,None,Halo,None
430,3,5094,43.21,https://magiceden.io/item-details/78KMZxY74sobgRtQp9WtT7DbCrhVwhZwuXewEfUzVdu8,Pink,Blue Uniform,None,Chocolate,Pommy,None,Blue Hat,None
435,5,2192,44.17,https://magiceden.io/item-details/s6UMsfubMhPw5c8D3fmec42cwkSfzWfJAbqSCBkxMMw,Green,Blue Uniform,None,Solana,Oldboy,None,General Hat,None
450,2.4,2902,65.04,https://magiceden.io/item-details/AoDc17QxfVF7fms9wkHmobPKfRQsHEE6pxy6SmUxBBrS,Yellow,Green Uniform,Orange Bandana,Blush,Wolfie,None,Purple Hat,None
451,2,5158,52.74,https://magiceden.io/item-details/91nhFQXBNSvnbAX487JHzBxd5fJ67BHSWLXfvsndZQYd,Blue,Blue Uniform,None,Coco Cream,Oldboy,None,Blue Hat,None
456,1.49,3393,70.59,https://magiceden.io/item-details/Gixo7Vwcka1cTkoULBonagaxQDDbo9AHLARqViDvPUbi,Blue,Green Uniform,None,Salt N Pepper,Groucho,None,Red Beret,Vape
461,1.9,4007,62.06,https://magiceden.io/item-details/DP4Ppn1943MdTNwjeaMbdsVxY3ABBc9ZUmeqLPAAKj4y,Yellow,Green Tracksuit,None,Salt N Pepper,Schemer,None,Green Punk,None
471,1.65,1815,80.39,https://solanart.io/search/?token=CfCE7KurKpkbynyTeQytEnBVo1ME7dsdF84cco9pWkk2,Pink,Blue Uniform,None,Chocolate,Crazee,Glasses,Yellow Beret,Pipe
478,1.88,1610,79.57,https://magiceden.io/item-details/8jnTrRNj5w4jKHLqA9hVLZPEbiZhvNvbxosx4zBwZAEn,Yellow,Blue Uniform,Orange Bandana,Ultra Violet,Sniffy,None,Rose,None
482,1.6,3035,72.08,https://magiceden.io/item-details/EmnrffBeiF6nr2Uk2e9F2nU4jxotTXdnPa9THxGeoTYR,Green,Orange Uniform,None,Albino,Shibe,None,None,Pipe
501,2.45,3883,57.45,https://magiceden.io/item-details/83MrwG4dP1GXPyAJsetCQdiFj9nZe7xxT4usFQWt3pwd,Cyan,Green Uniform,None,Golden,Chinchin,None,Blue Hat,None
516,8,17,29.88,https://magiceden.io/item-details/DQCJeTxpjyXhg2unas9En8SCHfQKs5tqp6Npw2PtxoL5,Yellow,Blue Tracksuit,Green Bandana,Albino,Imposter,Cyber Visor,Halo,None
538,1.69,3865,65.18,https://magiceden.io/item-details/7giiXN7FoGkpxPgwQ2nGaybtmmKxxp7Bo5yp3DRPwM6o,Blue,Red Tracksuit,None,Zombie,Sniffy,None,Yellow Beret,None
555,4,2355,52.99,https://magiceden.io/item-details/BkympPpKw2KqsRqomZjMjJy6TJhLZUhCqYZtN17vfhSJ,Green,Blue Uniform,Blue Bandana,Chocolate,Pommy,Solid Eye,None,None
562,2,4402,58.21,https://magiceden.io/item-details/9PSw1TvG3EichRUtTTgM5MqdHSL4DeGNTzUyYNFLMjZ,Green,Leather Jacket,Red Bandana,Salt N Pepper,Pugsly,None,None,None
575,1.5,5065,58.42,https://magiceden.io/item-details/3Pi734DhGDukpt4T83y6rxoKaL8RVq5LGiSPAYYZVZzC,Orange,Green Uniform,None,Zombie,Fluffy,None,None,None
578,2.8,4676,48.23,https://solanart.io/search/?token=EroH5rbo2eV1PBdbPYFb4Vq3Sw7t7pRicQLJW1Po6h8T,Pink,Orange Uniform,None,Brown Bear,Wolfie,None,Garrison Cap,None
579,2.5,2328,68.19,https://solanart.io/search/?token=4sPoWDY4PsAWwd3iiQ3G4KF754Pxi7kc85a7w7tivrbB,Blue,Orange Uniform,None,Silver,Oldboy,Glasses,None,Stogie
582,1.2,3386,73.54,https://magiceden.io/item-details/4fUYG16XFtHLxvNJxH86g7UQSyQrAnd7JLDS9hEfULJ9,Pink,Yellow Tracksuit,None,Silver,Schemer,3d Glasses,Green Beret,None
583,2.7,4246,52.33,https://magiceden.io/item-details/FHCAMFRUovaQDE1YKH5iG9PSBtEi7gVYUjMkZKVzguUE,Pink,Sneaking Suit,None,Aquarium,Schemer,None,Red Beret,None
599,1.9,876,84.67,https://magiceden.io/item-details/2wrC9ACvouR9MNQiwH9EUmGs7k3xmwXnvYdGB788RJnc,Yellow Shiny,Orange Uniform,None,Chocolate,Cutie,VR Headset,Green Beret,None
603,2,4228,59.46,https://magiceden.io/item-details/6m9E6msyLV7VuMPLs5HsWj7DKALsTtK5GddV9TymCjLQ,Blue,Blue Tracksuit,Green Bandana,Ginger,Chinchin,None,None,None
605,2,4707,56,https://solanart.io/search/?token=F4rxJRNCbaxbs8AhFGRedom6JgRHrhbyK2HDDrYkRh37,Orange,Yellow Tracksuit,None,Salt N Pepper,Shibe,None,Blue Bone Hat,None
606,3.2,1691,65.79,https://magiceden.io/item-details/GKLmeo7AkRPKb7j8Qv6AyzAABhzvEZAsDVstUArfiS7Q,Yellow,Blue Uniform,Orange Bandana,Salt N Pepper,Cutie,Eye Patch,Red Beret,None
615,1.7,2365,75.92,https://solanart.io/search/?token=9RfKEzWnur8kF1noduZiCBWYiSXv1MrJUrQVTX44PW71,Yellow,Leather Jacket,None,Blondie,Pugsly,None,Garrison Cap,Facemask
616,2.5,1557,73.75,https://magiceden.io/item-details/GWm1kVze29EyX9M8XPgq7i31KvJFs5hC1STvjSQ1j1Mk,Cyan,Leather Jacket,None,Ultra Violet,Schemer,Viper Shades,Purple Hat,None
635,1.4,2265,79.64,https://magiceden.io/item-details/FiwryeJXRDXpgxysgKDneW2AmyfpX4M7h7BDozHPjmiK,Yellow,Green Uniform,None,Albino,Chinchin,None,Blue Bone Hat,Cigarette
641,1.99,820,84.18,https://magiceden.io/item-details/C7f4qKs6iyYg6vfM1AM7ud7WN9w2VwD3FMhotyd5efv9,Pink,Blue Uniform,Blue Bandana,Ultra Violet,Pommy,Eye Patch,Blue Hat,None
655,2,731,84.72,https://magiceden.io/item-details/AGcUgDnnfELfBZBaDmwnvvrgJ8zbXR7w6QPvBNBJjrFs,Cyan,Spiderdog Outfit,None,Silver,Sniffy,VR Headset,None,Facemask
661,1.85,3208,68.33,https://magiceden.io/item-details/4WaTeVp2EzZ9RBYfc7VNU81zohMJTCo7xQzsfACr6mqm,Moonrise,Sneaking Suit,None,Blondie,Pugsly,None,Blue Hat,None
671,1.3,3453,72.06,https://magiceden.io/item-details/DYpxs911qbx1rGzbHfzSX2avo39p2oEDHK8rNuD2h6LB,Orange,Sneaking Suit,Blue Bandana,Brown Bear,Pugsly,None,Red Beret,None
683,2.222,2338,70.89,https://magiceden.io/item-details/E3vMVbPcKYbvBtrtLaL1hkYGv2cyiHoRJ4XqKB6a5Wvx,Orange,Green Tracksuit,None,Blondie,Schemer,Aviators,Green Bone Hat,None
690,3.49,5412,36.01,https://magiceden.io/item-details/BNn4KcMCeyhNTZsPJGGwPcUAD7FQ2iPTA8yQTL7Jdvig,Blue,Sneaking Suit,None,Twilight Beach,Pugsly,None,None,None
695,3,3894,51.87,https://magiceden.io/item-details/YitWL2cuvT3FAQhxQNfbnDf1ch8Dm3x4WXUtmDcXDp8,Pink,Blue Uniform,None,Blush,Oldboy,None,Halo,None
697,1.75,1657,80.53,https://magiceden.io/item-details/H7C7caEz4qGYJ7AcZiv3JLVifG8xEFFhyRC12pytyfqN,Cyan,Yellow Tracksuit,None,Albino,Shibe,None,Yellow Beret,Facemask
703,2.45,4016,56.49,https://solanart.io/search/?token=DjxrvmAVmW7BGe7xFFtaUa3KD1s9u7rR6ZGGD5ykFCzr,Orange,Green Uniform,None,Coco Cream,Fluffy,None,Green Punk,None
723,3.3,3791,49.62,https://magiceden.io/item-details/CwjWBUM532E9kSJVbviX5qKG3ibsu5cCG6BmXABNHHsi,Orange,Leather Jacket,None,Ginger,Groucho,None,None,Facemask
731,7,2001,25.55,https://magiceden.io/item-details/9re9rgGEw4cjdZ2t41z63Vi6Mz6f1Fy99n3KeyQaiFT1,Cyan,Green Uniform,SOL Collar,Blondie,Fluffy,None,None,Tongue Out
733,3.3,517,73.27,https://magiceden.io/item-details/CF7TpcVMayfXxWFEA9djqWyBFTfrJSiNyJh1M3KurQQu,Yellow Shiny,Orange Uniform,Blue Bandana,Twilight Beach,Pugsly,Viper Shades,Blue Hat,None
784,1.3,5051,60.52,https://magiceden.io/item-details/6wuLXM4abjU7qLE5UDJLpQu6UM2HCa9sAYD9DKrFSKET,Blue,Green Uniform,None,Chocolate,Sniffy,None,Cowboy Hat,None
799,4.5,689,60.02,https://magiceden.io/item-details/EaPW1RKL3soB7BP8ztFmrTMoDCzKHykFq2M6wxcXeyt1,Cyan,General Uniform,None,Aquarium,Scar,None,Green Beret,Solana Facemask
801,2,5176,52.61,https://magiceden.io/item-details/2MgZRg6yfEbjmc1FgkAxVFhcWj49FXKFYY9quSsDh7Bf,Cyan,Green Uniform,None,Brown Bear,Shibe,None,Red Beret,None
813,1.5,4528,62.3,https://magiceden.io/item-details/EfwFRfUC4UWdNmQ81yLcLiXPmtzMCeGnESyLjDWEoyaS,Yellow,Red Tracksuit,Green Bandana,Silver,Wolfie,None,None,None
817,2.5,1093,77.11,https://magiceden.io/item-details/G8qDy4R8NLpd2KSum3AAexPVpRJJAMSwYP3dvE4vqSya,Blue,Red Tracksuit,None,Salt N Pepper,Pugsly,Monacle,None,420 Cigarette
841,1.9,3231,67.66,https://magiceden.io/item-details/6Y17T4XBewnZTW2BdV2jew9tN23kjaVo8CPLydnZCQ7n,Green,Red Tracksuit,None,Salt N Pepper,Wolfie,None,Blue Hat,Cigarette
857,8.5,3906,0,https://magiceden.io/item-details/AKi5N88erSDHxRaFz1MX63bLuq9MGr4Svo9UadpnrYCA,Pink,Green Uniform,None,Brown Bear,Oldboy,None,General Hat,None
875,20,416,0,https://magiceden.io/item-details/DXirMuiUsijMFcFENsabJBQPA6GQQvFNrrYV8nyDKGZF,Green,Green Tracksuit,None,Albino,Scar,None,Helmet,Stogie
878,10,1639,0,https://magiceden.io/item-details/nMFpsevMzi5gYd3Cjgpv8rtSpDUkv2UEReZquP53C37,Orange,Sneaking Suit,None,Twilight Beach,Imposter,Viper Shades,Blue Hat,None
882,2,2396,72.69,https://magiceden.io/item-details/5kUR3D8rSsstAQjR6ksH3pcPg8ZgCojXyJFrx8XSzqpK,Pink,Orange Uniform,None,Ginger,Cutie,Viper Shades,Blue Bone Hat,None
884,5.5,626,50.48,https://magiceden.io/item-details/5Zy2GoPRrM4XJEHp4qzF558jjhZ3S851BZHTGYLucC5i,Pink,Green Tracksuit,None,Twilight Beach,Crazee,Robo Eye,Garrison Cap,Stogie
915,4,2358,52.97,https://solanart.io/search/?token=6RMwjLY95L6hcQvc8C7pfk1U6uccjRXabcjjEW7xvcHE,Blue,Orange Uniform,Green Bandana,Coco Cream,Pommy,Eye Patch,None,None
934,7,2428,22.46,https://magiceden.io/item-details/31KXbAaH5DDJsEGipGc23jDh4XSdcRnmZ5UaDgyMRq5b,Pink,Golden Armor,Red Bandana,Coco Cream,Pugsly,None,None,None
951,3.5,4466,42.74,https://magiceden.io/item-details/9N3qeWiH1vFrofFdDZ4SrGoKL35gerVxAMCXTJaPAykb,Yellow,Orange Uniform,None,Solana,Pugsly,None,None,None
970,2,1754,77.33,https://magiceden.io/item-details/8VooQqws6ukFkwNEFu2p8By87wqvERs6YJ9a4ZEDzMS8,Cyan,Blue Tracksuit,None,Chocolate,Wolfie,VR Headset,Green Bowler,None
973,2.79,3505,56.78,https://magiceden.io/item-details/3EFadrmx8yp21NkL9jekiSef79tEMMReEPVxZs2idqKP,Yellow,Green Uniform,Red Bandana,Solana,Groucho,None,None,None
978,3,974,72.96,https://magiceden.io/item-details/F9Ju16d9vtMz57LjAZrqSa3es61AarYnxSnTP8ZS7bNa,Cyan,Winter Uniform,None,Blondie,Rage,Viper Shades,Yellow Beret,Tongue Out
979,4.69,300,60.93,https://magiceden.io/item-details/7LxfdDbRLkby5gsZ8mcW8Ug9bw2UJX5e5HQMVzPwnBit,Cyan,Yellow Tracksuit,Orange Bandana,Zombie,Cutie,None,Blue Bone Hat,Facemask
997,480,243,0,https://solanart.io/search/?token=CsiwZxbeFMEcn99FXP87QR41kqZ8vewiQdLUag3o1LCK,Orange,Blue Uniform,ETH Collar,Twilight Beach,Wolfie,3rd Eye,None,None
1003,1.5,3980,66.25,https://magiceden.io/item-details/E7VBAr8ZLdFp5Kf5Fk4JdwGNvA75ZCNSHa2uJnRNVad1,Cyan,Sneaking Suit,None,Twilight Beach,Groucho,None,None,Facemask
1028,1.55,4572,61.48,https://magiceden.io/item-details/ajj4DsNiaizaJE6JEqSiWfrw2T4yoGwPEiHsFdLC3J7,Orange,Blue Uniform,None,Chocolate,Oldboy,None,None,Stogie
1032,2,1575,78.62,https://solanart.io/search/?token=BFt5Mc1ZsF1WrxLpXuTdpqofvAq8bAR5zw66hMJQGqie,Yellow,Red Tracksuit,Blue Bandana,Chocolate,Crazee,Viper Shades,Yellow Beret,None
1066,1.7,3256,69.48,https://magiceden.io/item-details/2XZnqSee2b1QgQKbY1KNNFHBefGBZgEzHkx9SWj2u1X9,Orange,Blue Tracksuit,None,Silver,Groucho,Viper Shades,Green Beret,None
1081,1.58,4340,62.85,https://magiceden.io/item-details/Az2KcP6K7dScy5pwp6GUecLK1NiMmtuAZesQ9Tz114Ho,Blue,Blue Uniform,None,Brown Bear,Groucho,None,Red Punk,None
1116,10,464,6.65,https://magiceden.io/item-details/GtQV7UZ2U3ptk842pUGt7kAWvy6NaHmDXXgxrohjdGGN,Cyan,Yellow Tracksuit,Orange Bandana,Golden,Wolfie,3d Glasses,Green Bone Hat,None
1129,2.5,152,83.9,https://magiceden.io/item-details/8XJaKnwYHwEDoLAPCNNGP41XKc58BXugeEyYP7rGUEwR,Yellow,General Uniform,SOL Collar,Blush,Puppo,Glasses,None,Pipe
1138,1.8,1671,79.93,https://magiceden.io/item-details/9pB6GRyKuETQRgEf5djDLp57cwotwvjyJdcGsxaxwMMY,Yellow Shiny,Blue Tracksuit,Orange Bandana,Salt N Pepper,Chinchin,None,Red Beret,None
1151,3,3023,58.17,https://solanart.io/search/?token=5PnPitJnaMg85GvuyumriuKtgRTyZ3bBBFQrderPJNvY,Orange,Leather Jacket,None,Blondie,Groucho,None,Goggles,None
1180,3,5308,41.66,https://magiceden.io/item-details/99VmRMu8psqRDRgAuja8ZkdKbwQReSVQjM91FCgfnm41,Cyan,Winter Uniform,None,Blondie,Puppo,None,None,None
1188,2.9,161,79.84,https://magiceden.io/item-details/5Co6G937r9ujCFAR1gUbiP6tU8ezf2MEhU8Tp1VRGG6S,Explosion,Blue Tracksuit,Red Bandana,Blondie,Fluffy,None,Green Beret,Facemask
1191,1.1,4667,65.29,https://magiceden.io/item-details/DD52av13fox77WvCfyAvG4FpFsyeZPh1HDYiFZrxZ3ar,Cyan,Leather Jacket,None,Twilight Beach,Scar,None,Green Bone Hat,None
1192,3.99,1287,60.8,https://magiceden.io/item-details/GdugEtg2CgzfCt43EPbXRaPKVQFJ1ButRUxb3AJiGjwW,Yellow,Blue Uniform,None,Brown Bear,Shibe,Robo Eye,None,Solana Facemask
1204,3,1655,68.05,https://magiceden.io/item-details/AcEpqCnud4Xwc68WDxqmZmJ1uceozY9jhZEwMQtoTc26,Cyan,Yellow Tracksuit,None,Silver,Wolfie,Eye Patch,None,Solana Facemask
1222,2.5,3591,59.06,https://magiceden.io/item-details/A7AQTYYfuyRpYE2jzPoWsds9Jwn8ARLEJE6ot1ePkTkP,Pink,Green Uniform,None,Coco Cream,Schemer,None,Red Beret,Stogie
1240,1.5,1536,83.91,https://magiceden.io/item-details/DoVcJF7ZVrPZtqet7BC4pQRKG5FGuZPEseCBoVvRFxBR,Blue,Yellow Tracksuit,None,Zombie,Rage,Viper Shades,Green Beret,None
1241,1.4,3977,67.27,https://magiceden.io/item-details/7QcXHvdosb6MGswY9VZs8mpom5jMUXqziNjcGF5p9F6T,Orange,Blue Tracksuit,None,Twilight Beach,Chinchin,None,Green Punk,None
1247,3.5,3378,50.6,https://magiceden.io/item-details/4YH4qAGLSZVLvoBSL1UBsrrTKnAFHfsaCyMtgPqJGeVK,Pink,Winter Uniform,None,Silver,Sniffy,Glasses,Green Beret,None
1269,1.5,2301,78.38,https://solanart.io/search/?token=BYRsYSxatATTveRsYrpSqqieRD8mWFWgNNQRiZsm8rxV,Yellow,Green Tracksuit,Orange Bandana,Coco Cream,Sniffy,None,Red Punk,None
1285,2.2,4377,56.39,https://solanart.io/search/?token=Cu8UHn2ZE8tuxC8VDoNN5fDmXq48by6SpJ3eR7Je9ygY,Blue Action,Green Tracksuit,None,Chocolate,Sniffy,None,None,None
1298,4,172,68.76,https://magiceden.io/item-details/9WvkaoxVH3qr6gmMvP1KkzLhHnoN7ck65HfaztLjx4QZ,Pink,Blue Tracksuit,Green Bandana,Alien Blue,Crazee,Solid Eye,Green Punk,None
1299,3,3261,56.45,https://magiceden.io/item-details/C5VjcQgWpAXdDGwuVF6SfHcaMqa34LPuSjMmmW7iGSnu,Green,Blue Uniform,None,Coco Cream,Scar,Eye Patch,None,Tongue Out
1316,2.2,5500,48.27,https://magiceden.io/item-details/5pG1pb2RbM3XN2UzqQGHMqwqSVP89uAbp5wAqyddbP2t,Yellow,Blue Uniform,None,Chocolate,Shibe,None,None,None
1324,2.5,2015,70.45,https://magiceden.io/item-details/6FDwmRLgu5yJf872rQ3XTVpVeqL5CNPGeWRHQF5LE5Gw,Orange,Blue Tracksuit,None,Aquarium,Sniffy,VR Headset,Green Beret,None
1350,10,118,9.15,https://magiceden.io/item-details/ABfLbJGAri8MdR7Fu9xpFEWdR8pBAVKwDtysBRsrP9s8,Orange,Leather Jacket,Blue Bandana,Coco Cream,Wolfie,Monacle,Jiangshi,None
1353,2.5,1204,76.3,https://magiceden.io/item-details/96ZdgMhJcr8Lbi4DyaiyMaq9kGQ7UsPm2bdDLUrgA4yz,Green,Winter Uniform,Red Bandana,Silver,Crazee,Eye Patch,Purple Hat,None
1362,2.69,3643,56.79,https://magiceden.io/item-details/29Dg1xkTRywo5JcPEds4i54Mw5ybN9NcbjGeR8hE12Dw,Cyan,Blue Uniform,None,Alien Blue,Oldboy,Viper Shades,None,None
1373,2.6,5089,47.24,https://solanart.io/search/?token=AXJpvjpRRWurN9rgYPJc6bngPiezXHieQkwdtSWXiBbq,Blue,Green Uniform,None,Coco Cream,Pommy,None,Green Beret,None
1376,1,1402,89.87,https://magiceden.io/item-details/yfnvUqhQzbHHrw2qyNzujGAKE5hXkSPYL4oh3BoQTug,Blue,Blue Tracksuit,None,Blush,Pommy,Aviators,Purple Hat,None
1388,6.9,3897,12.85,https://magiceden.io/item-details/DD6CCDRjVvzNhRBBj41ya8PyN4dEyttjT6V7XBDycvvg,Green,Sneaking Suit,None,Twilight Beach,Oldboy,None,Halo,None
1391,2.75,1102,74.54,https://magiceden.io/item-details/4FB5GjCGU8J4hxpeJ32TGftSDgK3SEoYDYcAde7ZWjEW,Green,Blue Uniform,BTC Collar,Brown Bear,Oldboy,None,Blue Hat,Vape
1395,2,3844,62.24,https://solanart.io/search/?token=6FqqigaF5X3EJdeubYc24CFEz18kgops7aSzXkBrj3tR,Yellow,Green Uniform,Red Bandana,Salt N Pepper,Crazee,None,Yellow Beret,None
1398,6.9,678,36.1,https://magiceden.io/item-details/CFgeLSZqnUWXqqbnYU417k689BSCmKndA62wReSxM74a,Blue Speed,Green Tracksuit,ETH Collar,Blondie,Pugsly,None,None,Cigarette
1462,1.5,2489,77.02,https://solanart.io/search/?token=2G4KeLrNPaaoTgzrsPoMCYyCb9BdLKkF65Cn4Bz1eHm6,Cyan,Green Tracksuit,BTC Collar,Salt N Pepper,Chinchin,None,Blue Bone Hat,None
1466,1.5,3687,68.37,https://magiceden.io/item-details/2vjjmxnCW1xTFfWwCB7DtUBQsnvzCTFnTZuCd72G7EjR,Pink,Green Uniform,Orange Bandana,Coco Cream,Puppo,None,Garrison Cap,None
1469,2,4733,55.81,https://magiceden.io/item-details/BSpn2SrGQPbC54yFWEiSj3kdVTGVL3spNpKKY77osTVs,Green,Red Tracksuit,None,Ginger,Scar,None,Green Beret,None
1473,2,639,85.38,https://magiceden.io/item-details/6rLQzpDTFe2aPrjY5ZZcBiZoKQvWK3vqFvCJa8XSQYTj,Green,Yellow Tracksuit,BTC Collar,Aquarium,Puppo,None,Green Bone Hat,Tongue Out
1479,3.9,4080,41.53,https://solanart.io/search/?token=C1Uzrbr6YUouGxP32x1hgcZR4rqubVcGDJi6qrWKar4x,Blue,Red Tracksuit,None,Golden,Pommy,None,None,None
1508,15,844,0,https://magiceden.io/item-details/9fgAammnHLTzyY2omHFa1DGz69mjCsdjs27ETJRRAhQ6,Green,Red Tracksuit,Orange Bandana,Coco Cream,Shibe,None,Jiangshi,None
1512,8,1544,18.85,https://solanart.io/search/?token=32hts7cfrJ3qmxrFoCN6r7pizRGgRBix3Dw2435SqDpL,Moonrise,Red Tracksuit,None,Twilight Beach,Scar,3d Glasses,Green Beret,None
1513,8.99,30,19.88,https://magiceden.io/item-details/J2qPo7dpWL2gqL5mUxXnw4v9oNBZouiauo16NuVmHAnN,Pink,Green Tracksuit,SOL Collar,Aquarium,Fluffy,Viper Shades,Rose,Tongue Out
1518,10,4940,0,https://magiceden.io/item-details/GyfHxQry4s58wiGao3ZBqpNiQ1XK2nbwcWcGqyrsAuU6,Explosion,Green Uniform,None,Salt N Pepper,Scar,None,None,None
1524,1.1,2161,83.39,https://magiceden.io/item-details/6ic7bDtPgtamJskTZo2johbgKqLYwYRJog7GhZVm1Tgs,Green,Red Tracksuit,None,Twilight Beach,Groucho,Eye Patch,Green Bowler,None
1539,2.5,1507,74.12,https://magiceden.io/item-details/6W6r24ro9ML2ob9kpe79mLSfUDEQwQctKGWbt96cbWwe,Yellow,Red Tracksuit,Orange Bandana,Silver,Crazee,None,Goggles,None
1540,14,509,0,https://solanart.io/search/?token=DcWmLDWKr4a3TuHjJ6ZzrfWBYM43wsmJVT1PtrjB92qU,Blue Action,Green Uniform,Green Bandana,Twilight Beach,Crazee,Aviators,Yellow Beret,None
1546,55,106,0,https://magiceden.io/item-details/4XZ9YUwMEwXkBHaVdiwRP1o4oQ4BVD3qPwJy5Exdjcgs,Yellow Shiny,Blue Tracksuit,None,Coco Cream,Cutie,Solid Eye,Green Bone Hat,Vape
1561,99,3186,0,https://magiceden.io/item-details/DDFSZ5khvB6vL3SBo7CXwm8zChVuXLCLLR8tcfaGeRrV,Green,Winter Uniform,None,Blondie,Chinchin,Viper Shades,Red Beret,None
1594,1.45,1135,87.3,https://magiceden.io/item-details/DGweEKSwM5GGaoKs6y6tHkXmS73cLJxSkyAbSjkByMBN,Squares,Sneaking Suit,None,Chocolate,Sniffy,Monacle,Green Beret,None
1595,1.67,5315,54.91,https://magiceden.io/item-details/GbQnH5opnYcoVz4nVGQkKVzUZp2whoj7jRDmm5FpMhQ6,Green,Blue Uniform,None,Brown Bear,Rage,None,None,None
1601,1.2,2074,83.02,https://magiceden.io/item-details/BYggsfe4EC4SyamNJRZWFfpaRbjywy5e3HzFRh2qbcz9,Green,Blue Tracksuit,Green Bandana,Ultra Violet,Chinchin,None,Blue Hat,None
1603,2.19,4630,54.66,https://magiceden.io/item-details/FqJRdPDsyWowiLnM2b6VnQ38bXjLTYfq8y9SX3EHaPTz,Cyan,Yellow Tracksuit,None,Bright Red,Wolfie,None,None,None
1612,1.88,3085,68.92,https://magiceden.io/item-details/AU6FvSz3YLjGRDT1Jgo4o4NcLxGLgW9TaVEK2CR1fR4R,Yellow,Green Uniform,None,Salt N Pepper,Fluffy,None,Blue Hat,Pipe
1639,2.88,1058,73.56,https://magiceden.io/item-details/QtA5EQ2rYuTXqa4j3QhwVUAJvWJSJ45Qk6cyx8q7MAK,Green,Green Uniform,None,Blondie,Chinchin,VR Headset,Green Bone Hat,Pipe
1656,2.3,3680,60.42,https://magiceden.io/item-details/5bjwRixjH4rSADdpmomY7T6NWsiN5WtoP1KaF5xVeoaY,Orange,Green Tracksuit,None,Zombie,Pugsly,None,Blue Bone Hat,None
1659,1.25,3847,69.71,https://solanart.io/search/?token=FB9XcbcCJvQCZD4NW9uzkZXbRNgDuHD4g33WFyhoapSr,Pink,Green Tracksuit,None,Aquarium,Schemer,Eye Patch,None,None
1668,2.44,1168,77.16,https://magiceden.io/item-details/4QcAMUfToHjzTGjgkS9GYJ5xZqAHYK4TmD3PWwZv77nQ,Moonrise,Green Tracksuit,Green Bandana,Brown Bear,Schemer,3d Glasses,None,None
1717,1.4,4712,61.97,https://magiceden.io/item-details/GzsqkuNVqCggbLF6nuFkZEAu2WAfLV9BDPE8pdoQFymm,Blue,Winter Uniform,None,Silver,Shibe,None,Blue Bone Hat,None
1719,3.5,2079,59.98,https://magiceden.io/item-details/BewTzNfDgvv1A9znGaGAcUti3yTz9FZ8fZvkf5VDS75J,Green,Green Uniform,None,Coco Cream,Imposter,Glasses,Blue Hat,None
1731,1.9,4930,55.39,https://magiceden.io/item-details/Cbry4m1oPkWgAatBDs9bSFPVfN3k1U7KsJw3Vdz9dyGg,Explosion,Blue Uniform,None,Twilight Beach,Puppo,None,None,None
1752,2.5,273,83.03,https://magiceden.io/item-details/DdHS2b8DzvzPfmfq6hAecks6BdShuiKeChpRahZ5hmxC,Explosion,Blue Uniform,ETH Collar,Twilight Beach,Wolfie,None,Green Bone Hat,Facemask
1756,2.49,2529,66.83,https://magiceden.io/item-details/DPHHSSPuXZF2YTNP7qidCHyBciwBaBTPPNhF1HYk5BwW,Pink,Green Uniform,Red Bandana,Blondie,Wolfie,None,Halo,None
1758,2,5523,50.11,https://magiceden.io/item-details/C2xF8AT3sH239WS1hYrDq9MzY3D7Z1enPPCk8kFC1EZe,Orange,Green Uniform,None,Twilight Beach,Groucho,None,None,None
1763,5,1576,48.62,https://magiceden.io/item-details/EwRHKc74ds1WBnCWfrQ36cbb5Kb9vdg51rbGq4UPc53g,Pink,Green Tracksuit,None,Twilight Beach,Groucho,None,Cowboy Hat,420 Cigarette
1766,1.9,5433,51.76,https://magiceden.io/item-details/BSAmQApNgxHRmAXCtveXQdHMb1jo6DJbLAujeQU8g6tn,Yellow,Green Uniform,None,Silver,Fluffy,None,None,None
1767,1.08,4370,67.64,https://magiceden.io/item-details/6ZpXJ4Y6FJ9o8hY1g6QbHJAqGAwACzD1JdKSgUNYYBa1,Cyan,Orange Uniform,Red Bandana,Coco Cream,Groucho,None,None,None
1768,5,204,58.53,https://magiceden.io/item-details/9iQghmNMqdZKW2fFPqJcqZAEqMJY4iCTD9V3Bxxu8GLo,Cyan,Blue Tracksuit,Green Bandana,Aquarium,Oldboy,Glasses,Yellow Beret,Stogie
1769,1.4,2357,78.98,https://magiceden.io/item-details/ChZrWzv8ZyPGABnbkLinwh4sWWsDE7jr1XuThM2VNLhQ,Orange,Leather Jacket,None,Zombie,Pommy,Aviators,None,None
1774,2.5,2807,64.73,https://magiceden.io/item-details/Hh52xmQ3qQVmbnwqAYT1iDnqZmugiC8TeBh74QcRYLaq,Blue,Blue Tracksuit,None,Zombie,Chinchin,VR Headset,None,None
1795,2.3,1176,78.51,https://magiceden.io/item-details/7jRxT8vBPNxtxKFLTV9vTj2kBMqAz5s3Xsd8owLW4x1R,Orange,Green Tracksuit,BTC Collar,Silver,Scar,3d Glasses,Blue Hat,None
1810,5.99,76,49.55,https://magiceden.io/item-details/GTvc1yC7uTr3rQAvvigtiSHF6tsLQQFp3NGKZ6LYb9Z4,Yellow,Leather Jacket,Orange Bandana,Brown Bear,Crazee,Monacle,Garrison Cap,420 Cigarette
1829,2.69,2482,65.17,https://magiceden.io/item-details/8Q7eqgqvRERVf7JuZ1dHh8qNw8rjbnPKjVVyqp89YfDb,Orange,Green Tracksuit,BTC Collar,Salt N Pepper,Schemer,None,Blue Bone Hat,None
1848,3,3374,55.63,https://magiceden.io/item-details/EyCvC1obZ4vA2EM4L2u6GdA7E8FP5PW37LZ2nM3tUug8,Yellow,Orange Uniform,None,Salt N Pepper,Scar,3d Glasses,Yellow Beret,None
1854,1.85,1929,77.57,https://magiceden.io/item-details/ov8VmFtMM9HaAGM1CnwTga14jhZjGg31J9GEQ7NtLMQ,Blue,Spiderdog Outfit,Green Bandana,Brown Bear,Wolfie,None,Blue Hat,None
1885,2.5,1775,72.18,https://magiceden.io/item-details/7ARGxi8y6kgfPG42YA457sZaPqU6wDHCezSBuZvB8Srf,Pink,Green Uniform,Green Bandana,Chocolate,Oldboy,None,Red Beret,Stogie
1899,2.69,842,77.02,https://magiceden.io/item-details/4eWZvhYW6aSJSBGTgDGaxtVqAfuDYe1GTQodU53oZyve,Orange,Orange Uniform,SOL Collar,Zombie,Wolfie,Monacle,None,None
1912,2.5,2510,66.87,https://magiceden.io/item-details/6AmojVnz4m8EP3RPUtUxEkoLYYwYLGKvxiLissHnhcTH,Blue Speed,Leather Jacket,None,Ginger,Rage,None,Yellow Beret,None
1913,1.5,4728,60.85,https://magiceden.io/item-details/AwGPTMJQcwrgqUzazJdorLmo4TYzLBqXpH1bdoL1S7jz,Yellow,Leather Jacket,None,Alien Blue,Oldboy,None,None,None
1940,2.169,2313,71.6,https://magiceden.io/item-details/D6MsrGA5rmjvkJ5PirarBiVAkvqET8gQqKD8cNwDwjc1,Yellow,Blue Uniform,None,Brown Bear,Schemer,Cyber Visor,None,Tongue Out
1964,1.75,4034,63.36,https://magiceden.io/item-details/AGZVLhV3hjKiPRbGkxn4axXbVJ2d68mUq1wxLPiJ5GQ8,Pink,Yellow Tracksuit,ETH Collar,Silver,Wolfie,None,None,None
1965,1.1,4212,68.58,https://magiceden.io/item-details/DuN4k3mfYpNq6GB5289jxrcNM9BtgWvv5iJmsXXvVzUS,Pink,Blue Tracksuit,Blue Bandana,Blondie,Schemer,None,None,None
2000,3,2769,60,https://magiceden.io/item-details/J73brT3caprzYVNL1gyXKvLH4VieYwrsTEcS9caefSbZ,Yellow,Winter Uniform,None,Silver,Chinchin,Laser Eyes,None,None
2005,1.1,4711,64.97,https://magiceden.io/item-details/2fgqDBj8bhE62hcHrSeFPZvEDiTkKEyFbrWe1VnL6kf5,Blue,Orange Uniform,None,Twilight Beach,Wolfie,None,Garrison Cap,None
2030,3.696969,5487,33.4,https://magiceden.io/item-details/5qwjaZh9BTqca2EUUYRXUgrGgwhhr2xJG8UhNQbcHRG7,Orange,Blue Uniform,None,Salt N Pepper,Oldboy,None,None,None
2033,15,508,0,https://magiceden.io/item-details/4GysC79GwUxTGiRAq7GQ2Bdcbj3LSFGFqnJjeJsL5s4u,Blue,Green Uniform,SOL Collar,Ultra Violet,Fluffy,Glasses,Yellow Beret,None
2034,2.89,4401,49.31,https://magiceden.io/item-details/EnEZvHyL3etVmFp8c8w9kjd5QCPtAiJYk44AnKXS7asJ,Moonrise,Yellow Tracksuit,None,Brown Bear,Puppo,None,None,None
2062,2.25,2890,66.63,https://magiceden.io/item-details/2Xg11p8oTAqTBfuGU6no8rzWyMsxaeQr8RdrWQXqChHD,Green,Spiderdog Outfit,None,Silver,Groucho,None,None,Pipe
2090,1.15,3361,74.22,https://magiceden.io/item-details/GCmBEZLJWGuPesQDjQNuqneoLpiBzQj6jWg3iHzB47qQ,Pink,Yellow Tracksuit,None,Brown Bear,Crazee,3d Glasses,Green Beret,None
2106,2.95,1884,66.89,https://magiceden.io/item-details/GpaN8yuSzFMWQvosfe9Xja6BFU48HjiGdZfbdSxqBbjN,Orange,Leather Jacket,None,Ultra Violet,Wolfie,3d Glasses,Blue Bone Hat,None
2126,1.4,2603,77.2,https://magiceden.io/item-details/14iX7nFnMcH1UjPExusMY3UhqcRWGrvmuTSoDf76G4wm,Yellow,Sneaking Suit,Blue Bandana,Ginger,Scar,None,Cowboy Hat,None
2144,2.2,1787,75.09,https://magiceden.io/item-details/5ejkuW9wF1PSsjKCnocZmDENRSM1CgBhYSBtEfue4wtV,Blue,Winter Uniform,None,Silver,Chinchin,None,Red Punk,Vape
2180,2,275,88.01,https://magiceden.io/item-details/B4JGVCn9PGh69MjjMhzL4kinS8yZMdKejG1BBPvzgZ5g,Blue,Green Uniform,Red Bandana,Ultra Violet,Puppo,3d Glasses,Green Beret,Tongue Out
2181,1.1,2711,79.42,https://magiceden.io/item-details/H42T7pTcGNiPnbFR8oB89oYbpe9Ffn5S3kCPuxXHeft6,Green,Blue Tracksuit,None,Coco Cream,Chinchin,Aviators,Yellow Beret,None
2191,7,264,38.09,https://magiceden.io/item-details/9NfLwD4i65jWkE5Eid1qWzruNsT3vh7vBryEu9SDnkJn,Cyan,Red Tracksuit,Green Bandana,Twilight Beach,Chinchin,Aviators,Yellow Beret,Pipe
2201,1.5,1945,80.95,https://magiceden.io/item-details/FuGTJBy4D7bRVKBhj6bikeERbcLRTgsuVwNVvogEbVRZ,Orange,Sneaking Suit,Orange Bandana,Alien Blue,Wolfie,None,Blue Hat,None
2205,2,3267,66.4,https://magiceden.io/item-details/37r2ZLrWfkVWthM4A6UCDqBnPqrGrLtCpPX6enY7W8HZ,Blue,Blue Uniform,None,Twilight Beach,Oldboy,Monacle,Yellow Beret,None
2211,1.8,5458,52.58,https://magiceden.io/item-details/GvkT3pvanFXaB8ppAxe2CaYLsjhe2idteuoPnuguyg8y,Yellow,Winter Uniform,None,Twilight Beach,Crazee,None,None,None
2212,50,60,0,https://magiceden.io/item-details/9s2VK97iH9waXJJmKGSTFxVzEWWs22UtkkobdrcKwryN,Yellow,Sneaking Suit,Orange Bandana,Twilight Beach,Sniffy,Deal With It,Super Saiyan,None
2226,3.5,3473,49.92,https://magiceden.io/item-details/A5Dji4g2MmYwj9VKYv8jHQ8wzL6JhcjDzTvUdeTUrcHT,Cyan,Blue Tracksuit,Green Bandana,Salt N Pepper,Pugsly,None,Yellow Beret,None
2229,1.64,5076,56.94,https://solanart.io/search/?token=EKDcASUhe8QRhXaCZhRxZpSKBDssMZfT7wb44cae8v3Z,Blue,Yellow Tracksuit,None,Twilight Beach,Scar,None,Blue Hat,None
2240,5.6942069,284,51.01,https://magiceden.io/item-details/B5UfgWgazNH3M7zGzUxpooKicZktL8cfPJRBbEL4dUCf,Blue Speed,Yellow Tracksuit,None,Brown Bear,Imposter,None,Blue Bone Hat,Vape
2277,1.5,5032,58.65,https://magiceden.io/item-details/DQHzBPXB5dLkNA28jpiwQLvvdrnqW2oomyYZxmKtBwae,Cyan,Sneaking Suit,None,Silver,Schemer,None,Red Beret,None
2287,2.2,3349,63.81,https://magiceden.io/item-details/Aw9mkCvt6h1LMS7SBw8PsGavZYmts1HrnL1aLZcfb7TY,Pink,Orange Uniform,None,Brown Bear,Schemer,Eye Patch,Red Beret,None
2291,3.69696969,395,70.18,https://magiceden.io/item-details/AqDHfA2QbuivMUMvsKe2N6G8Eyt79oPUJn1czPMS5PqV,Pink,Winter Uniform,Green Bandana,Silver,Puppo,Eye Patch,Green Bone Hat,Cigarette
2295,1.39,2471,78.25,https://magiceden.io/item-details/6ygjqrUbjF5rdDn5p6TirUCbVXUWHHEh7uq6rqtKihGP,Orange,Green Tracksuit,None,Coco Cream,Schemer,Aviators,Blue Bone Hat,None
2320,2,604,85.64,https://magiceden.io/item-details/FbcVenKKtktnhErK5XE15VFaDzBY95AgcdkwNuZ6PsYp,Blue Speed,Winter Uniform,BTC Collar,Salt N Pepper,Chinchin,None,None,Facemask
2327,2.5,2765,65.03,https://magiceden.io/item-details/DQr56b2s6L9MpRmmLKJMeMffRD3Pu3VWESnpKjgktYZA,Pink,Red Tracksuit,None,Zombie,Groucho,None,None,Vape
2330,7,3380,15.59,https://magiceden.io/item-details/EJypMvGcAF7yn8SKmLzyi4dwieHK46P6SbE7UUo4tBxs,Orange,Green Uniform,None,Golden,Puppo,None,None,Tongue Out
2338,3.69,3624,46.92,https://magiceden.io/item-details/6MXvkAukuiZhE6afo5YhKqMd6wMFKmN9DQaWxmoFBfZQ,Cyan,Green Uniform,None,Blush,Cutie,Solid Eye,None,None
2340,2,696,84.97,https://solanart.io/search/?token=3hMrjRmWPbvR39rCaDp37e45VWE9qvtJFUZtFAk4CEED,Orange,Winter Uniform,None,Ginger,Rage,Monacle,Green Beret,Tongue Out
2341,6.69,162,41.93,https://magiceden.io/item-details/J5tnrVwPC5HJuH1Xw4rksyqcvsmLZc8wSnsMm2epW7Aa,Blue,Leather Jacket,Green Bandana,Salt N Pepper,Sniffy,Solid Eye,Blue Bone Hat,Vape
2351,3.8,1443,61.58,https://magiceden.io/item-details/G5m3Sgkjsw8Dj1ArwwuB5mirZ4H1vFFK6jEfrhMjY3YH,Green,Spiderdog Outfit,None,Chocolate,Sniffy,None,Yellow Beret,Facemask
2354,2.4,5335,47.47,https://magiceden.io/item-details/BnjygSp6q4GksExi3HLmFMs1X4WQV7CNpyqdRamR5rNu,Orange,Sneaking Suit,None,Chocolate,Oldboy,None,None,None
2359,3.69696969,1987,58.68,https://magiceden.io/item-details/2366RFv7q2pHorVfVL2399K6dMbsxWiW6bcrU2rAFPUc,Pink,Sneaking Suit,None,Chocolate,Puppo,None,Green Beret,420 Cigarette
2363,3.6942069,4290,42.07,https://magiceden.io/item-details/GQGuUgGDmwQ74WsH3NLHwyQdecCaUursSj3JZz9QjQnX,Yellow,Green Tracksuit,None,Chocolate,Pugsly,Viper Shades,None,None
2369,1.9,1413,80.79,https://solanart.io/search/?token=343zZaTvxi91gvQYkGrcnCxqvd2y1UWi1kHSnko6Xr3G,Orange,Blue Tracksuit,Green Bandana,Coco Cream,Puppo,Glasses,Green Bone Hat,None
2395,4,4425,38.04,https://magiceden.io/item-details/4d9E3cdcHRcmq9hsqcUV2BBdtaDsGh9rQEySoXdkj2rv,Blue Speed,Blue Tracksuit,None,Chocolate,Sniffy,None,None,None
2396,1.5,1553,83.78,https://magiceden.io/item-details/45D1sF1zTJjBxKxMoHcAF73cCxfXEePnSxgDRzcj9gj2,Green,Leather Jacket,None,Ultra Violet,Chinchin,VR Headset,Green Beret,None
2426,24,5042,0,https://magiceden.io/item-details/FnAJ78BVzzBaZdJtakXMRkv166SpcsGREbc3XDxBSVqu,Green,Blue Uniform,None,Solana,Puppo,None,None,None
2432,1.3,2681,77.64,https://magiceden.io/item-details/EUnTGibLnYtzREKnsTgKSfNuxFwVfUQWEfiMJ4KuWRLU,Yellow,Blue Uniform,Red Bandana,Coco Cream,Pugsly,None,Green Bowler,None
2433,1.6,4205,63.63,https://magiceden.io/item-details/5whGkdGSxqMr6BFixuw4N8CChMQua98i6QD743u2Sd6w,Yellow,Green Uniform,None,Ginger,Crazee,None,Rose,None
2438,2,5171,52.65,https://magiceden.io/item-details/5jAcGajGGdzhTryVtgwhrRuVbQgWtzVP73tKRmrA8Vg2,Green,Green Uniform,None,Brown Bear,Crazee,None,Red Beret,None
2440,1.5,4254,64.27,https://magiceden.io/item-details/fCzBt7k4py3N3aRio9rHVi9BUUd1W7wHcZ9rpdGUbtK,Yellow,Winter Uniform,Green Bandana,Blondie,Chinchin,None,None,None
2445,2.98,758,74.73,https://magiceden.io/item-details/GdhKHyfrLHFxg3M7HNVaMxQd8mA8kY4FcC8PNYLRg7Gt,Blue,Green Uniform,Red Bandana,Brown Bear,Oldboy,None,Red Beret,Respirator
2446,1.7,1704,80.69,https://solanart.io/search/?token=8LinWWbvMV64reTJfDqyuwMqBafAHViADhhbgYkvGFY3,Orange,Orange Uniform,None,Salt N Pepper,Groucho,Monacle,None,Vape
2453,5.5,1382,45.02,https://magiceden.io/item-details/GFEKrzLJJHdAF2eTcERHDeQM9c5D14SUvBjgYYiFEUiL,Blue,Blue Uniform,None,Brown Bear,Puppo,Cyber Visor,General Hat,None
2470,1.5,419,91.97,https://magiceden.io/item-details/9G13QowXeNtgEV5iZjopzXL5JTcRM61e1XM6zirs79GL,Blue Action,Leather Jacket,Red Bandana,Coco Cream,Schemer,None,Blue Bone Hat,Tongue Out
2475,2.4,3549,60.37,https://solanart.io/search/?token=7Qc7oUWLuZzHZVsL6Xgf6FhdvQkzPCiUbfnXAAJNYw6s,Yellow,Red Tracksuit,None,Brown Bear,Rage,None,Green Punk,None
2498,3.45,401,72.6,https://magiceden.io/item-details/CAo3G1xuR6p8JvdEF6DdjcsQSGB5jNqEkttWE3NRW8sy,Cyan,Golden Armor,Orange Bandana,Brown Bear,Shibe,Viper Shades,Green Beret,None
2508,1.9,4793,56.38,https://solanart.io/search/?token=9GthkSZYXxZ96S2n5NJX5dmxNwommnfVf4oNFAaSHmxC,Green,Red Tracksuit,None,Ginger,Wolfie,None,Red Beret,None
2519,1.65,939,86.72,https://magiceden.io/item-details/132D8oDc8NYbRAr9EJuVrH5g7FygpVHfFUbxn8s8U4as,Yellow,Sneaking Suit,Blue Bandana,Twilight Beach,Pugsly,Robo Eye,Blue Hat,None
2520,3.5,3408,50.38,https://magiceden.io/item-details/4PPLiFGQ8KwjhF1anJN2hQiN4YtVzjdnqbaYUevMRYWa,Cyan,Yellow Tracksuit,None,Twilight Beach,Sniffy,None,Red Beret,Tongue Out
2523,4.69,2430,45.55,https://magiceden.io/item-details/BCchQcV5PAAWCCDzLUsUSpqqcc1uPmz2ArP7FG7R1Crz,Cyan,Leather Jacket,None,Brown Bear,Chinchin,Eye Patch,None,Pipe
2552,10,36,9.74,https://magiceden.io/item-details/6gNESrZHhp67iPt6LXALNHLbTMtDoSe8NuMGWoSd4EZw,Pink,Blue Uniform,ETH Collar,Bright Red,Oldboy,Solid Eye,Blue Hat,Vape
2553,1.98,2474,72.33,https://magiceden.io/item-details/2bVMFQTrnAYsDYuUjj1JyP2kpvvnoQad8geQS27r4F2K,Pink,Blue Tracksuit,None,Chocolate,Fluffy,Glasses,Blue Bone Hat,None
2560,2.78,1476,71.54,https://magiceden.io/item-details/3tqSgie4keVbZSLZWxiX89vzxayjnnWMiBht78wUJhJw,Pink,Green Tracksuit,ETH Collar,Alien Blue,Crazee,None,Red Beret,None
2605,2.89,1076,73.33,https://magiceden.io/item-details/2MCBqYssNcDfks2JYN9TsGnVwMG5YU4VG2f4v2frPVze,Moonrise,Blue Uniform,None,Twilight Beach,Wolfie,Robo Eye,Green Bone Hat,None
2615,3,4015,51,https://magiceden.io/item-details/CbTqNYCkYQx3EW7jZVukUNUWiwMcTpvEZi3UKARzS4hY,Pink,Yellow Tracksuit,ETH Collar,Brown Bear,Puppo,None,None,None
2621,5.5,1140,46.77,https://magiceden.io/item-details/9EZU7tZdGMLyxhNYzDMPESyHag9ji5ogYQSrtVNWLt4T,Orange,Blue Tracksuit,None,Blondie,Scar,Solid Eye,General Hat,None
2627,2.5,3653,58.62,https://magiceden.io/item-details/DCq38cXti8cngnRxfCYxXQSyngeyB9VUShnYHVXSFmD5,Yellow,Blue Uniform,None,Ginger,Oldboy,Glasses,Green Beret,None
2634,4,2108,54.77,https://magiceden.io/item-details/GLnj5jnmihzE45nt56E83QEb91JBxGYHgL1JskMFoXBy,Cyan,General Uniform,Blue Bandana,Chocolate,Sniffy,None,Yellow Beret,None
2638,2.49,5083,48.39,https://magiceden.io/item-details/Dmgt6SYUqp8Gbtx2EX6G6UUohickqobNxFcgSB37CMid,Yellow,Winter Uniform,None,Salt N Pepper,Wolfie,None,Yellow Beret,None
2639,1.95,2190,74.68,https://magiceden.io/item-details/5HygG5uTJ9z55AeP3T7vHxC5DgUG19QteqnUXZ5UjAJJ,Green,Orange Uniform,None,Silver,Sniffy,VR Headset,Purple Hat,None
2652,3.7,4598,39.79,https://magiceden.io/item-details/CttNG4x4YogitYeZ14p2ZYUZNaN31fzPih9KWPAFpDc7,Yellow,Blue Uniform,None,Golden,Pommy,None,None,None
2653,1.2,2991,76.4,https://magiceden.io/item-details/8aHmTWF6TgKNASYoCCushZgo38AnRJYWFeSUiYaV1cgB,Yellow,Green Uniform,SOL Collar,Ginger,Sniffy,None,Green Bone Hat,None
2673,2.2,3753,60.89,https://magiceden.io/item-details/HmyppEGbPebDhyGqeSGFaqGAR44MVT3LSXbHMyQ2eY6w,Orange,Orange Uniform,None,Blondie,Crazee,None,None,Vape
2703,2,3738,63,https://magiceden.io/item-details/81yRrtGt92bng76Kv7PsFjPAyAvBeZuzemWZYGFL6Tcc,Orange,Blue Tracksuit,None,Blondie,Pugsly,Monacle,None,None
2710,11,2286,0,https://magiceden.io/item-details/511JgoJAMtY5t9cqtgFpX4xw6oyEYCttyCD8BNwFr6Ke,Pink,Winter Uniform,None,Brown Bear,Imposter,VR Headset,None,None
2720,1.75,2840,71.99,https://magiceden.io/item-details/FXFudJEwqHtCN7zw9Y4NaqZKr5eayHh6pyarA1dn35Y7,Cyan,Green Tracksuit,ETH Collar,Silver,Schemer,None,Red Beret,None
2732,1.11,5418,59.77,https://solanart.io/search/?token=C2icraRutHwzBwMLKjCKA4reG6agaAk31SGsfW7dGeZL,Cyan,Sneaking Suit,None,Chocolate,Scar,None,None,None
2776,2,3779,62.7,https://magiceden.io/item-details/8Qr6C9Kwp44aQvQ6zXpfGAiUSUBKxmF8Q7C1x55de7z6,Yellow,Blue Uniform,None,Salt N Pepper,Sniffy,Eye Patch,Green Beret,None
2795,1.2,4525,65.32,https://magiceden.io/item-details/J84gUK1ugGdoxji9PBuybKmrBTidaaJJ8kCnSuTNiP8S,Pink,Blue Uniform,Orange Bandana,Blush,Wolfie,None,None,None
2817,3.6,1338,64.34,https://magiceden.io/item-details/H5MBX4yRXCKie8gG1yE5EEcjcMic6CRmcQqRoRQsHuJm,Orange,Leather Jacket,None,Solana,Puppo,None,Garrison Cap,Cigarette
2831,2.2,941,81.2,https://solanart.io/search/?token=Em4D2MdzzQ6e9aDx7k3miHV8Low7ofha93cmgfhQyuSM,Pink,Green Uniform,Blue Bandana,Ginger,Oldboy,None,Red Beret,420 Cigarette
2848,3,1087,72.15,https://magiceden.io/item-details/HjZMuYZoiXh9K33WZQNescTyDU6mbQK1XNSYtYyZX4Sp,Blue,Winter Uniform,None,Aquarium,Cutie,None,Green Bowler,Cigarette
2863,2.1,479,85.54,https://magiceden.io/item-details/6yMFZ9fhWnADwyz2anRzJQYpxJtts1vw6q7ciQ3q8WTQ,Cyan,Orange Uniform,None,Blush,Sniffy,Robo Eye,Green Bone Hat,Cigarette
2865,3.5,52,74.62,https://magiceden.io/item-details/HFP8ca7NFnZU6ov9UX6655nxtrv4c64SfTN2pstJfp8A,Yellow,Blue Tracksuit,Green Bandana,Bright Red,Rage,Viper Shades,Red Beret,Cigarette
2871,49,1471,0,https://magiceden.io/item-details/5ZGSsKZsKJfQR36EH9L4uve2KqdhgvWBUsYVJQCnYyR,Orange,Spiderdog Outfit,None,Solana,Pugsly,None,Cowboy Hat,None
2878,3.6969,3295,49.23,https://magiceden.io/item-details/8kKdg5e4D5MgrFPdqWv165ZfUbRJbp9YEFV3Yx5vpmZo,Orange,Blue Uniform,Green Bandana,Brown Bear,Chinchin,Viper Shades,None,None
2893,4.5,929,58.29,https://magiceden.io/item-details/35izkcoxsF7Jz1A31ek5n3av5QbeuSrSWhKXNSyjhnh3,Yellow,Dragonsphere Gi,Orange Bandana,Zombie,Sniffy,None,Blue Hat,None
2895,3.1,1196,70.36,https://magiceden.io/item-details/EN5wLPoafNteUDRNi3AwDJmnghhS1Qh7GDM1SaAQ1MEg,Yellow,Sneaking Suit,Orange Bandana,Silver,Shibe,Eye Patch,Purple Hat,None
2904,2.9,3441,56.15,https://magiceden.io/item-details/xeFYQXcL4BqRTLKqZ4Nj1z9J9gi4JFzt4x7VPqUiazy,Cyan,Blue Uniform,None,Blush,Chinchin,3d Glasses,Red Beret,None
2945,1.92,2951,69.49,https://magiceden.io/item-details/4StPagBHDDr4LNK7QfoZtyFLVLVTjnkRjUuXdtqFmned,Pink,Red Tracksuit,Green Bandana,Ginger,Oldboy,None,Green Bone Hat,None
2961,4,1466,59.41,https://magiceden.io/item-details/B6UrtiM7fMa98NWxbJfCSranxCH4ojg7xyCM2Pb63AWz,Orange,Sneaking Suit,None,Alien Blue,Schemer,Aviators,Red Beret,None
2982,2.5,3893,56.88,https://magiceden.io/item-details/5UJdyLML1UL3edHjnfX4BGtYKLDjFYS2cjRSJZpcG9iA,Yellow,Green Tracksuit,None,Silver,Oldboy,None,Halo,None
2996,2.2,3747,60.94,https://magiceden.io/item-details/BHkJtArecBtJjhc4S29zcKTwQeD8gU32sk6qdUzJJtpZ,Blue,Blue Uniform,None,Ultra Violet,Oldboy,None,Cowboy Hat,None
3017,3,4074,50.57,https://magiceden.io/item-details/2BteTbrteTr9wJsAzXfYUUYTmo4BNmaPrDDoiY4ZhBmW,Pink,Green Tracksuit,None,Brown Bear,Chinchin,None,None,Stogie
3039,1.94,2209,74.64,https://magiceden.io/item-details/9RjTrHokdr7L1HjaMY22Y6KYZJKdzhaAsGprpzRC5qJz,Orange,Blue Uniform,SOL Collar,Salt N Pepper,Sniffy,Aviators,None,None
3064,1.49,4962,59.26,https://magiceden.io/item-details/6eC2bZuKc1ANXa1BP11EHaBRMTR62dvdvNMkoW4R6A1S,Orange,Sneaking Suit,None,Coco Cream,Chinchin,None,Yellow Beret,None
3079,1.3,5087,60.26,https://magiceden.io/item-details/5qdNpNfoYYRzoENKFz4W3n2389HWdt9TGiSb1BzkCdAP,Pink,Green Uniform,None,Twilight Beach,Cutie,None,Blue Hat,None
3092,1.3,5484,57.39,https://magiceden.io/item-details/pRvsBz4xYxQvb19tFBV6Sp93dPWhHD5xvEWL6iQsajK,Green,Green Uniform,None,Ginger,Wolfie,None,None,None
3129,1.9,5270,52.94,https://magiceden.io/item-details/LJknRC41oSJZ4Xta518czFaiwn93oTqD2dquLZTD1Tv,Cyan,Sneaking Suit,None,Salt N Pepper,Cutie,None,None,None
3137,3,413,77.02,https://magiceden.io/item-details/CwYg4uCJrMWhdiKQgdBXbDJ669Q6YN6kt1YLaTynmoNa,Yellow,Blue Tracksuit,Red Bandana,Salt N Pepper,Scar,Eye Patch,Green Bone Hat,Tongue Out
3143,2,547,86.05,https://magiceden.io/item-details/BssPFQ4pFfvJMEbbe49gEZRHMRVy3rRTPVuVVFQKBPdZ,Orange,Superdog Outfit,Blue Bandana,Chocolate,Sniffy,None,Blue Bone Hat,Tongue Out
3159,2,2090,74.9,https://magiceden.io/item-details/9qwhvHMt63w3qZqtEHpbJXY8Vw2ZczcCu8Hy4Tg7P1Mr,Pink,General Uniform,Orange Bandana,Salt N Pepper,Pugsly,None,Red Beret,None
3160,2.7,4335,51.69,https://magiceden.io/item-details/72SLbFuh7kPmceANc1ivbwwPRYaSKNzPxD2bJq6Dso4y,Cyan,Green Uniform,None,Twilight Beach,Crazee,Monacle,None,None
3164,1.35,2390,79.24,https://magiceden.io/item-details/HpShwQfSoMTVeXYLv42dkEDRSynQqkn5q1LBE3JM98L3,Yellow,Winter Uniform,None,Aquarium,Schemer,Viper Shades,Garrison Cap,None
3175,2.5,209,83.49,https://magiceden.io/item-details/2tPfbmDSfskWcjFfQSFZaSpXKV8o4bbZ3jM1osQfQ2Nk,Blue Action,Winter Uniform,Red Bandana,Brown Bear,Puppo,Solid Eye,Purple Hat,None
3184,6,65,49.53,https://magiceden.io/item-details/3hKZpdXGqJZpacCrGaAGdGSAGLyjiJK6maQAKAPsthZJ,Moonrise,Yellow Tracksuit,Blue Bandana,Salt N Pepper,Rage,None,General Hat,Tongue Out
3190,1.1,4426,67.03,https://magiceden.io/item-details/DvQ7R3Ya8gWRk8HvAVQS3wvMZTxVJQurZWsmdaaeo57i,Cyan,Blue Tracksuit,None,Chocolate,Puppo,Eye Patch,None,None
3222,10,1690,0,https://solanart.io/search/?token=HsC4ARmzC6pLKnioshY5mFzHbkBn4UmSUvSzSEYenTtL,Green,Orange Uniform,None,Salt N Pepper,Oldboy,VR Headset,Halo,None
3224,25,534,0,https://magiceden.io/item-details/ZRpbz85wUQGNX5MQTVAhyabmkSJTc2KHkJiYTA6VRdY,Cyan,Superdog Outfit,None,Twilight Beach,Skully,None,Green Beret,Pipe
3226,2.99,743,74.73,https://solanart.io/search/?token=2hWDZNqy9B9wRZHtns1HYXGxfeSosea9vJxSHupG6qZc,Cyan,Green Uniform,None,Chocolate,Wolfie,Laser Eyes,Blue Hat,Tongue Out
3263,8,5445,0,https://solanart.io/search/?token=7rbEppjn8oExKRc4FPhR77BAnNFxFTwx7Pym5sn7LEft,Yellow,Winter Uniform,None,Brown Bear,Schemer,None,None,None
3264,1.98,2524,71.97,https://solanart.io/search/?token=3jgERz6CsuKUybNqfa9ZahdmbPZiz4WLc6uLrkydH3Hf,Green,Spiderdog Outfit,None,Salt N Pepper,Chinchin,None,Red Punk,None
3284,1.7,715,87.84,https://magiceden.io/item-details/4RrxJsH32bHjfX8NHcPHaPM8LmmxdzmiKVKbmSZtCgyf,Green,Blue Uniform,Orange Bandana,Silver,Cutie,Aviators,None,Pipe
3286,2.5,2199,69.12,https://solanart.io/search/?token=6GjrbyykTguBFcTQWZoJHU7MtDMRt3yVCqz3KtSyAA7w,Blue,Orange Uniform,Red Bandana,Silver,Puppo,Aviators,None,None
3311,15,1230,0,https://magiceden.io/item-details/DL9X58ZYFRWeGYFePfiSzoD3afbYpuBhPyTvptoGZpJZ,Blue Speed,Orange Uniform,None,Salt N Pepper,Imposter,None,Cowboy Hat,None
3312,2,610,85.59,https://magiceden.io/item-details/Df9HCnFrmczZ6218LWy6tBzDkwi2VTPRFbAmBWeERszH,Cyan,General Uniform,None,Chocolate,Groucho,Eye Patch,Red Beret,Stogie
3313,1.6,2170,78.33,https://magiceden.io/item-details/9HH12M8kU6p7wfSXcnxfFck2wkZxy7xd15ZZSSu3koNx,Cyan,Green Tracksuit,Orange Bandana,Salt N Pepper,Pugsly,None,Halo,None
3318,2.2,3827,60.36,https://solanart.io/search/?token=9MnmfnpXmBKr9QyXz8wBb9p2kfAtoBErJrWVZX2waYCS,Moonrise,Green Uniform,None,Twilight Beach,Pugsly,None,Blue Hat,None
3346,1.6,3221,70.74,https://magiceden.io/item-details/Gmq8DCVVX9ZKPUB3BrvqPJyzJTji5prMxgpz2PJ8WUpe,Orange,Green Uniform,Green Bandana,Ginger,Scar,None,Purple Hat,None
3371,10,2859,0,https://solanart.io/search/?token=7x5EfZATaXcyEn1xWgrPtE8C6wEWYwzFugdM4YFfmmwq,Yellow,Green Tracksuit,None,Salt N Pepper,Groucho,Solid Eye,Blue Hat,None
3374,4.96,1453,49.91,https://solanart.io/search/?token=FVUxewFkyAt1UMTY44oDo9Nhe9HzXxA2syUUuCy5X3af,Pink,Sneaking Suit,Orange Bandana,Silver,Puppo,3d Glasses,Blue Bone Hat,None
3390,1.9,2077,76,https://solanart.io/search/?token=GuLuDzv2JXuPv1fcUYLUvmgzevXz8ShvvyDr6srbYRqQ,Cyan,Green Uniform,ETH Collar,Ultra Violet,Chinchin,None,Blue Hat,None
3420,3.25,1551,66.3,https://magiceden.io/item-details/417UdssUNiY4TmY8QxWXS8ft7wdWtErkQarRQxpMDvDK,Orange,Blue Uniform,None,Blondie,Scar,Glasses,Yellow Beret,Stogie
3432,1.19,4252,67.39,https://solanart.io/search/?token=DKC9Yu6oRa9TszPoi5LMoAdgCuqtjz1Ep1WebdFMtot1,Yellow,Green Uniform,None,Zombie,Groucho,None,Blue Hat,None
3446,10,12,9.91,https://magiceden.io/item-details/GurZMyP13xvv4nBYSB7wwzo53oEdvUUqgP4n4z57Bo86,Moonrise,Yellow Tracksuit,SOL Collar,Ultra Violet,Schemer,None,Purple Hat,420 Cigarette
3456,1.5,2653,75.84,https://magiceden.io/item-details/HU6kGrkgKVZHRhjmo1XFZZuDpt5W8DhAfZN8iz8pioCw,Pink,Green Uniform,None,Silver,Groucho,Viper Shades,Rose,None
3475,2.69,1331,73.49,https://magiceden.io/item-details/CMLv7ku1QRYckieQAPQhmvcJaGxgdEMGweFfbX3EzBZw,Yellow,Leather Jacket,Green Bandana,Ginger,Puppo,3d Glasses,Green Bone Hat,None
3489,2,3161,67.17,https://magiceden.io/item-details/94dZ55fcL1G3qpHssxSd2Y6hBUoUgFapC7Zajmp8ktA7,Blue,Orange Uniform,None,Coco Cream,Pugsly,None,Yellow Beret,Cigarette
3527,15,16,0,https://magiceden.io/item-details/6nSgfSVB4PszVRSoSoRnbUELgy9JDWy453UH6CwzSvQi,Blue Speed,Superdog Outfit,Blue Bandana,Twilight Beach,Shibe,Glasses,Red Beret,Cigarette
3550,7,1490,29.24,https://solanart.io/search/?token=AbViYirtaU7eYKbwr59bCjKizKRE7gNN3U8q5EiS8oaw,Blue,Green Uniform,None,Salt N Pepper,Sniffy,Solid Eye,Yellow Beret,Cigarette
3565,12,397,0,https://magiceden.io/item-details/Hy8KnPHVWoDWLcNStP8pLBeqah5MQ2xkfV5E1kmXx2ch,Cyan,Green Uniform,ETH Collar,Albino,Sniffy,Robo Eye,Yellow Beret,None
3566,2,4669,56.28,https://magiceden.io/item-details/E4Bk4Purk7Fy6MerNWg21Tp3ChRrn4g5256r2kuWzmYt,Pink,Superdog Outfit,None,Coco Cream,Scar,None,None,None
3581,1.1,5168,61.67,https://magiceden.io/item-details/Ajn2xzwU9tbCLmGo4mSgSdQ5SW9FZ4vPKZMth8ghjH8c,Cyan,Blue Uniform,None,Coco Cream,Crazee,None,Yellow Beret,None
3584,1.47,3004,73.6,https://magiceden.io/item-details/qqBNSfUfFEDWTKZUs4cwEEJLw4XrxvNjEA6JchzvweK,Green,Sneaking Suit,None,Salt N Pepper,Pugsly,None,Red Beret,Stogie
3590,3.7,127,72.08,https://magiceden.io/item-details/A1cZofwD1tSuKRfgtN3KGPnqqiVngzHScM64YXRsCvYP,Blue,Yellow Tracksuit,Blue Bandana,Ginger,Rage,VR Headset,Red Beret,Pipe
3593,1.2,4513,65.4,https://magiceden.io/item-details/8zwKeGbFX9hdZho83DRyUi2eWnNghzbzYDDBqVG5tx3p,Cyan,Green Uniform,None,Blush,Groucho,None,Cowboy Hat,None
3598,1.2,4646,64.44,https://magiceden.io/item-details/5oZH1wmeTCG5H68bhj6LPJ6iUxqLYxnfJtcgnb2VdAXR,Pink,Blue Tracksuit,None,Salt N Pepper,Oldboy,None,Garrison Cap,None
3601,8.69,660,18.33,https://magiceden.io/item-details/4PSkLbVTQ2JxtbRroP9mjVvbHazmMNGo9s3WZ6ADFD1k,Pink,Green Uniform,None,Chocolate,Wolfie,Robo Eye,Jiangshi,None
3603,2,4725,55.87,https://magiceden.io/item-details/EA4k3iPgpQqtWnqjErXwFJzRqBrYQytKYyTuRWJwYVc9,Cyan,Green Uniform,None,Ginger,Crazee,None,None,Tongue Out
3606,2.5,357,82.42,https://magiceden.io/item-details/4Qo4ZYf4nMbJChZkRBHRYghhbXC5EgYWDojnKLY3kDV9,Yellow Shiny,Green Uniform,Blue Bandana,Chocolate,Fluffy,Aviators,Red Beret,None
3612,8,2933,8.82,https://solanart.io/search/?token=6m6wGgJLz6zVCodrXS2ZNFUiW6F4XkyKSCCEa9848Y1w,Green,Orange Uniform,None,Chocolate,Rage,None,General Hat,None
3614,5.4,4767,21.57,https://magiceden.io/item-details/HSpqtgRTHG3zRC8KZQXFeuQuma3sSrvgitVFJzuXPitv,Orange,Sneaking Suit,None,Blondie,Chinchin,None,Yellow Beret,None
3617,3,1703,67.7,https://magiceden.io/item-details/98T19BYRCU33XL67KARkpAMLziNx5LC99hYnH6ndwgxx,Green,Red Tracksuit,None,Chocolate,Crazee,None,General Hat,Tongue Out
3625,10,870,3.72,https://magiceden.io/item-details/BQAJzhdZ7RqKGjN51egRATkLFq3MED8xr7N6H6FkVfY8,Green,Winter Uniform,None,Coco Cream,Scar,None,Samurai Helmet,Vape
3630,2.34,1064,78.91,https://magiceden.io/item-details/Fgm8LZfme6srSKadk2vjBaXfdow5nxUez2iqJ3Haa7cs,Blue,General Uniform,None,Salt N Pepper,Schemer,None,Yellow Beret,Solana Facemask
3634,5,750,54.58,https://solanart.io/search/?token=35swxtgVcoZJ4LywHy5QTdPgyQveB3gcSKgkVTzERLQ7,Green,Orange Uniform,Green Bandana,Aquarium,Groucho,None,Green Beret,Facemask
3640,1.3,4563,64.04,https://magiceden.io/item-details/3r1rLvYsjLeGPcvBb9hSjgtQfimFo342iXBnyDfnyA2A,Orange,Blue Uniform,None,Ginger,Sniffy,None,None,Pipe
3655,1.5,2291,78.45,https://magiceden.io/item-details/3rSQb9sUggz8QwPpHwTsXDw3FS5MDSZdfLVSqqGLGwys,Pink,Blue Uniform,None,Silver,Pommy,Robo Eye,Blue Bone Hat,None
3657,10,2447,0,https://solanart.io/search/?token=5N47T5uixanU6NcX8ZGmibodubumQpttMrEwJs97uQHm,Pink,Orange Uniform,SOL Collar,Chocolate,Oldboy,None,Blue Bone Hat,None
3675,1.64,3523,68.15,https://magiceden.io/item-details/6u5LrFaAD1ZsZcrkAUo1GMg9pppCwXS3wWQ68hZvxCA6,Yellow Shiny,Red Tracksuit,None,Salt N Pepper,Wolfie,None,Red Beret,None
3676,1.39,3447,71.2,https://magiceden.io/item-details/3PDd3rv66vgkRWb4A6R6o5qq8PzR5NfJkT3nSAgkvW3N,Yellow,Green Tracksuit,Red Bandana,Twilight Beach,Wolfie,None,Green Beret,None
3707,3,347,77.49,https://magiceden.io/item-details/C81fSDHAufTNcmcWGA8b8tg4yepPxd6vqKCR9ToLMGAo,Explosion,Green Uniform,Blue Bandana,Brown Bear,Cutie,None,Purple Hat,Tongue Out
3715,1.5,1755,82.32,https://magiceden.io/item-details/6CnVwRKadzAQ7oTwHp58QCBwRccQ6Cz5b4fCbiCAsMx,Blue,Leather Jacket,None,Brown Bear,Schemer,Solid Eye,None,Facemask
3718,20,15,0,https://magiceden.io/item-details/BqSp5iG4vGjhBrqgiMbi63eWJxDYQJLEMMHmPCxDnS65,Explosion,Golden Armor,None,Blush,Crazee,VR Headset,Green Beret,Pipe
3727,3.3,2304,60.36,https://magiceden.io/item-details/GDyieKacuwZBLSewqRnNwtraBRhVooL21rkk2tGZZvtp,Blue,Orange Uniform,None,Ginger,Oldboy,Glasses,None,Pipe
3737,1.49,3819,67.52,https://magiceden.io/item-details/544i32KTj163qrDVE6Ck8hgtcLFK3g4pmBjjinyCkFgu,Orange,Green Uniform,Green Bandana,Twilight Beach,Groucho,None,Green Beret,None
3742,1.3,4110,67.31,https://magiceden.io/item-details/B1kyHwDyD1ddBUjmuNTURTgHEp5gSsX56PkPDyR9AyEe,Orange,Orange Uniform,None,Chocolate,Groucho,None,None,Pipe
3747,1.1,2261,82.67,https://magiceden.io/item-details/HZ9fC1dwRLZQ9rtqYZWK5fg3ijqRWKo1AWe3rWWBiovW,Cyan,Leather Jacket,Orange Bandana,Coco Cream,Schemer,None,None,Vape
3755,3,1891,66.34,https://magiceden.io/item-details/8DwD2pNbpCYskNoLcJTnxDJ1DPCDsWq5gH2zipSvoFRP,Pink,Blue Uniform,None,Brown Bear,Scar,None,Goggles,Tongue Out
3757,2,4478,57.66,https://magiceden.io/item-details/9qsMfqwdqeUh6VkU6rZwwiVTP7U6cKH6UEFXwgWFQRkn,Pink,Yellow Tracksuit,None,Silver,Pugsly,None,Cowboy Hat,None
3762,45,3,0,https://magiceden.io/item-details/GqafUrXfZ8octdZSYMFqPa13uZZVrfeiWSV7kjG6ZcxJ,Blue,Winter Uniform,SOL Collar,Twilight Beach,Skully,VR Headset,Red Punk,Cigarette
3770,5,208,58.5,https://magiceden.io/item-details/5UAfqQgT16YqkLACjvNAY9Fix4fumoAn68uRnyY5kCzs,Squares,Red Tracksuit,BTC Collar,Salt N Pepper,Crazee,Eye Patch,Cowboy Hat,None
3777,3.6969,4197,42.72,https://magiceden.io/item-details/CPPm54YYaHN6FD6tXFak3B75r2vTvNn8a3xByr56uXGA,Orange,Yellow Tracksuit,None,Twilight Beach,Groucho,None,None,Cigarette
3779,1.3,2331,80.16,https://solanart.io/search/?token=AKew96oz7n7B4apwLsXcnmQNrkNoi7qmRwTcZxc6e9Nn,Pink,Orange Uniform,None,Aquarium,Oldboy,Eye Patch,Green Bone Hat,None
3785,2.65,2145,68.01,https://magiceden.io/item-details/FwRuuzPXy7qosSCip2meY1XwMmZTw4nUsSW8NvrFHcVE,Pink,Blue Uniform,Red Bandana,Blush,Rage,None,Purple Hat,None
3790,3,3815,52.44,https://magiceden.io/item-details/6qqywGJe7v81BMCEqbZDBLEeE2tKpi6ZhR42CKyUuLUD,Blue,Blue Tracksuit,None,Zombie,Crazee,None,Green Beret,None
3800,1.4,2505,77.91,https://magiceden.io/item-details/3PPz5DYpXACjniHFouvkBdBRqdYoBHdAjJGn5dDkuieN,Pink,Blue Uniform,None,Ginger,Schemer,Glasses,None,Vape
3806,19.99,40,0,https://magiceden.io/item-details/FkUyYJZ7upVUcvG7UNp75L7g2efNhZWbNYG2rKC9hBm9,Pink,Orange Uniform,ETH Collar,Zombie,Puppo,Viper Shades,Green Bone Hat,Vape
3808,14,4836,0,https://solanart.io/search/?token=2HSJaejcdU4oPXSnme5GmRzacBBxdnqkVbg6TYaSsUEW,Green,Blue Uniform,None,Chocolate,Schemer,Glasses,None,None
3816,4.9769,2605,41.42,https://magiceden.io/item-details/4PS3Gcb4fe1ceTGGDvs3KsCxja7hwKgKnFDe9mRRibDN,Yellow Shiny,Blue Tracksuit,Blue Bandana,Ginger,Schemer,None,None,None
3820,3.9,55,70.6,https://magiceden.io/item-details/7AeYWn1P63VcRpLXXmEffPPfRMS7WfDNKQQBNVUiuRKX,Yellow,Sneaking Suit,Red Bandana,Chocolate,Puppo,Laser Eyes,Purple Hat,Tongue Out
3849,2.2,3045,66.01,https://magiceden.io/item-details/4QdRm6QLnRu54Wu2Zx148ffSTdme8gU8PQbKnJZ9te6F,Yellow,Leather Jacket,None,Brown Bear,Pugsly,None,Blue Hat,Pipe
3869,4.5,2067,50.07,https://magiceden.io/item-details/Ff3pniqgSfW4GJctcVBxMftzJu4QWrFgYaAbWvzsQhRV,Green,Orange Uniform,None,Aquarium,Crazee,None,None,Respirator
3874,5.97,4590,17.15,https://magiceden.io/item-details/Hi6xYrXh4RaVRrjrbMQwDemsfY55asD7CDmGYKszU3nz,Pink,Leather Jacket,None,Salt N Pepper,Pommy,None,Red Beret,None
3912,2.75,1636,70.68,https://magiceden.io/item-details/BFKqyS6pLSS9eGdySUXANhs2haqUyg9Jfsji7ccJV35E,Explosion,Sneaking Suit,None,Twilight Beach,Chinchin,Glasses,Blue Hat,None
3927,10,2972,0,https://magiceden.io/item-details/6Ppa8AFKXxthgDKNHNBed34zoJ6dPfNg5Q5wnSYoC7oH,Yellow,Superdog Outfit,None,Blondie,Schemer,3d Glasses,None,None
3941,25,699,0,https://magiceden.io/item-details/2C58P9UiPEJavabJAvAqWXViUCaDbCWdjgSDzhuSzV28,Blue,Golden Armor,ETH Collar,Chocolate,Groucho,None,Cowboy Hat,None
3947,2.42069,2284,69.3,https://magiceden.io/item-details/EzZ9PRSH7Kh72HHxPzzAro8tZvaWoLtr6VEwtXyBuc1K,Squares,Winter Uniform,None,Chocolate,Chinchin,None,Rose,None
3973,3.69,2229,57,https://magiceden.io/item-details/9UfivbKQXVk4qUBYrAQpoavw932F2f85fEaS6kCb54CN,Blue,Leather Jacket,BTC Collar,Silver,Pugsly,None,Cowboy Hat,None
3992,1.59,1411,83.91,https://solanart.io/search/?token=J12ptv4cpjsVkc2s8BURzrJAQNn7yQsBAXungyAVSnCV,Squares,Blue Tracksuit,None,Albino,Rage,None,Blue Bone Hat,None
3998,4,5518,30.14,https://magiceden.io/item-details/95ymKFLXZ58hmuABZs3x9DPr3fSFMSnRzSDtL8Sye8TG,Green,Green Uniform,None,Chocolate,Groucho,None,None,None
4013,1.5,5214,57.34,https://magiceden.io/item-details/3ZRrrDeLrbjMk87ffB631avMjoKZQmG6YjQr7MJ3zXCG,Pink,Leather Jacket,None,Aquarium,Schemer,None,None,None
4016,2.5,1879,71.43,https://magiceden.io/item-details/CkjJQ27aDG2wZHwG5QLvQbNyidBR7G6aGGVbkLgrpMb6,Squares,Green Tracksuit,None,Salt N Pepper,Puppo,Robo Eye,None,None
4032,5.65,3167,30.63,https://magiceden.io/item-details/4CCYwxBbXQmGgHT7kkwvcz6EPgmfoqXzKQFcf4uvwT77,Orange,Green Uniform,Red Bandana,Blondie,Crazee,Glasses,None,None
4041,1.8,3707,65.22,https://solanart.io/search/?token=6WL9FpW8muhPCksQJbaSho1HZy4ogoxGsE6HkT5D2nw3,Green,Blue Uniform,Green Bandana,Ginger,Pugsly,None,Yellow Beret,None
4051,4,5302,31.7,https://magiceden.io/item-details/5aW7X6Ktf7VHxsYwdWNWoqeovtvkzx6oVnyPNL6yy4pJ,Orange,Yellow Tracksuit,None,Ginger,Shibe,None,None,None
4053,1.5,461,91.67,https://magiceden.io/item-details/313LZL3YbmHNHjoUzNv7AUGhGde5BCGdYQ9DJKZNW4TN,Blue,Red Tracksuit,BTC Collar,Ginger,Fluffy,None,Purple Hat,Cigarette
4066,1.47,3806,67.81,https://magiceden.io/item-details/BUokXYJNJErmsZ8MN1hM15LiDhrMipoaAE43MyBRTJvF,Blue Speed,Green Uniform,None,Chocolate,Sniffy,None,Green Beret,None
4074,1.5,3122,72.45,https://solanart.io/search/?token=8XMUY8u3k3Megyutud7fkRqL4wvxzdnHZByvf94ivs5L,Yellow,Red Tracksuit,Orange Bandana,Silver,Crazee,None,Garrison Cap,None
4080,15,32,0,https://magiceden.io/item-details/AK5EGswVU3CAAauJRGpFAZx79vxB2TmZuhUZikGVzFSu,Moonrise,Red Tracksuit,None,Bright Red,Cutie,Eye Patch,Purple Hat,Cigarette
4084,5,64,59.54,https://magiceden.io/item-details/Ff3TYSUCWB1J5CbfpDa9dWZCjP4rKmU4d2xYpzkM71FU,Blue Speed,Superdog Outfit,None,Twilight Beach,Chinchin,Glasses,Garrison Cap,Facemask
4097,4.25,1677,55.39,https://magiceden.io/item-details/E6jAzx2cRQTo2cq3HofjT1H1tmRedQYewuCgAWicyiXh,Pink,Red Tracksuit,None,Bright Red,Wolfie,None,Goggles,None
4099,3,4239,49.38,https://magiceden.io/item-details/7B8gsK8mW4ZRnHz5cmJDfck7AoBZQ3G4hM7J3JTHm4ro,Cyan,Green Tracksuit,Blue Bandana,Ginger,Chinchin,None,None,None
4105,4.2,201,66.55,https://magiceden.io/item-details/CyfQ5SMDYYc8z3i2T8p6NNxUkMFEGjrrpEZHyico56iv,Pink,Green Tracksuit,Green Bandana,Blondie,Chinchin,VR Headset,Blue Bone Hat,Cigarette
4110,2,5439,50.72,https://magiceden.io/item-details/8RVBD8DBvb4yK1CDT2bBPMrGke7cXvbcmYFjQR6PMzNd,Blue,Yellow Tracksuit,None,Chocolate,Crazee,None,None,None
4113,100,166,0,https://magiceden.io/item-details/61E11dD6DT4djHhgXE84hbwqSJZ5mJuB9PXSEBJkgBg3,Moonrise,Blue Tracksuit,None,Blondie,Wolfie,Eye Patch,Super Saiyan,None
4134,3.93,492,67.15,https://magiceden.io/item-details/8d6nvR7xyMGAY7GDrscq58nmketVSzrPrroew4xGD6UM,Yellow,Blue Uniform,Red Bandana,Brown Bear,Puppo,Eye Patch,Green Beret,Facemask
4137,2,1925,76.1,https://magiceden.io/item-details/9XqNJmsLdTZZQmsi2TPbmrzsVVyjnDidscC8We13jpr5,Green,Green Uniform,Red Bandana,Salt N Pepper,Sniffy,None,Yellow Beret,Cigarette
4138,3,2677,60.66,https://solanart.io/search/?token=4gF4UZZm4h4aSWZkSwFFePS9NgRxYGn6JMNLs9sSQUKW,Blue,Orange Uniform,None,Coco Cream,Puppo,None,Green Beret,Vape
4140,1.8,3872,64.03,https://magiceden.io/item-details/2PjH6QahEhpbRWzvXGQqaaewE5PMudHJXuN6fzEKXFTA,Blue,Yellow Tracksuit,None,Aquarium,Schemer,3d Glasses,None,None
4152,1.3,5286,58.82,https://magiceden.io/item-details/6GTSkre7EjEMuudn6NCCSyAtnN9Hwpdf4BtRgaToEu2h,Green,Green Tracksuit,None,Blondie,Scar,None,None,None
4154,1.98,341,87.74,https://magiceden.io/item-details/7xspo2KdzEHNda4vBXNkwVXcmwQaFFRi3XG2oSjTjZ1L,Yellow,Orange Uniform,Red Bandana,Coco Cream,Sniffy,Eye Patch,Blue Hat,Facemask
4156,10,61,9.56,https://magiceden.io/item-details/bwfvFmr1Np1adv2cFxTHfg3vBagMW9jWCPxHvQtaidP,Green,Orange Uniform,Blue Bandana,Silver,Cutie,Solid Eye,Blue Hat,420 Cigarette
4159,1.99,1317,80.59,https://magiceden.io/item-details/Av5CCyPPURpekQekfQ4KSLNY5WYM6yuQHdwHt3riydRq,Blue,Winter Uniform,Blue Bandana,Bright Red,Oldboy,Glasses,None,None
4183,1.55,2825,74.1,https://magiceden.io/item-details/tKUeZXBVCH1QeVnFgEoKsYKvAwcHnjgtr8k28uCASrz,Cyan,Blue Tracksuit,None,Twilight Beach,Shibe,None,None,Respirator
4185,4.200000001,4301,36.93,https://magiceden.io/item-details/4UpHCXSiFTGYjkepUEAp1zV3XmePPgimSAcVoaCLTeUU,Green,Green Uniform,None,Silver,Oldboy,None,Rose,None
4191,1.1,5538,59,https://magiceden.io/item-details/9s9c2sJmxteFvdGHtkyYwRJ7qJfwdZmsdXaM1UTFuP8e,Orange,Green Uniform,None,Twilight Beach,Crazee,None,None,None
4194,1.69,845,87,https://magiceden.io/item-details/FWnnD9b7rWgrQoxgXijUU4kTdxWff6yR61iYDuSotr1J,Yellow Shiny,Blue Uniform,None,Blush,Pommy,None,Cowboy Hat,Cigarette
4204,1.2,4519,65.36,https://magiceden.io/item-details/JCEs2U97ucERPqd22S6hUmtCwz4bH6FTNW73hgA4qJKu,Orange,Yellow Tracksuit,None,Coco Cream,Wolfie,None,Purple Hat,None
4219,30,6,0,https://magiceden.io/item-details/HLSJBVfkCyYcQmKiEBGeXjGdLK8NbBk8eoafFvSpLwE6,Pink,Mecha Suit,SOL Collar,Salt N Pepper,Scar,Aviators,Cowboy Hat,Stogie
4222,14,2731,0,https://magiceden.io/item-details/EBCLovvdvKEZWtZaLcyw5tQWxup1PEUanKN4xHC3BCmC,Green,Orange Uniform,None,Salt N Pepper,Skully,Eye Patch,None,None
4225,2,2381,72.8,https://magiceden.io/item-details/GCh4mCn9nJ31qNWpoSXDApmtYKSPpVgKXZrG4ftqbbge,Green,Blue Tracksuit,None,Albino,Wolfie,Cyber Visor,None,None
4235,1.19,4576,65.05,https://magiceden.io/item-details/DdVjGcZb3oymGwVsDS5UCJ2nXhT8NQzfSNhRUQTVc7Qw,Green,Green Tracksuit,None,Ginger,Pugsly,None,Green Bone Hat,None
4274,1.59,1225,85.25,https://solanart.io/search/?token=2xtYHpNLNC94aq74LXL25jZdBdTNwMZjDPLmVnCRV8mi,Yellow Shiny,Blue Uniform,Orange Bandana,Twilight Beach,Scar,None,Rose,None
4276,2.49999,1783,72.12,https://magiceden.io/item-details/5FeWtWykfnjip9x5WrPf3pm7k3YXYpHJ6hEUUJVfQL58,Blue,Sneaking Suit,None,Blush,Sniffy,Viper Shades,Green Punk,None
4286,8,469,26.61,https://magiceden.io/item-details/9UGRB5hcUnxxNod6UswqTDU7iLSqdcETHijSBXbXzWSk,Squares,Green Tracksuit,None,Blondie,Crazee,Deal With It,Cowboy Hat,None
4318,2.49,858,78.9,https://magiceden.io/item-details/5agNMcdRRVSADUe7FtnicKW1pwAYeksATBtCPm2RUHiU,Green,Yellow Tracksuit,Green Bandana,Chocolate,Chinchin,3d Glasses,Green Bowler,None
4341,1.45,4943,59.8,https://magiceden.io/item-details/5awwyw9ef5jaFiySpsy7GExJUFNtnfuav1twkCJ9XNGH,Green,Orange Uniform,None,Brown Bear,Wolfie,None,Red Beret,None
4344,1.9,2345,74.06,https://magiceden.io/item-details/Cc6ZLNZ3hkVBj8uxzy2AcqezjW9faCKMxrg2MhhbDNr8,Green,Red Tracksuit,None,Blondie,Shibe,None,Blue Bone Hat,Facemask
4345,4,2522,51.78,https://magiceden.io/item-details/WQp6RvzAz6wdkAJcaYAsjq8Ppptf1NB1C2yXznH7t8y,Green,Sneaking Suit,None,Ginger,Sniffy,None,Garrison Cap,Stogie
4355,1.75,3165,69.64,https://magiceden.io/item-details/ATdwcGxsVdfn39xCbocRySyHxzi3uHu6AFDUggfiBLok,Pink,Winter Uniform,Blue Bandana,Salt N Pepper,Puppo,None,Green Bone Hat,None
4392,1.95,2237,74.34,https://magiceden.io/item-details/HQj7kkkrmedUu5Ha52x6HMq4vyjLyeJphA1w7tjxQyYM,Orange,Red Tracksuit,Red Bandana,Silver,Schemer,None,Green Punk,None
4419,2,4784,55.45,https://magiceden.io/item-details/86XTVZeQDgyej9VgASgoRQsNSdhTY5p9r7LNp3c8A6Qr,Pink,Green Uniform,None,Twilight Beach,Cutie,None,Garrison Cap,None
4421,12,1041,0,https://magiceden.io/item-details/7R3tz6UpCbN7uAA6VtZ4tNXqHUv8GzP7WM3YPSRby9qC,Blue Action,Superdog Outfit,Red Bandana,Salt N Pepper,Cutie,None,None,None
4450,1.99,598,85.78,https://magiceden.io/item-details/DApf6bjFqPCcpLqa3Y9yXCTAWoqH5Fr6ijZKwdd7tyYR,Green,Blue Tracksuit,Orange Bandana,Chocolate,Puppo,None,Rose,Facemask
4462,2,2334,73.14,https://magiceden.io/item-details/6ENSGbVHK2kZkNwXBBvPLGtFF3BmmmDst5qrwvj5qtek,Cyan,Red Tracksuit,None,Ultra Violet,Pommy,None,None,Facemask
4467,2.5,3632,58.77,https://solanart.io/search/?token=EPH3TAH59yVWceTXaQcwL29TkTP96zPw9opnWjNwmcmy,Pink,Dragonsphere Gi,None,Salt N Pepper,Crazee,None,Red Beret,None
4469,1.4,3123,73.44,https://magiceden.io/item-details/5QkQRYTcpVAr6Zkd53HQ14tiUzJxkNYWxfzgnQMizXi4,Yellow,Green Tracksuit,Green Bandana,Brown Bear,Sniffy,None,Green Bone Hat,None
4472,1.75,3069,70.33,https://magiceden.io/item-details/C7Uj68FJMwNSQxJcRHJ74xpj6ibiwxzfXKkyVeSs8zsK,Blue Action,Orange Uniform,None,Twilight Beach,Schemer,None,Blue Bone Hat,None
4482,5,4606,26.73,https://solanart.io/search/?token=HKDX5aGVCjyYfnrbdwLhk6qQA3pKcCdRDCTxGNGKUwuK,Yellow,Green Tracksuit,None,Bright Red,Chinchin,None,None,None
4507,1.5,4564,62.04,https://magiceden.io/item-details/HAGXSEWS8vaG8HRLVbu3WAukboFGvZ9FBBXussD6R9N1,Yellow,Sneaking Suit,None,Zombie,Cutie,None,None,None
4510,1.49,1883,81.5,https://magiceden.io/item-details/JjY59kUhvTRt5Jt4sspgdqE5g4VEpyN2fJKP6tUmS77,Pink,Leather Jacket,Green Bandana,Ultra Violet,Pugsly,None,Garrison Cap,None
4521,2.5,5468,45.51,https://magiceden.io/item-details/2TVea7EfzUbaeYtPDXqLWUqATyDRGvUotUTCDLeJF9sY,Cyan,Blue Uniform,None,Brown Bear,Pommy,None,None,None
4538,1.75,1765,79.75,https://magiceden.io/item-details/3KdyWj1zrXsGCXfNskR6W7UGzaJWnNGzzjAGxPLpQ5GR,Pink,Blue Tracksuit,ETH Collar,Brown Bear,Chinchin,None,Red Punk,None
4549,2.9,921,74.35,https://magiceden.io/item-details/8QJj5Zksa8QHvbSEqNeuPW3cLNcz15wgNMTZtrycLj8u,Pink,Superdog Outfit,ETH Collar,Silver,Wolfie,None,None,Cigarette
4557,3,337,77.57,https://magiceden.io/item-details/9p1mAmYcZnZTYBeBvWmyXYrMyhLppFgpTbDK9nDi52wj,Cyan,Leather Jacket,Orange Bandana,Ultra Violet,Wolfie,Eye Patch,Green Bowler,None
4562,4,677,65.11,https://magiceden.io/item-details/5ZwDPmnXGs6iyNuoaRcmTqCVWYVWPKYjnQvgH4Z36KGS,Explosion,Winter Uniform,Green Bandana,Twilight Beach,Sniffy,Robo Eye,None,None
4576,1.6,4164,63.92,https://magiceden.io/item-details/6TAZdAbbzqbycjjRb8KDN2qZWJF2SQgt46PHNzmc1uSU,Yellow,Blue Uniform,None,Ginger,Wolfie,Monacle,None,None
4584,1.6,2812,73.69,https://magiceden.io/item-details/5SV8L3YKpHjfsr6zRLALj1mRETebP4kbwqL8kJBwNdWc,Cyan,Red Tracksuit,None,Brown Bear,Groucho,Solid Eye,Blue Hat,None
4592,2.1,2232,72.88,https://solanart.io/search/?token=32rYNddxVqooyXiBfWz3QxhFo2kicBUVWkW7sfdgt9rY,Blue,Red Tracksuit,None,Coco Cream,Scar,3d Glasses,Green Punk,None
4598,1.69,3615,66.99,https://magiceden.io/item-details/ATPyfraWWnpt7BVwsKxhre9NqMZ7ex97tZPXWaKQ2wgM,Green,Blue Uniform,None,Brown Bear,Pugsly,None,Yellow Beret,Pipe
4623,1.99,507,86.44,https://magiceden.io/item-details/GsJJY5Nh193vSMnv2hrwpQwQMPvLwv2XZYQgoUMnHP4U,Pink,Green Uniform,ETH Collar,Ultra Violet,Pugsly,3d Glasses,Purple Hat,None
4632,10,2730,0,https://magiceden.io/item-details/EbZv5HDzxPFH775RQrYY663PaR8NAD3DeeyPnpWreBcK,Yellow,Blue Uniform,None,Twilight Beach,Skully,None,None,Vape
4636,2.22,1924,73.9,https://magiceden.io/item-details/BuL38afhPimNCxha3PTKrWgzxYzBW7iJLP6VoKKDGxjD,Cyan,Green Tracksuit,None,Blondie,Groucho,None,Blue Hat,Solana Facemask
4653,1.25,3934,69.09,https://magiceden.io/item-details/HDNLRV7pq6YqincMHhaYzFz2xEsfcrBXZxXPrcSqZEZn,Yellow,Green Tracksuit,None,Brown Bear,Chinchin,VR Headset,None,None
4689,1.49,619,90.63,https://magiceden.io/item-details/EgfqPMx6bbEAtLBRRJ9gK4Mfb83JLANMfvernsB2aSKP,Orange,Winter Uniform,ETH Collar,Salt N Pepper,Puppo,3d Glasses,Red Punk,None
4693,1.2,3426,73.25,https://magiceden.io/item-details/AunxEQQRZUdqEmCrHEZPhB2qTsom8TjSU6zh5giti4yk,Green,Winter Uniform,Red Bandana,Salt N Pepper,Crazee,None,Green Beret,None
4728,40,2570,0,https://magiceden.io/item-details/5EamDZUJMo22Xf4MzaVYd53nf4aJqo9co5Lj1Subw776,Orange,Green Uniform,None,Ginger,Puppo,None,Super Saiyan,None
4736,10,1952,0,https://solanart.io/search/?token=7CHLTAvovqxw7MTLbLnHx3K1P2dLdv79oFLdPiHk72qm,Orange,Blue Tracksuit,None,Salt N Pepper,Sniffy,Solid Eye,None,Pipe
4778,2.5,4999,48.89,https://magiceden.io/item-details/72VrrFi88ggApUoi7trQnkLQVhYLvj5W9eZNuQJiFjP7,Green,Green Uniform,None,Silver,Wolfie,3d Glasses,None,None
4779,12.5,191,0,https://magiceden.io/item-details/7t81eZAJUdCJqKB57B8fG2C1k81SvTL3CWwPpeTkYoDy,Pink,Mecha Suit,Blue Bandana,Blondie,Crazee,Glasses,None,Cigarette
4800,3,183,78.68,https://magiceden.io/item-details/6KVf4MfCE5R9hzv9wangX46H5ZsLP4k9T7hf6ZCeSE68,Pink,Sneaking Suit,None,Zombie,Rage,Eye Patch,Green Bowler,Tongue Out
4807,15,111,0,https://magiceden.io/item-details/9kmjYGUwQzht4vwWKFwymqpXopsuUc47A69xDQW2qRyF,Explosion,Red Tracksuit,SOL Collar,Brown Bear,Oldboy,Glasses,Green Punk,None
4809,3.98,2239,54.03,https://magiceden.io/item-details/5CPLPguRqoP4GoTYfSakyGBbBEU9hdDShui9YhA5qXhS,Blue,Sneaking Suit,Blue Bandana,Silver,Puppo,Monacle,None,None
4812,19.9,326,0,https://magiceden.io/item-details/F7SnH4UFveBwaQzGrcHq8xKjf5VFiKAaM4oHviVdJbLB,Orange,Green Uniform,Green Bandana,Zombie,Schemer,None,Halo,Vape
4844,3,1075,72.24,https://magiceden.io/item-details/9NTBz2rjyoWCwc9q9bgZNiQU9gy8uMK21fxBZpaAGGoZ,Yellow,Yellow Tracksuit,Blue Bandana,Aquarium,Scar,Eye Patch,Yellow Beret,None
4851,2.2,3455,63.05,https://magiceden.io/item-details/5T1FhvwFucKJgPT4JrqJgNvP1pTYQ1axnEVD1va4Nseb,Blue,Blue Uniform,BTC Collar,Aquarium,Fluffy,None,None,None
4858,2,3491,64.79,https://solanart.io/search/?token=2cfK96jM4LoRP2mUd15xdFsVQMQ5Z1wqdc5bexKvCSCu,Orange,Green Uniform,Orange Bandana,Blush,Pugsly,None,Red Beret,None
4860,2.4,3449,61.09,https://magiceden.io/item-details/8iKeHerQThoJ7hrPqRh9D9kUF3eU5NQSUdoJwutvHGd4,Pink,Green Uniform,BTC Collar,Twilight Beach,Groucho,None,Blue Hat,None
4868,2,4882,54.74,https://magiceden.io/item-details/H1L6obExWQ9W1p8G3fknvnDs86PMXbbK23tzzkv2RWbH,Green,Green Uniform,None,Salt N Pepper,Wolfie,Viper Shades,None,None
4872,4.9,3670,34.49,https://magiceden.io/item-details/A6CrkQzeePBbzZN6ZoS9xHxihahwmwNkFTwM2dcLfNjg,Pink,Blue Uniform,Blue Bandana,Twilight Beach,Wolfie,None,Green Bone Hat,None
4897,1.9,3608,64.94,https://magiceden.io/item-details/2CsycoN1KoMd3Qs8n1y4kRUDYiNQR2Y1oiRitW4hVeSy,Pink,Yellow Tracksuit,None,Bright Red,Sniffy,None,Blue Hat,None
4904,3,2342,63.08,https://magiceden.io/item-details/4evmkuzxY9t9VcdodJWTAB5k8cxGVwKuWycqpaiAWUEq,Pink,Yellow Tracksuit,None,Coco Cream,Oldboy,Viper Shades,None,Stogie
4908,2,2733,70.26,https://magiceden.io/item-details/9UsTL6nmHzYpn2zG3HvAKAgLXJf9BCtMd17DpEuWENPw,Blue,Orange Uniform,ETH Collar,Coco Cream,Shibe,None,Yellow Beret,None
4916,1.6,3943,65.52,https://magiceden.io/item-details/5kC4ubgtmkAcfipmdWX9tcdEq1aWjeuGrX1TeHB5ToGc,Cyan,Leather Jacket,None,Brown Bear,Crazee,VR Headset,None,None
4919,20,514,0,https://magiceden.io/item-details/FJU9Wdh8Uy9LDzjPDPiuLEW82T8ZNLLmocusTwCVe1ys,Yellow Shiny,Blue Uniform,Orange Bandana,Twilight Beach,Sniffy,Monacle,Yellow Beret,None
4923,1.74,5299,54.33,https://magiceden.io/item-details/D2fYJ6ac9HCRiwftwhZN185fvCws3q9bwWk523KQeNUM,Green,Blue Tracksuit,None,Ginger,Puppo,None,None,None
4931,5.69,3064,30.97,https://magiceden.io/item-details/5LnS8HvmYaYK7HjeQFV5mzaGhUh6jUwQjXzyRkmfZzyj,Orange,Spiderdog Outfit,None,Coco Cream,Scar,Viper Shades,None,None
4942,1.99,3242,66.68,https://magiceden.io/item-details/6o5rbSiEYkmUkHhqEeJC2NGVgzw9Dm2ktjdqXwZFXkuF,Blue,Sneaking Suit,Orange Bandana,Blondie,Pugsly,None,Blue Hat,None
4956,1.99,1962,75.93,https://magiceden.io/item-details/8DgE3HLbwVurNzQ69TZUrsXvjsJMts6yNwc4STW531sE,Blue,Yellow Tracksuit,SOL Collar,Salt N Pepper,Sniffy,None,None,Pipe
5010,1.99,3322,66.11,https://magiceden.io/item-details/7MRxQgCtMU6VtajVGabNWmHXCNovqTzAD4siDMWtJkLg,Blue,Red Tracksuit,None,Salt N Pepper,Schemer,Viper Shades,Yellow Beret,None
5019,2.99,704,75.02,https://magiceden.io/item-details/3ZEu2grs5wK4s1PnM7DmHgpkVHa5d67jxiH96n8DPkqG,Orange,Sneaking Suit,ETH Collar,Silver,Rage,Eye Patch,Blue Bone Hat,None
5030,2.5,3599,59.01,https://magiceden.io/item-details/A69gW13g3amC8BB6avqKD2a3oKUKGrxpJ9VeMEXexoMh,Cyan,General Uniform,None,Ginger,Puppo,None,Blue Bone Hat,None
5038,15,39,0,https://magiceden.io/item-details/5LVtbnPUFjVGDT9ebMp9FZS9pzpEozfXV9E5X1xZeAL3,Yellow Shiny,Spiderdog Outfit,Red Bandana,Ginger,Sniffy,3d Glasses,Green Punk,None
5044,11,5378,0,https://magiceden.io/item-details/7Uhn6zjWsHfJAc8K1F2qHdRx49mFVeQmzDS4NfbN5kYe,Blue,Green Tracksuit,None,Chocolate,Chinchin,None,None,None
5048,4.2,2924,46.88,https://solanart.io/search/?token=FzW24QZPWw6icS4N3EvAW6sWhYEn2zbsBr8LtSdnqTEc,Pink,Blue Uniform,None,Brown Bear,Cutie,None,Garrison Cap,Pipe
5057,1.9,3527,65.53,https://magiceden.io/item-details/3sgC59vpD7KRWVYsxfFnGdfpwJKXpd7rbXhEZGJFtFF6,Cyan,Blue Tracksuit,None,Zombie,Fluffy,None,Blue Hat,None
5075,2.5,2245,68.78,https://magiceden.io/item-details/3KDuBu5gAEXNTWbujzjPowtwBSFo84QhodLzwJUm2Box,Yellow,Green Tracksuit,None,Ginger,Puppo,Cyber Visor,Blue Hat,None
5084,1.09,2531,80.82,https://magiceden.io/item-details/2gdEXXqAUXe6BnpLX1Hw5mUKwmoA4BLG4EH5SoQKzFAb,Pink,Blue Tracksuit,Orange Bandana,Aquarium,Oldboy,None,Green Beret,None
5097,2.99,3428,55.34,https://solanart.io/search/?token=8E5X5MurbRtn5ZT4jANwwBUWJxrkSyy4vA9VLvn87JGk,Pink,Sneaking Suit,None,Brown Bear,Puppo,3d Glasses,Yellow Beret,None
5113,7.3,3366,12.69,https://magiceden.io/item-details/Dy4z142Hw2DVsRuM51nQX1ZBHCAAQCoESVJNcjsKbk4m,Pink,Leather Jacket,None,Ultra Violet,Crazee,None,Purple Hat,None
5120,1.75,2571,73.93,https://magiceden.io/item-details/22vKVHqQTi2A5ZfU3U2dRYgnz49u7ZJg9e8eNHHJb8us,Cyan,Winter Uniform,None,Brown Bear,Puppo,None,Purple Hat,Cigarette
5132,1.69,2930,71.94,https://magiceden.io/item-details/DGkL7RMAgrMuNbooD42KCSJfvKm3VAvN1MWmwAqbeEQj,Yellow,Green Tracksuit,Blue Bandana,Chocolate,Cutie,None,Yellow Beret,None
5134,2.18,553,84.21,https://magiceden.io/item-details/78K3LUBmYHNRcSq38Narro3xx2pvfuq6En4kXKjcPRQz,Moonrise,Winter Uniform,None,Aquarium,Rage,None,Green Bone Hat,Cigarette
5135,1.6,2889,73.13,https://magiceden.io/item-details/6Y3xWm7aV6tvmvjhuno57kZ651ncLGVPXLvpUbbrP45W,Blue,Yellow Tracksuit,Orange Bandana,Twilight Beach,Puppo,Eye Patch,None,None
5137,3,1114,71.95,https://magiceden.io/item-details/FoMv4JkPdRMkjWuA9R18aCfni1UZ5KsvmtZANQAXKgZy,Pink,General Uniform,ETH Collar,Silver,Shibe,None,None,Tongue Out
5144,1.2,4706,64.01,https://magiceden.io/item-details/5sTsu8HxGgARQYDevtS9hh5Gj7s6fp9zW7zViHmFoTg,Yellow,Leather Jacket,None,Twilight Beach,Chinchin,None,Garrison Cap,None
5177,3.69420697,1477,62.39,https://magiceden.io/item-details/9zry6u7R7iB9QVosPuwnosBKJZy9Sprni9BqRXnGqzxU,Green,Green Uniform,SOL Collar,Chocolate,Crazee,None,Yellow Beret,Cigarette
5215,1.5,1719,82.58,https://magiceden.io/item-details/yZW5fueK7J69BBQaqc9TzgxRm995WnoRrgJqqXxZjWf,Yellow,Blue Tracksuit,Blue Bandana,Chocolate,Rage,Aviators,None,None
5223,20,911,0,https://magiceden.io/item-details/e6ACWY41fdCusGWfY6MxvGFVmrnJUN59MBG6jBooBtq,Green,Sneaking Suit,None,Coco Cream,Schemer,VR Headset,Blue Bone Hat,Cigarette
5241,3.9,1388,60.97,https://magiceden.io/item-details/5VDL8M3fJkVvG8zr4uoJJ6ntsgAssdmpBDrCCMmCQLUE,Cyan,Red Tracksuit,None,Coco Cream,Schemer,Laser Eyes,Green Bone Hat,None
5247,3,1583,68.57,https://magiceden.io/item-details/Bc3qeKtr2jEvWvdaA136JKgA4ADHcTw3oKsdiQe2yyAn,Yellow,Green Uniform,None,Bright Red,Scar,None,Purple Hat,Cigarette
5252,1.5,2700,75.5,https://magiceden.io/item-details/AFaAQ1E5SXAYzBFktgVw7WD3YPCXZHsEkwEE7x2BABUJ,Orange,Sneaking Suit,None,Coco Cream,Oldboy,None,Red Beret,Vape
5271,1.6,4916,58.49,https://solanart.io/search/?token=2J63LED99sdCUyrVczQjdv3V86oZqqmoLKzVZG3hZ41d,Green,Yellow Tracksuit,None,Twilight Beach,Oldboy,None,Yellow Beret,None
5281,2.49,1296,75.74,https://solanart.io/search/?token=CGDLuu6aPiUMcMashE5a19s7NtwK518vbGFevGVVYxZw,Yellow,Blue Tracksuit,None,Twilight Beach,Pugsly,Monacle,General Hat,None
5298,1.5,4351,63.57,https://magiceden.io/item-details/4xJC7tkeQnFDzsrxmTcWx6a8fKtZ6iPRg1RzdPpmRnW4,Cyan,Orange Uniform,None,Salt N Pepper,Pugsly,Eye Patch,None,None
5303,1.7,1860,79.57,https://solanart.io/search/?token=42j1hqU6xAa1fpouwurmNf8bUq32TXbjN9t1SmWk8hLT,Green,Green Uniform,None,Silver,Fluffy,None,Green Bone Hat,Solana Facemask
5312,1.5,2327,78.19,https://magiceden.io/item-details/5bDLiam8te5FtnYsYw3U3mEauf86socPg161p3WqcgCV,Yellow,Orange Uniform,Orange Bandana,Salt N Pepper,Pommy,Viper Shades,None,None
5323,1.69,809,87.26,https://magiceden.io/item-details/HDUExZhbmZf7TgcGna1xK4DLhS4AarVSD8xXW9Zkxkdr,Blue,Winter Uniform,None,Blondie,Wolfie,Cyber Visor,Yellow Beret,Tongue Out
5330,4.69,4238,32.49,https://magiceden.io/item-details/2E8HZU78TEWuRujKAdSGBVT7iDNXYdaLJgvg9hmvpAzR,Green,Green Tracksuit,Green Bandana,Blondie,Sniffy,None,None,None
5334,3,1633,68.21,https://magiceden.io/item-details/HhA3FJ3cZrf6JaBiQuoxbduiMP7d4kpnob33mvEH28MA,Green,Superdog Outfit,None,Coco Cream,Chinchin,None,Green Beret,Pipe
5349,1.1,3277,75.33,https://magiceden.io/item-details/MZaQsf1AQRh7g5tLkecxTD65vgDWEVpA1c7xG4NoygY,Pink,Blue Uniform,Blue Bandana,Brown Bear,Chinchin,None,None,Tongue Out
5357,20,272,0,https://solanart.io/search/?token=AgVZgY48E6k4KFT6fxW9FnoPe7A669B178rpWYdWq1Fv,Cyan,Superdog Outfit,SOL Collar,Silver,Sniffy,None,Green Beret,Facemask
5358,2,1813,76.91,https://magiceden.io/item-details/2AmoD8kAChPCKsNgkj8Pi6Sr9ixh5U66urHuVNvn5Yrg,Explosion,Sneaking Suit,None,Silver,Cutie,None,None,Facemask
5371,3.85,34,71.25,https://magiceden.io/item-details/3PVX1PkCwgPnTPVxQSZorB5qLswTy8tT4mSC6gLWFV4t,Yellow,Yellow Tracksuit,Orange Bandana,Alien Blue,Oldboy,Glasses,Rose,Pipe
5390,4.9,1722,48.56,https://magiceden.io/item-details/J82fWywK2BXR8canM2wfenD96hcGC6sDCqfYCaMimoCE,Green,Winter Uniform,None,Salt N Pepper,Pugsly,None,General Hat,Tongue Out
5392,3.6,1830,60.78,https://magiceden.io/item-details/Er2mZvwTA28yRvk3MpC5nSRnB5A8jiCyBAtwfU2BWRoe,Green,Red Tracksuit,None,Chocolate,Groucho,None,Green Bone Hat,420 Cigarette
5408,1.35,4710,62.48,https://magiceden.io/item-details/5xRf6GBYNEoEX7cRjT2GkCiDKezLzzdMPRPcxrvYBXFE,Cyan,Blue Tracksuit,None,Coco Cream,Puppo,None,Blue Bone Hat,None
5415,2,2831,69.55,https://magiceden.io/item-details/HdioNTLqf48QkJmYm1gAm1RJgS56zJpWfrTK13kw7WAY,Orange,Green Uniform,SOL Collar,Silver,Schemer,None,Cowboy Hat,None
5429,1.75,5366,53.74,https://magiceden.io/item-details/7h2NKPkKWuz5UnTgBApL8xWi1BGFtt4SsqaftmDc3T6,Yellow,Blue Tracksuit,None,Salt N Pepper,Groucho,None,None,None
5437,6,4526,17.31,https://magiceden.io/item-details/TxWBdMKYM3FZUUGjWV4s2Qcbpu3Ysvjx8ofV6nJf2ZC,Pink,Leather Jacket,None,Solana,Schemer,None,None,None
5440,2,3182,67.02,https://solanart.io/search/?token=ACyESoHnAci5Dbz34fShjENdbDcNCByUrVYDpu3DdCjv,Blue,Orange Uniform,None,Blondie,Crazee,Glasses,Blue Hat,None
5449,2.2,1700,75.72,https://magiceden.io/item-details/AUL21KeLaTxBx28gUNYM5ScHbButDu88o7eRdRVEo5dF,Explosion,Blue Uniform,None,Ginger,Wolfie,None,Green Beret,Pipe
5479,1.07,3170,76.4,https://magiceden.io/item-details/EWVqaQQgdQ2iJNybQXHgwNALMemcETsV8YS8AWYw2a77,Green,Orange Uniform,None,Blondie,Pugsly,3d Glasses,Red Beret,None
5495,1.6,781,88.36,https://magiceden.io/item-details/9bco5zW53g8qQuY6dCRvsi7piZ8BtSjSJJ4MtknSVTfB,Yellow,Sneaking Suit,Blue Bandana,Ginger,Wolfie,3d Glasses,Red Punk,None
5522,1.1,4394,67.26,https://magiceden.io/item-details/5GR3gYqZqrfE63sWjDU6WLVdEoTuGk12ZhDuxNNvZQxc,Orange,Blue Tracksuit,None,Coco Cream,Puppo,Eye Patch,None,None
5532,1.7,997,85.8,https://magiceden.io/item-details/AqHyqgnqy56qzSFDgFPtf1iieVqD5VvxDiSzPbcwr7ub,Green,Sneaking Suit,None,Chocolate,Cutie,3d Glasses,Green Bone Hat,Tongue Out
5540,1.4,3979,67.26,https://solanart.io/search/?token=AtSV95hEXcguKVXcP8Hn8whQxs6YMpuvXcMVXwAoBLzH,Yellow,Yellow Tracksuit,SOL Collar,Coco Cream,Oldboy,None,None,None
5541,1.5,3597,69.02,https://magiceden.io/item-details/9GkqLQoGt1bX5BtNxsbqVrqXJTU9SBYC32SohQg2LmPk,Cyan,Orange Uniform,None,Blush,Puppo,Solid Eye,None,None
5545,1.84,2771,71.59,https://magiceden.io/item-details/BMVaBmtRWZYCXoGrGrYycQJBGzf7myueZffpSuEQKWza,Yellow,Yellow Tracksuit,BTC Collar,Salt N Pepper,Chinchin,None,Green Beret,None
