id,price,moonRank,ðŸ’Ž score (%),storeURL,Accessory,Background,Costume,Eyes,Faction,Forehead Eye,Hand Item,Mouth,Race
56,2.96,46,82.9,https://magiceden.io/item-details/7aLb39sKbnSpgDjD4dzLcvhvyaDnd8a32LvnYG4RtHmY,Classic Sunglasses,Pyramid,Army,Reptilian Alien,Golden Circle,Red,Pyramid,Sad,Reptilian Alien
66,10,66,12.28,https://magiceden.io/item-details/Fz6uXj2EAnjeDvoPoFeZHMDknUU1yX4tzRS2rWMRCHpL,Rebel Bandana,Dubai,Tuxedo,Sharingan,Golden Circle,Ra,Grey Skull,Sad,Reptilian Alien
82,2.7,3234,50.65,https://magiceden.io/item-details/3RgXcqM1ApAuUH6QU7CVpi8SH1Qyid8wM3TnNEJcfesv,None,Marrakech,Black Cloak,Brown,Skull & Bones,Earthquake,E Crucifix,Neutral,Human-Tan-Skin
91,1.87,2609,65.78,https://magiceden.io/item-details/3ZvzSei8XWAnGKUvufRawguwaMoCCfhUNHzvzEworP5o,None,Dark Green,Napoleon,Devil,Skull & Bones,Sauron,Gold Skull,Slightly Smile,Human Light Skin
94,420,1879,0,https://magiceden.io/item-details/CfNqY2JP2bpi88KAiEpEBufVm2LM9vVQHWBpojvxgYFT,None,Red Space,Pirate,Devil,Skull & Bones,Red,Radar,Smile,White Alien
99,10,89,12.03,https://magiceden.io/item-details/3qsWSDkVptFCjHHj4w6aDYpbCPWjE9UrakpHvD2GLrNf,Surgical Mask,Rio Favela,Sailor,Air,House of Degen,Gender,Navigator,Neutral,Human Light Skin
127,2.2,2735,61.1,https://magiceden.io/item-details/HGYQJbQtQaBnqELL8NC9vrALB8QaDyHghLdLwzeZYJHo,None,Green,Kimono,Devil,Skull & Bones,Ra,Grey Skull,Normal,Reptilian Dino
137,2,3449,55.3,https://magiceden.io/item-details/BYmQRVJgDPiUfGSmsWDpZGSe8x2hZXaRtAyEyULy2HoQ,None,Red Space,Brown Mage,Devil,House of Degen,Sauron,Crucifix,Sad,Human-Tan-Skin
142,4,2804,42.35,https://magiceden.io/item-details/4pyHDGvP21aar42xNnAD9BchmtBUDRmHskTKMooxg3BZ,None,Green,Black Cloak,Blind,House of Degen,Earthquake,Compass,Normal,Reptilianus
165,2.3,1517,73.42,https://magiceden.io/item-details/6oDU1xJxEm6i4iGpakpTbnER3nfDTzEk4A4mjKaTZYQQ,Normal Glasses,Green,Reaper,Devil,Golden Circle,Ra,Black Skull,Sad,Reptilian Alien
188,2.1,3056,58.59,https://magiceden.io/item-details/7mokMUffWig1Zu2vzgTZUTREYTs6NTCY59D13Sn1wDvz,None,Hell,Solana Hoodie,Devil,Golden Circle,Sauron,Black Skull,Slightly Smile,Human-Tan-Skin
207,66.6,1,0,https://magiceden.io/item-details/J86xwzCzbXkWEzSTdHD5XJ1QLUVMr5f2aigM9VXARRHo,Horns,Red Dark,Vampire,Sharingan,House of Degen,Spiral,Staff,Smile,Human-Tan-Skin
208,2.6,1035,75.69,https://magiceden.io/item-details/AaGSSkiX52Jreh19gKTgi7dQT1jvFmP4Q2nyUn29311n,None,Beige,Tuxedo,Crystal,Skull & Bones,Robot Grey,Bible,Normal,Human Dark Skin
219,2.99,232,80.56,https://magiceden.io/item-details/B9aXgLJtfywbXmWnHwsKhm6f9YPyCALBWwE86ket6aUA,Skull Bandana,Dark Green,Reaper,Blue,House of Degen,Earthquake,Navigator,Wide Smile,Human-Tan-Skin
234,1.47,2909,66.5,https://magiceden.io/item-details/84vyn63ZnBDgjBtAGFZP41L1mvYPevRF5CsKf7eG8wfv,None,Marrakech,Admiral,Devil,House of Degen,Red,Navigator,Normal,Reptilian Alien
241,2.39,3373,52.23,https://magiceden.io/item-details/5PzB2nzPDpWdQTMJbjoFD2bENTtbEsGLwjmwvfy7eWBh,None,Rio Favela,Brown Mage,Brown,Skull & Bones,Ra,Grey Skull,Sad,Human Dark Skin
252,2.99,2039,60.81,https://magiceden.io/item-details/8wmnMQixhg3K8LRFcusFuiYLYZ12sA8VmRAoykgAemXR,Normal Glasses,Red Dark,Kimono,Green,Golden Circle,Robot Grey,Gold Skull,Normal,Human Dark Skin
254,2.7,2010,64.03,https://magiceden.io/item-details/HU64sFxcZ1jLgipQUzkSTbMGQ7YTiQa8cbtyJmjbyXjR,None,Taj Mahal,Black Cloak,Air,Golden Circle,Fatima,Owl,Normal,Human Dark Skin
269,2.69,2285,61.12,https://magiceden.io/item-details/A3DEG1cCF8n4QbJQsJ9DNtKCB3sDDqUo9F15MDFQJCAD,None,Blue,Black Cloak,Devil,Golden Circle,Gender,Crucifix,Wide Smile,White Alien
272,4,1406,57.63,https://magiceden.io/item-details/3HZB6fe2nDupUoQXTbe6BVUxEt8rvHjAtv3enfPHB8Tx,None,Beige,Pimp,Blue,House of Degen,Fatima,Black Skull,Slightly Smile,Human Dark Skin
274,6,1571,35.83,https://magiceden.io/item-details/FtQq6eJL7SjgUKqP1DvEWnaPJb62usUqosf3z6EH6JNG,Small Roundglasses,Taj Mahal,Solana Hoodie,Devil,House of Degen,Robot Grey,Grey Skull,Normal,Reptilian Dino
308,4.69,1125,53.8,https://magiceden.io/item-details/4rTVFh1BBszQJUrV8pzQtGfXvJEtcidsDPb2wz6fXctV,Normal Glasses,Taj Mahal,Armour,Blue,House of Degen,Ra,Gold Skull,Neutral,Human Light Skin
310,2.11,1177,79.03,https://magiceden.io/item-details/6WsbLKBLAUAMQ2Lznf6DtDBUF2UfnUyJHA852FmxdsGD,Classic Sunglasses,Taj Mahal,Reaper,Earth,Skull & Bones,Robot Grey,Grey Skull,Sad,Human-Tan-Skin
327,3.5,2013,55.99,https://magiceden.io/item-details/GiNoCL2AG9cQNhhhy2LaDtpbLBKwygGZV1vpJQpKomda,None,Tokyo,Priest,Blue,Golden Circle,Earthquake,Robot Eye Golden,Neutral,Human-Tan-Skin
333,4.44,775,60.13,https://magiceden.io/item-details/5DnGPYsSEaK2VNA3rmVbF4fntbrAPuqNQRH538m6TeqD,None,Dubai,Doctor,Blind,Golden Circle,Vertical,Navigator,Sad,Reptilian Alien
349,2.8,1666,66.79,https://magiceden.io/item-details/4nU4CJQddTgEno8VyKdhEx4miyN1AdjuxciqCE2qqvYd,None,Blue Brush,President,Devil,House of Degen,Gender,Compass,Normal,Reptilianus
371,1.99,693,85.52,https://magiceden.io/item-details/7isgjGQ58w6o8JJY5EYUdVoGKudvuwYPHrK9usNT8hae,Normal Glasses,Dark Green,Napoleon,Air,House of Degen,Red,Pyramid,Sad,Human Dark Skin
382,5,2643,34.11,https://magiceden.io/item-details/7RqYtQkAcmj1GsjZYZQ7iR4utXAaBAQEkwLgXye3AhNK,None,Taj Mahal,Napoleon,Devil,House of Degen,Ra,Black Skull,Normal,Reptilian Alien
386,2,1068,81.32,https://magiceden.io/item-details/3jfeudDAXNe22BVVzNQHmvsEfK1GFjATbrFNdbBLhw4J,Normal Glasses,Blue Brush,Armour,Green,House of Degen,Vertical,Gold Skull,Neutral,Human Light Skin
400,4,1632,55.16,https://magiceden.io/item-details/CzH9GmDdSEetXbCfCkbrhgz41Xe2RDybNJ9b5rb6UMXH,None,Rio Favela,Black Cloak,Brown,Skull & Bones,Spiral,E Crucifix,Slightly Smile,Human-Tan-Skin
423,3,2371,57.08,https://magiceden.io/item-details/7tvHcQx8qttRVKsk5zwmBmNZfvcAxzQWzMtg8JGfJpYS,None,Hell,Hoodie,Blue,Golden Circle,Fatima,Robot,Slightly Smile,Human-Tan-Skin
437,3.69,1059,64.52,https://magiceden.io/item-details/Bhm11eFCzem61AyjCwfiZHCPBPQ3KMbyB3SqikiXUgrp,Classic Sunglasses,Marrakech,Brown Mage,Water,Skull & Bones,Vertical,Crucifix,Neutral,Human Light Skin
461,5,161,61.24,https://magiceden.io/item-details/rfNLS2v2gNAtjF1NpDCwwrmeF1HXsGaPKi3Mg5Db6vY,Rebel Bandana,Red Space,Reaper,Sith,Skull & Bones,Robot,E Crucifix,Slightly Smile,Human-Tan-Skin
462,4.2,592,64.53,https://magiceden.io/item-details/7wpe8FEzmazwt3ti3WS8d5UMAAJEboFAAnXuGJQSwrcd,None,Red Brush,Leather Jacket,Blind,Skull & Bones,Red,Radar,Smile,White Alien
483,2.19,1263,77.29,https://magiceden.io/item-details/4FyAeFHR2srULr8ebLGDZHPGznQtytXdSvVpFM9AP38a,None,Blue,Roman,Devil,Golden Circle,Vertical,Radar,Sad,White Alien
489,2.8,471,79.85,https://magiceden.io/item-details/Dt4rbCAG6AUkL77MMJJWcwMZAv4HqNzzvv9jUxBdzo6e,Classic Sunglasses,Hell,Suit,Green,Skull & Bones,Sauron,Staff,Wide Smile,Human-Tan-Skin
495,2.5,2513,60.53,https://magiceden.io/item-details/DitjrpoRoqVDaMwoLg4ZPbTmLCDHYHcY673dS2snVS8X,None,Beige,Hoodie,Green,House of Degen,Earthquake,Robot,Slightly Smile,Human Light Skin
514,1.36,2966,66.98,https://magiceden.io/item-details/CALkuhAUukoHUXx8Bt3BmpA5YJi3fP36N9oGFKURa7j7,Normal Glasses,New York,Brown Mage,Blue,Golden Circle,Robot,Black Skull,Neutral,Human Light Skin
520,2.5,404,83.58,https://magiceden.io/item-details/6NweYFucrerQ3ZvwAa9eKaorRYArBPX2TKyfv8mGyXZn,Classic Sunglasses,Blue Brush,Roman,Devil,Skull & Bones,Ra,Gold Skull,Slightly Smile,Reptilian Alien
559,2.9,2728,54.18,https://magiceden.io/item-details/7NEYajhTdsjtLTKmZm48UCV5nzYxSVYYQGeyvS5TzmoF,None,Red Brush,Black Cloak,Blue,Golden Circle,Robot Grey,Crucifix,Toothpick,Human Dark Skin
563,146,31,0,https://magiceden.io/item-details/63zL5nexfZEvYyAXLuchB4ggbn6uFArZ3YZn6uXpYSmF,Small Roundglasses,Dark Green,Red Cloak,Demon,Golden Circle,Golden,Pimpcane,Sad,Human Light Skin
593,2.15,1657,73.39,https://magiceden.io/item-details/F8WpoeGRF2sdG6kqEZvsTS6TGganuVamuUS4fccuWC9,None,Grey,Napoleon,Crystal,House of Degen,Vertical,Radar,Normal,Reptilian Dino
597,1.57,1027,86.07,https://magiceden.io/item-details/CDyeyjkErpdvud1DkSBybFtB7FwfSkvweFZiUDjzxgi8,Classic Sunglasses,Red Brush,Napoleon,Green,Golden Circle,Earthquake,Navigator,Smile,Human-Tan-Skin
612,1.9,2193,70.03,https://magiceden.io/item-details/5kVx1SxqUDTieZ5kJyXCvcU7QJQS68La6HyV9Q5XzdXV,Classic Sunglasses,London,Hoodie,Brown,House of Degen,Ra,Crucifix,Neutral,Human-Tan-Skin
621,5,670,55.68,https://magiceden.io/item-details/H3o8BiYhKRhZ2j81xzBvzMsmeu6qAXrEr8WgEZnVyMEK,Classic Sunglasses,Blue,Black Cloak,Heavy Makeup,Golden Circle,Demon,Radar,Normal,Human Dark Skin
628,2.89,341,80.37,https://magiceden.io/item-details/BbsvZ7trQyDExvWssYCErp3RXF9kVZ9xDToAHgckb5e3,Phanthom Opera White Mask,Red Space,Army,Brown,House of Degen,Red,Black Skull,Normal,Human Dark Skin
666,5,2736,33.09,https://magiceden.io/item-details/2fZRU92L6fD5V4mBxesSKdxkwn2zMhfVgJvM7iV7BiQt,None,New York,Reaper,Blue,Skull & Bones,Vertical,E Crucifix,Neutral,Human-Tan-Skin
670,3,756,74.74,https://magiceden.io/item-details/B6dGiCUoo9uLrsn4qG88shnVmGMV36QhCdcMrcgdEMg9,None,London,Army,Blue,Skull & Bones,Golden,Crucifix,Wide Smile,Human-Tan-Skin
683,1.7,1052,84.5,https://magiceden.io/item-details/FPo6vshaDTp4REW8gRYDAmuiAMFLDGViAjjEKZAxzef7,Classic Sunglasses,Tokyo,Hoodie,Devil,Skull & Bones,Robot Grey,Arab Sword,Sad,Reptilianus
691,10,3560,0,https://magiceden.io/item-details/4V4e9W4LVKu87x4tVRp2mXxnej73UVYaywV9wKFQFsQ6,None,Taj Mahal,Hoodie,Devil,House of Degen,Robot Grey,Crucifix,Normal,Reptilian Dino
693,2,1744,73.93,https://magiceden.io/item-details/B2KMCBCo8To7otvXmu4SMJL6nFCnHBPSY6BvFpKttC1x,None,Grey,Napoleon,Devil,Skull & Bones,Earthquake,Gold Skull,Smile,White Alien
694,2.7,3535,47.36,https://magiceden.io/item-details/2aRUHm425JYcFgbBFkGGmN9jHbcpqp8sBQa2FBPbnjRP,None,Pyramid,Black Cloak,Brown,House of Degen,Robot Grey,Owl,Normal,Human Dark Skin
722,2.2,1219,77.67,https://magiceden.io/item-details/UESfWJ9gVjDUuF98puaKNJfkbsuJ18u5h5TA6SrVXWN,None,Hell,Armour,Blind,House of Degen,Sauron,Navigator,Normal,Reptilian Dino
737,1.9,2852,62.82,https://magiceden.io/item-details/Aq9LhTHby8HWKJUm7pu6JYpvh6XTGhkuFMfSEdCgUNGp,None,Red Brush,Brown Mage,Demon,Golden Circle,Red,Compass,Sad,White Alien
751,2.3,1445,74.2,https://magiceden.io/item-details/2WvxSQt6Mw1ATXAqP17JtYJPMLKAoMR31DbqLkmUqASM,Normal Glasses,Dark Green,Napoleon,Green,Skull & Bones,Robot Grey,Owl,Neutral,Human-Tan-Skin
756,3,1315,68.62,https://magiceden.io/item-details/5Kuhwx1dNYnaQfrSr18PzQFFfLjGxRC2vFd3bnJqF8ue,Classic Sunglasses,Blue,Admiral,Devil,Golden Circle,Fatima,Grey Skull,Sad,Reptilianus
800,2.5,249,85.28,https://magiceden.io/item-details/9nWDQaExVZZoS2u9enbZog9vTPrTheeJfz3XwBwKLjpt,None,Blue Brush,Red Cloak,Ice,Golden Circle,Red,Lightsaber,Wide Smile,Green Alien
865,2.05,1141,80.03,https://magiceden.io/item-details/EyHzfpUg767Y4ikiHdVo3FYUGqdELsCjTT1CxuJLZDLj,Classic Sunglasses,New York,Armour,Blue,House of Degen,Black,Crucifix,Normal,Human Dark Skin
880,3,2541,55.22,https://magiceden.io/item-details/3cUL43XFCfNbA7xSJqVBWKw7wTtHLyMLMLRRmNT7dSbz,None,Hell,Hoodie,Ice,Skull & Bones,Robot,Compass,Normal,Elder
890,2.99,2003,61.2,https://magiceden.io/item-details/FSGVHHoQ5wn3E3QjVcGrKNrVYRXQFMr5MMM8myR24U1G,None,Red Space,Army,Green,Golden Circle,Robot Grey,Radar,Toothpick,Human Dark Skin
913,1.75,1037,84.16,https://magiceden.io/item-details/Ge5EmHDxj4ZYKwo2X4JHPyQ7CkHdtZLp8LaTUbMhMMtt,None,Rio Favela,Army,Heavy Makeup,Skull & Bones,Fatima,Compass,Slightly Smile,Human-Tan-Skin
922,2.2,1185,78.05,https://magiceden.io/item-details/EfWSdBDkSK6jvjfvKcdFGhJ1VSrdpEnPfaz5vucNAf7S,None,New York,Admiral,Green,House of Degen,Ice,E Crucifix,Normal,Human Dark Skin
951,2.7,3592,46.73,https://magiceden.io/item-details/HwjtGGsxEuFkuz6Tgj3xZQrxZawK97MUg23DUbrEMyeT,None,Red Brush,Black Cloak,Devil,House of Degen,Robot,Gold Skull,Normal,White Alien
956,5,1324,48.53,https://magiceden.io/item-details/E5xfuNc7V6Wf5aHyGgqCL7Yd42DYvPcNE3tEY9j1gSqT,Classic Sunglasses,Marrakech,Hoodie,Green,Golden Circle,Robot,Bible,Neutral,Human-Tan-Skin
966,3,43,82.53,https://magiceden.io/item-details/Git6mMAqgSSB51oV9ZwzrunLdVCsg6HpRvrUwM5vUApr,Normal Glasses,Hell,Priest,Yellow,Skull & Bones,Demon,Robot Eye Golden,Wide Smile,Reptilianus
967,1.5,2817,67.2,https://magiceden.io/item-details/2DbmQ2WfvRQfrsEUAofm2KkhKeuuWAZsKecYRchQELej,Normal Glasses,Grey,Solana Hoodie,Brown,Golden Circle,Red,Radar,Normal,Human Dark Skin
996,2.5,2289,62.98,https://magiceden.io/item-details/5h4xAdjeUFVAtJ9n2y3u8TpimiDdCG6YLkLYhgDmnKVd,None,Red Dark,Academic,Demon,House of Degen,Robot,Compass,Normal,Reptilian Dino
998,123,353,0,https://magiceden.io/item-details/A7fEa8JijBb9VGpjYtDyJqtXBwQu6Qq1KRLKVy93qr6T,Classic Sunglasses,Blue Brush,Academic,Yellow,House of Degen,Robot Grey,Pimpcane,Neutral,Human-Tan-Skin
1005,3,2292,57.94,https://magiceden.io/item-details/3Lw9LzT18m4Ex8S5bd2PiPD3juzM6Q89JRsTkm3qzf2b,None,Grey,Armour,Devil,House of Degen,Sauron,Radar,Normal,Reptilian Dino
1015,1.5,3498,59.76,https://magiceden.io/item-details/HszujM7BeGzLaffMBWee9M8yAd7MR2ZnWcVPFtrRscsy,None,Rio Favela,Hoodie,Brown,Skull & Bones,Black,Black Skull,Neutral,Human Light Skin
1034,2.5,943,77.69,https://magiceden.io/item-details/562oL9kfERWMZnddb3c8AYbaL42b7ZPs4ae4EPmQ9bTr,Classic Sunglasses,Blue,Admiral,Devil,Skull & Bones,Gender,Compass,Wide Smile,Reptilianus
1041,1.3,3137,65.71,https://magiceden.io/item-details/CqL9bb9azHJVBaqQxZkmeDeccYByU7CwdGULqkbq5o8U,None,New York,Hoodie,Blue,House of Degen,Black,E Crucifix,Neutral,Human Light Skin
1067,2,1583,75.69,https://magiceden.io/item-details/FbSmkU46J1VcDH9ckTJjanLrpQWVpGyV4Wi12HMrK9eM,None,Grey,Roman,Brown,House of Degen,Black,Crucifix,Neutral,Human-Tan-Skin
1092,5,3514,24.59,https://magiceden.io/item-details/4FBrN6D1KTJ8vY5FKCrfUmLrN64m4QjXPNNd7uxRJHWe,None,Green,Black Cloak,Devil,House of Degen,Robot Grey,Robot,Normal,Reptilian Dino
1095,1.45,1484,82.28,https://magiceden.io/item-details/9LzRzwSYPzNjTKLqqPFkKrb8gGzb1rkDeVqYcaiBU7X3,None,Blue,Black Cloak,Sharingan,Skull & Bones,Sauron,Grey Skull,Wide Smile,Reptilianus
1113,2.5,3374,51.12,https://magiceden.io/item-details/GwhGhNyiHcVtH7pQdJoHdoZ4GYnjDFXXCeswE7d53JeR,None,Grey,Black Cloak,Green,Skull & Bones,Gender,Gold Skull,Neutral,Human Light Skin
1119,3,2891,51.4,https://magiceden.io/item-details/C6SDxyu45tWEDdMgBLiKDGaWGJX2bTYLsh2E6bcSpNo4,None,Marrakech,Astronaut,Blue,House of Degen,Robot Grey,Compass,Neutral,Human-Tan-Skin
1167,3,441,78.18,https://magiceden.io/item-details/5f9kRfcmXWxM1DBWF3dpo4DEaQBCSowGtfZ5DfTpn31k,None,Green,Suit,Fire,House of Degen,Ice,Gold Skull,Toothpick,Human Light Skin
1172,2.97,416,78.75,https://magiceden.io/item-details/BMz9odQnWUR8JxhZrZN2JhEZAFH3STCTUsRxCz1hSvuN,None,Grey,Army,Reptilianus,Skull & Bones,Robot,Radar,Wide Smile,Reptilianus
1174,2.79,240,82.48,https://magiceden.io/item-details/GqerRhhDp9tkjvu4oLBYQaeDbr14xbxnpBtb73KpSVXS,None,District Spaceship,Army,Blind,Golden Circle,Robot,Katana,Wide Smile,Reptilian Alien
1176,3.5,130,76.58,https://magiceden.io/item-details/6rN7UP7T3AeLVABKyJVUyQE5NKeL7zPk1SWnf5Bawink,Carnival Mask,Pyramid,Hoodie,Heavy Makeup,Golden Circle,Red,Robot,Neutral,Human Light Skin
1180,10,99,11.92,https://magiceden.io/item-details/BjvgE6UxfgSmPyF9eux4CU2y9uWsh23CR8goqqockgbo,Normal Glasses,Red Brush,Solana Hoodie,Heavy Makeup,Golden Circle,Spiral,E Crucifix,Smile,Human Light Skin
1187,18,15,0,https://magiceden.io/item-details/DzRsHtc8hSGsZwR2ush2v4CLjeU1AEhvyHabqKKLGNgi,None,Blue Brush,Sailor,Blue Alien,Golden Circle,Robot Grey,Pyramid,Sad,Blue Alien
1201,5,125,61.63,https://magiceden.io/item-details/DDFpRz8k1z1xxHgpqs7WLZCXzeuj7tGq8hhc2zCFbVKK,Phanthom Opera Black Mask,Beige,Solana Hoodie,Brown,Skull & Bones,Robot Red,Crucifix,Normal,Human Dark Skin
1210,1.9,2060,71.48,https://magiceden.io/item-details/AqUuxJ6dFCkdzempF441Ni7PmbBbmwipFdk7uHuWmash,None,Green,MIB,Devil,House of Degen,Robot Grey,Owl,Wide Smile,White Alien
1212,2.45,2774,58.17,https://magiceden.io/item-details/BqNs3MnHP87NncppgR4RcQuffa9hQeTisegSg9pKQE6D,None,Dubai,Solana Hoodie,Demon,House of Degen,Vertical,Black Skull,Neutral,Human Light Skin
1214,2.35,1312,75.16,https://magiceden.io/item-details/7rgbhX74np3aqW3ASuku3utRdBabRv4BCGNjvqLL4SeL,None,Tokyo,Suit,Air,Skull & Bones,Black,Navigator,Smile,Human-Tan-Skin
1220,1.489,1987,76.39,https://magiceden.io/item-details/BL1N9J8BMMDZtf2MNCV9mLJniNHBPLnDQHZGnCs17wXZ,None,Grey,King1,Devil,Skull & Bones,Red,Black Skull,Slightly Smile,Reptilian Alien
1235,1.5,3016,65.03,https://magiceden.io/item-details/EAatssutaVVoySJcJTb2GwYySniUDnPfeDywERUh6Lmb,Normal Glasses,Marrakech,Brown Mage,Brown,House of Degen,Robot Grey,Gold Skull,Neutral,Human Light Skin
1242,40,1503,0,https://magiceden.io/item-details/9uMdMng1mn3fvR2n2aY45wLS8hz2Ue5JcWBTeCBh7g7D,None,Dubai,Admiral,Devil,Golden Circle,Robot Grey,Owl,Normal,Green Alien
1249,3.23,386,76.48,https://magiceden.io/item-details/CNyrJpqHgmpx8iAjGs2gmLNQ8jQoJYNwKJXpzrFUKuEm,Classic Sunglasses,Taj Mahal,Army,Sharingan,Skull & Bones,Sauron,Gold Skull,Normal,Elder
1251,3,1988,61.27,https://magiceden.io/item-details/Ehud5KaRDWa2tjHVoHb4nEhomaTF8qckKHxx7PjWMU5B,Surgical Mask,Red Dark,Black Cloak,Devil,Golden Circle,Robot Grey,Compass,Neutral,Human-Tan-Skin
1258,12,118,0,https://magiceden.io/item-details/DgNo7w9fuNCnK9KATNnDi2gCKmNJgvCnnWQLDsEwhyQs,Pirate Patch,Blue,Astronaut,Brown,Skull & Bones,Golden,Radar,Slightly Smile,Human Light Skin
1261,3.5,817,69.07,https://magiceden.io/item-details/JBdKBatQhPXdqJnwFC2AkPgk6Syot3Y4Tw7fb5RKeTUF,None,London,Tribal White,Sharingan,Skull & Bones,Robot Grey,Gold Skull,Slightly Smile,Human-Tan-Skin
1290,2,1957,71.61,https://magiceden.io/item-details/5FjjP5rVpfpgLoSPQ7TAbEiyNXn56XrFdq1keNu6uju,None,Hell,Hoodie,Blue,Golden Circle,Demon,Compass,Sad,Human Dark Skin
1293,1.85,2538,66.75,https://magiceden.io/item-details/F2kwj8gFp6pRFVwDADSZgFzJk4uoVDRkRJk9MSBMiY7u,None,Rio Favela,Tribal White,Blue,Golden Circle,Robot Grey,Black Skull,Normal,Human Dark Skin
1301,4.75,589,59.06,https://magiceden.io/item-details/Avs16hiSjUbtWz85K3XHRVpvnn8mkmu8Eu78eNaijKq3,None,Blue,Napoleon,Blind,Skull & Bones,Robot Grey,Owl,Sad,Green Alien
1311,1.89,1391,78.89,https://magiceden.io/item-details/2tridjufxFxosa5KJnfQALvDBdQN8qdcBJaTk64jweFY,None,Taj Mahal,Black Cloak,Devil,Skull & Bones,Green,Compass,Smile,White Alien
1324,2,1387,77.84,https://magiceden.io/item-details/4tnCcW9X1hVyj7MZs97ggZykkKCD5SS6p7eTMwXTBAvp,Normal Glasses,Dark Green,Black Cloak,Water,Skull & Bones,Robot Grey,Gold Skull,Sad,Human Light Skin
1332,3.9,2262,49.27,https://magiceden.io/item-details/4wkc7z9kFzbUbEgY3sjStw8j8uqFNA8auhW5yNgudzmz,Classic Sunglasses,Green,Brown Mage,Devil,House of Degen,Sauron,Owl,Sad,Human Light Skin
1351,5,343,59.25,https://magiceden.io/item-details/HtApNzc3WGzKFZUDaUpK2v27jQoTMhHXBz3CvXcGrkT1,Classic Sunglasses,Beige,Priest,Crystal,Skull & Bones,Robot Grey,Robot,Wide Smile,Reptilianus
1354,2,3334,56.55,https://magiceden.io/item-details/4Esy9xGPBavNnRk6qR7gaGm86yj2jY1iMeUk5BtujaMH,None,Rio Favela,Army,Blue,Skull & Bones,Robot Grey,Black Skull,Normal,Human Dark Skin
1373,2.5,2282,63.05,https://magiceden.io/item-details/GT86gYBDHr5enjDphbgtHskJKJKif2L11Xd3jv7FqaJU,None,Taj Mahal,Tribal White,Blue,House of Degen,Robot Grey,Gold Skull,Neutral,Human Light Skin
1391,2.5,346,84.22,https://magiceden.io/item-details/GuVymNVrGY97aZNJ4mJ3eUmEWB8VD8nKLSv3HTiMoxPW,Classic Sunglasses,Dark Green,Army,Air,House of Degen,Fatima,Grey Skull,Smile,Human-Tan-Skin
1398,2.5,1815,68.16,https://magiceden.io/item-details/Cg1EBvcAqUkSiWyDMavLFYSDtsoUu3JAySV7PBjejZHE,Normal Glasses,London,MIB,Blue,House of Degen,Robot Grey,Navigator,Wide Smile,Human Dark Skin
1458,2.2,552,84.97,https://magiceden.io/item-details/2bFcJg7c7siqRthXXjUMm7svAeqBHpUANgg4AsVzc7UD,Classic Sunglasses,Taj Mahal,Brown Mage,Ice,Golden Circle,Golden,Grey Skull,Sad,Reptilian Alien
1462,4,672,65.65,https://magiceden.io/item-details/4um2LNVqzmnHEeqJVMP2Ur4X7a5HwxxNjigiLmwFEsk7,None,Pyramid,Pirate,Devil,Skull & Bones,Golden,Owl,Sad,White Alien
1469,2.2,535,85.15,https://magiceden.io/item-details/8zE5TqXJb5EnFphhonPAgs9hiKE18Hp1R1YG6qWSd4Z5,None,Rio Favela,Pimp,Devil,House of Degen,Red,Owl,Wide Smile,Blue Alien
1475,33,37,0,https://magiceden.io/item-details/cujzN9uWTJWgprNXUc4vB8Sc7EqL3zfZgi8jBH8P1Nh,Skull Bandana,Grey,Pirate,Air,Golden Circle,Black,Grey Skull,Wide Smile,Human Light Skin
1476,2.6,1404,71.65,https://magiceden.io/item-details/CdmsyNH6xoCw8pn1vwL8QX1hbXheeDUJJsJbbmr2md5c,Normal Glasses,Grey,Brown Mage,Brown,House of Degen,Robot,Owl,Toothpick,Human-Tan-Skin
1488,3.5,3240,42.58,https://magiceden.io/item-details/7bjEaz54CzYZdfMNazDkknMHQXidaKHE3TQA54eQ1Qqb,None,Hell,Brown Mage,Fire,Golden Circle,Red,Compass,Normal,Human Dark Skin
1505,3,2116,59.87,https://magiceden.io/item-details/4UiTKZvC6YVMQ3CZkvoGWusvx5am3gNPEx6yryTKN56Z,None,Dark Green,Red Cloak,Demon,Golden Circle,Robot Grey,Gold Skull,Sad,Reptilian Alien
1554,1.99,2698,63.61,https://magiceden.io/item-details/2UAC24A3tR53qVhn6nDQ31sv69vHkTLNiKLXUVsaYdtD,None,Red Space,Brown Mage,Blind,Skull & Bones,Ra,Grey Skull,Normal,Reptilian Dino
1559,1.98,806,84.39,https://magiceden.io/item-details/FoHtzfwAFJRE4istLBSA9ah66G2KSuFbReeJ5RKpm52P,None,Beige,MIB,Ice,Golden Circle,Robot,Katana,Smile,Human Dark Skin
1562,1.55,2757,67.36,https://magiceden.io/item-details/FNkohR8jWG1JnBvuEuyvPxkL4T48chugRukKXmBSHHzg,None,Tokyo,Academic,Brown,House of Degen,Robot,Gold Skull,Sad,Human-Tan-Skin
1570,2.5,995,77.12,https://magiceden.io/item-details/EVXoTDLbUmtj6Hia7y8v7qGKEtMBwqWU2p3CG8WhP7Sm,None,New York,Sailor,Brown,Golden Circle,Golden,Grey Skull,Neutral,Human-Tan-Skin
1595,2,3459,55.19,https://magiceden.io/item-details/EfpiUUL3sZGcFNCiq7C4p92nwZ3WvyjeiVNhHTkBZmd1,None,Pyramid,Hoodie,Devil,Skull & Bones,Ra,Pyramid,Neutral,Human Light Skin
1597,1.99,527,87.34,https://magiceden.io/item-details/EXaubRP88US7Jt41CyLDn9LogZYfioaggVxumnFeeXrJ,Rebel Bandana,Red Dark,Admiral,Devil,House of Degen,Robot Grey,Robot,Normal,Reptilian Dino
1600,29,1888,0,https://magiceden.io/item-details/2B6rKMuA35PoscRoc1pjP4uTRxFWHCUnYXZGb6vvSnsN,None,London,Academic,Crystal,House of Degen,Robot Grey,Gold Skull,Normal,Reptilian Dino
1607,5,1800,43.32,https://magiceden.io/item-details/7dsBTHcWh8kuVpBErPsdieRmazua88SupayvtPoZ9kuV,None,Blue,Solana Hoodie,Ice,House of Degen,Robot Grey,Black Skull,Sad,Elder
1630,3.75,473,70.33,https://magiceden.io/item-details/3LF8evi31EYdcdxzQRtXrU9p1aNDhCAxqwyG6az81QLb,None,New York,Armour,Devil,Skull & Bones,Ra,None,Sad,Blue Alien
1635,3,1803,63.29,https://magiceden.io/item-details/HfY9wqgLyt2vqBxSZMtKDNGvjynXFQ9ytjbovSe7NNiK,None,Red Space,Pirate,Green,Skull & Bones,Robot,Compass,Toothpick,Human-Tan-Skin
1641,2.2,92,89.99,https://magiceden.io/item-details/G62aTj8o8xSNvLpT2j5nugWGJ5udDi466huQF5StJfuH,Aviator Sunglasses,Marrakech,Astronaut,Air,Skull & Bones,Red,Pyramid,Sad,Human Light Skin
1734,2.19,2089,68.26,https://magiceden.io/item-details/7wc2vpP349J9a4WA9MFEXME7WPpxRRLfUqKS72Xvk8zs,None,London,MIB,Brown,Golden Circle,Robot Red,Radar,Normal,Human Dark Skin
1751,2.3,2840,58.95,https://magiceden.io/item-details/28QBqDvBWHSDUnWeAMStrZfCUZhvuHP1z2kZbRDn3o6W,None,Dubai,Suit,Devil,Skull & Bones,Robot Grey,Navigator,Slightly Smile,Reptilian Alien
1766,3,2123,59.79,https://magiceden.io/item-details/8RuvFomoePWQJ4ACttLU1cqZGc9mfXNLvrxPjNKjY6Kg,None,Dark Green,Astronaut,Devil,Golden Circle,Ra,Navigator,Sad,Reptilianus
1795,2.45,2912,56.67,https://magiceden.io/item-details/CPJVdVERDurX1RaLhFHfkuicvDSLZE415NSWHd3BXKB,None,Red Space,Brown Mage,Sith,House of Degen,Red,Gold Skull,Neutral,Human-Tan-Skin
1800,2.6,1908,66.14,https://magiceden.io/item-details/91RHm7FsF9Y5As8oHJpZbi2D7c7zHKN1FzpwQ5u3hWQd,None,Dubai,Hoodie,Blind,House of Degen,Vertical,Pyramid,Normal,Reptilian Alien
1806,2.1,1026,80.78,https://magiceden.io/item-details/GZZ6KvUvibwiGnBwifiTZRkir1zSWAUr5ZtvB2zBPvD4,None,Hell,Red Cloak,Yellow,Golden Circle,Vertical,Pyramid,Sad,White Alien
1813,3,2749,52.95,https://magiceden.io/item-details/2f1rbY3rsW5fSFKJXVSeGecwWhShXT228pB5vddhG38M,Normal Glasses,Red Dark,Hoodie,Devil,Golden Circle,Red,Navigator,Slightly Smile,Human Light Skin
1816,1.48,1843,78.05,https://magiceden.io/item-details/2YU1c7YyU8Q9yp5hhXfumpR1VXcvfPbkeWEmEBmZTwUi,None,Tokyo,Brown Mage,Ice,Skull & Bones,Ra,Grey Skull,Wide Smile,Reptilianus
1818,2.2,2838,59.98,https://magiceden.io/item-details/2tvZ3jg9ogqYJQnLrG91zkKUthkW6v1jjefXHaJACEP9,None,District Spaceship,Black Cloak,Fire,Skull & Bones,Vertical,Radar,Normal,Human Dark Skin
1837,2.09,1547,75.19,https://magiceden.io/item-details/AHoyRKvnd2YCnBzrXEm29MscLE9ztVjMksbgzqVZxknu,None,New York,Brown Mage,Crystal,Skull & Bones,Robot Grey,Pyramid,Slightly Smile,Reptilian Alien
1838,2.22,915,80.8,https://magiceden.io/item-details/4y6xGwKfLrWoVBTJ862iFMdxcNwjCmAQbGTJZkUpy8Xf,None,Red Space,King1,Demon,Skull & Bones,Robot Grey,Robot Eye Golden,Wide Smile,Reptilianus
1869,3.9,665,66.73,https://magiceden.io/item-details/EBHWJ7boADueuSNVmbaaSic9YQGBoNKaVqwGvzkqMiep,Normal Glasses,Tokyo,Black Cloak,Blue,Skull & Bones,Green,Black Skull,Smile,Human Light Skin
1875,1.7,3659,56,https://magiceden.io/item-details/5R5xYJ9k2pzQRJRAPKX6oAiNuMv4hPhADr4Y4DTNGhGb,None,Grey,Hoodie,Devil,House of Degen,Robot Grey,Radar,Neutral,Human-Tan-Skin
1911,2.7,3253,50.44,https://magiceden.io/item-details/3VkpoPHQMRDsAAgt2ou36p9eEbTVQ82P738Louo4Q47x,None,Dubai,Brown Mage,Devil,House of Degen,Gender,Gold Skull,Normal,Reptilian Alien
1919,1.49,1741,79.07,https://magiceden.io/item-details/8FdxCtwk5PCXY8XwV8RMeYK2HrUNegAVe1zZUnbvq2xg,None,Marrakech,Hoodie,Grey Cyborg,Skull & Bones,Black,Robot,Normal,Human Dark Skin
1924,1.38,1306,84.92,https://magiceden.io/item-details/H3bj1CqTkF6mWnQ7UZTA2skULNoXvyL4XaJHfzrmDGeJ,Classic Sunglasses,Rio Favela,Doctor,Ice,Golden Circle,Robot,Gold Skull,Neutral,Human-Tan-Skin
1936,2.75,1747,66.4,https://magiceden.io/item-details/HqSVwjGqdZwAtGioK3X6KJTNNtfrWK6hfdhmgqkkxLrG,Normal Glasses,Pyramid,Black Cloak,Air,Golden Circle,Robot,Robot Eye Golden,Normal,Human Dark Skin
1939,3.5,2130,54.71,https://magiceden.io/item-details/65iYpiszWDVbswJth1HimhHdMn9ejcnEwE8HwGomsUBZ,None,Green,Astronaut,Demon,House of Degen,Robot,Radar,Normal,Reptilian Dino
1947,2.55,2985,54.87,https://magiceden.io/item-details/FVoifkSU8kx2fchgfLdU96BTn3iZt2XkU1nSWe8gR5dW,None,Pyramid,Red Cloak,Devil,House of Degen,Ra,Radar,Normal,Reptilian Alien
1975,3.35,537,73.63,https://magiceden.io/item-details/DSoAqRyLgjRBQZLtnupLAtwYvWvgcRy5t8bzWeRuXHmi,Surgical Mask,Beige,Suit,Devil,Golden Circle,Gender,Compass,Sad,Reptilian Alien
2024,1.6,1582,79.71,https://magiceden.io/item-details/2htgQVzWJtxGgJgKoPuWVDHb2J8NQoco4rjL7Lq68fhN,Normal Glasses,London,Black Cloak,Sharingan,House of Degen,Robot Grey,Radar,Normal,Reptilianus
2026,1.79,1779,75.65,https://magiceden.io/item-details/BtckCNSrgFY3YwQt1oSnShpX42cnD5Xd2EdWkN22qyra,None,District Spaceship,Brown Mage,Blind,Skull & Bones,Earthquake,Gold Skull,Slightly Smile,Reptilian Alien
2034,2,1028,81.76,https://magiceden.io/item-details/8Jk6fQceyjMaTrkyHQnqpHyjZ1rbDnQyyniWsJcybn8d,Normal Glasses,Red Space,MIB,Blue,Skull & Bones,Robot Red,Radar,Neutral,Human-Tan-Skin
2040,2.8,876,75.42,https://magiceden.io/item-details/BZFugPrHaj5c5yPocTNp8ng195aZFzkvNQ4qV2VXm7sC,None,Marrakech,Armour,Earth,Skull & Bones,Black,Navigator,Sad,Human-Tan-Skin
2057,20,1902,0,https://magiceden.io/item-details/DMY2R2ekR4tcToxC5yxsDSjLm6NYhFGKNeJX6rwgEc2R,Classic Sunglasses,New York,Red Cloak,Devil,House of Degen,Ra,Black Skull,Normal,Reptilian Alien
2069,11,641,0,https://magiceden.io/item-details/8Mxu5j8Drt6QUyHFSha8m243q9JNHpzk3Uncohv8TYUW,None,Tokyo,Astronaut,Green,House of Degen,Robot Grey,Lightsaber,Smile,Human Dark Skin
2090,1.68,1431,80.56,https://magiceden.io/item-details/6eFqBCfQuzqUnrBNahrDMBo5pjwc5J7f9z56Qd9HXHUu,Normal Glasses,Blue,Brown Mage,Blue,Golden Circle,Robot,Pimpcane,Neutral,Human-Tan-Skin
2101,3,335,79.34,https://magiceden.io/item-details/8zFD4cJsHJ2M6gEsqmzzjdrTKnGtGvEUZmJNQrYPNXN8,Classic Sunglasses,Pyramid,Pimp,Air,Skull & Bones,Black,Gold Skull,Slightly Smile,Human Light Skin
2103,2.99,965,72.55,https://magiceden.io/item-details/E1rZ9o5w3XAc3F8aM8v1dJJuGHnBhQgxaz3gacZDNsbJ,None,London,Black Cloak,Grey Cyborg,Golden Circle,Vertical,Pyramid,Smile,Human-Tan-Skin
2120,1.49,2971,65.62,https://magiceden.io/item-details/8dKVwtTfqCKWCsCSjQFfnNMoqdFSWXUmAB9wDScR5343,Normal Glasses,Grey,Suit,Devil,Skull & Bones,Earthquake,Compass,Normal,Human Dark Skin
2128,1.9,3434,56.46,https://magiceden.io/item-details/7zM9MjTVPY4UDcXfRaj753hAexUDEFDPGwaXd2dCtAza,None,Blue Brush,Reaper,Devil,Skull & Bones,Black,Grey Skull,Neutral,Human Light Skin
2132,2.1,1407,76.62,https://magiceden.io/item-details/CtipnMcsy9RREQJ8r3VatmaezhZwk1HfKezx5CnWymPC,Normal Glasses,Dark Green,Napoleon,Green,Golden Circle,Fatima,Radar,Neutral,Human Light Skin
2137,25,956,0,https://magiceden.io/item-details/5ak2sD9AD181RGYzP7mFyEVryixLCtnCjzq65CWrZLg6,None,Taj Mahal,MIB,Devil,House of Degen,Vertical,Owl,Wide Smile,Green Alien
2140,3,636,76.05,https://magiceden.io/item-details/88cfMKDZyCyLbdpVQFwgQ6i6MdDsaa4eFWt6iQr8RX7M,Classic Sunglasses,Blue Brush,Brown Mage,Heavy Makeup,Skull & Bones,Ra,Black Skull,Toothpick,Human Light Skin
2175,5,2383,36.95,https://magiceden.io/item-details/83ijzAH56rm7JdPuXF7mYrEQZnxTfBHE6S7kn8C6RXoK,None,Blue,Suit,Devil,Golden Circle,Ra,Robot Eye Golden,Sad,White Alien
2201,4.5,1509,51.5,https://magiceden.io/item-details/p8ymT3vMutmFgLs2hRqmekqCkY9g4ncDPkkRXoGpKAp,None,District Spaceship,Admiral,Sith,Skull & Bones,Black,Radar,Neutral,Human-Tan-Skin
2213,2.5,1712,69.28,https://magiceden.io/item-details/CUVb6VnARuKbP5gcoYLUYNp9SnYgevm1QnZUNTBpBHto,Classic Sunglasses,Beige,Academic,Brown,Skull & Bones,Robot,Robot Eye Golden,Neutral,Human Light Skin
2243,3.5,1956,56.62,https://magiceden.io/item-details/2ihuv5DxmzkT2gTAettJQvnfPQntuwYtEi5Eeo5hSup3,Pirate Patch,Rio Favela,Brown Mage,Brown,Skull & Bones,Robot,Compass,Neutral,Human Light Skin
2251,10,71,12.22,https://magiceden.io/item-details/44wZ4ZNMAPXA238JbvQHAR7GdJxY2ykTohjntJgefSqC,Surgical Mask,Grey,Suit,Blue Cyborg,Golden Circle,Robot,E Crucifix,Wide Smile,Human Dark Skin
2265,2.2,3196,56.06,https://magiceden.io/item-details/3bhTM4yYK1bbJR1cbkxTPapr8Fp46NLvTNx4JRKmYRUi,None,Red Space,Hoodie,Devil,Golden Circle,Fatima,Pyramid,Sad,Human Dark Skin
2298,2.4,1568,71.86,https://magiceden.io/item-details/2zsqzybUTwDnJyyAxeTgNFbGgmYDg4yeyViybj9eqrie,Classic Sunglasses,Red Space,MIB,Devil,Golden Circle,Fatima,Black Skull,Sad,Reptilian Alien
2301,2.45,427,83.83,https://magiceden.io/item-details/6SkMcqMjUeACUJXYYuJ3LoWNY9aJh7uULzEaNuDWRvoK,Pirate Patch,Beige,Doctor,Brown,Golden Circle,Robot,Owl,Neutral,Human-Tan-Skin
2311,1.65,2792,65.98,https://magiceden.io/item-details/5eWVaArFGzd3yHViQLCRbhvXksbudL8TxjrJn7KzMZoc,None,Tokyo,Brown Mage,Brown,Skull & Bones,Robot Grey,E Crucifix,Smile,Human-Tan-Skin
2329,1.5,3349,61.39,https://magiceden.io/item-details/EgU1ovs9bRefzJu1VUjMPHkDJJmxTzXxgUBPHsakTdMT,Normal Glasses,Rio Favela,Hoodie,Devil,Skull & Bones,Robot,Black Skull,Neutral,Human-Tan-Skin
2339,4.1,2427,45.47,https://magiceden.io/item-details/BQgwNRco7PiujH4yBcmLW7XmLCTZYH9TRGVx9dNKsg2W,None,Hell,Red Cloak,Blue,Golden Circle,Red,Crucifix,Smile,Human Light Skin
2364,2.07,613,85.6,https://magiceden.io/item-details/6YjfHgea8arg1jG9HUM1uddpvQcwtoTtSQE59kuVNZYf,Classic Sunglasses,Taj Mahal,Tuxedo,Blue,Golden Circle,Green,Compass,Sad,Human Light Skin
2380,35,1108,0,https://magiceden.io/item-details/G3dNaQt7BaGvc6vYy1U4TcKv84FqkLJAzySvDk3Y7XmT,Classic Sunglasses,Pyramid,Pirate,Demon,House of Degen,Robot Grey,Pyramid,Normal,Reptilianus
2418,2.2,770,82.58,https://magiceden.io/item-details/31iharsU8szQHLExvLnkQejjUzEhskwgfkXwaRwNHEHp,Classic Sunglasses,Grey,Pirate,Demon,Skull & Bones,Sauron,Navigator,Wide Smile,Human Light Skin
2420,4,631,66.1,https://magiceden.io/item-details/kWd3cBWidEZGzN1yEszPk6FPBptAafYZSzGMErpjaNE,Classic Sunglasses,Pyramid,Priest,Heavy Makeup,Golden Circle,Robot Grey,Pyramid,Sad,Human Light Skin
2425,1.49,2697,68.62,https://magiceden.io/item-details/GQjAop75ZtKWbsNLj6kDdFQBbKA57zLabgdKLvU4cpde,Normal Glasses,Marrakech,Black Cloak,Blue,House of Degen,Robot,Robot,Normal,Human Dark Skin
2463,1.87,2195,70.3,https://magiceden.io/item-details/FBjqdAizqoo1EJvEoTLQoBQdBuL9J72HcXN8pSQxwgsA,None,London,Napoleon,Blue,Skull & Bones,Earthquake,Robot,Neutral,Human-Tan-Skin
2473,2.5,2336,62.46,https://magiceden.io/item-details/BnRDbiuAvqKXaHq6zTN236WgcSrodzwLkCbDWG4xMbhd,Classic Sunglasses,District Spaceship,Academic,Devil,House of Degen,Robot Grey,Navigator,Normal,Reptilianus
2488,1.9,3438,56.42,https://magiceden.io/item-details/Gxfs9yw8uBEpQhzewj4vArhr2gHZACfD9vH5xyFyxp2k,None,Taj Mahal,Red Cloak,Brown,Skull & Bones,Robot,Compass,Neutral,Human-Tan-Skin
2489,4,1497,56.63,https://magiceden.io/item-details/5kwrMBosMATDqjGvGF9SK7Wv43gtWeZM4X2jQ5gRvbpH,Normal Glasses,Blue,Hoodie,Blue,House of Degen,Black,Radar,Toothpick,Human Light Skin
2507,2.1,3038,58.79,https://magiceden.io/item-details/6N8yvH422ZXq71LJy9oSvc9djjSgwy97tXcvMW5Q2zch,None,Blue Brush,Brown Mage,Devil,House of Degen,Sauron,Robot,Normal,White Alien
2508,2.98,2311,57.94,https://magiceden.io/item-details/7BqgqUzQvsrGp38k4fuaZED1Q36nihYSQrTdYP7WRPaY,Normal Glasses,Rio Favela,Suit,Green,House of Degen,Red,E Crucifix,Neutral,Human-Tan-Skin
2531,1.4869,2952,65.86,https://magiceden.io/item-details/HMdUTs1ZmvEvJSiBELHYEXHYDTycgqfVa5LE8YLamPey,None,New York,Reaper,Blue,House of Degen,Fatima,Gold Skull,Neutral,Human-Tan-Skin
2533,1.5,3550,59.19,https://magiceden.io/item-details/9excj2Q6UWrV1d6Qsr9QnYXs3Wt9yQU9JuyStYHQAYgt,None,Red Brush,Black Cloak,Brown,Golden Circle,Red,Robot,Normal,Human Dark Skin
2536,1.73,1834,75.65,https://magiceden.io/item-details/DUthCmTu6pbFVUua6RbQsBJzzNhCbXd54aA5grhp3mTF,None,District Spaceship,Hoodie,Brown,Golden Circle,Ra,Owl,Toothpick,Human Dark Skin
2549,6.66,337,42.72,https://magiceden.io/item-details/MH4B3V8DCgAJn3rRenoYKM9MJFYExnrbYmu6HggJzFc,Normal Glasses,Dark Green,Napoleon,Earth,House of Degen,Earthquake,Gold Skull,Smile,Human Light Skin
2562,1.9,1533,77.24,https://magiceden.io/item-details/Bt9N1D53rFmKyjv9GHAsLfmpyHSgg46Bp6xEWz9m968m,None,Pyramid,Solana Hoodie,Demon,Golden Circle,Red,E Crucifix,Wide Smile,White Alien
2569,1.99,2449,66.33,https://magiceden.io/item-details/Fky5g2akDyJr1rwsFgT8dmDgFadkCoKDeo9YuRApkTzy,None,Green,Doctor,Blue,Skull & Bones,Black,Black Skull,Normal,Human Dark Skin
2577,2.77,1727,66.42,https://magiceden.io/item-details/29STUZC2igCFskKotDaVbtX3Xt2tRo2VSxj5UmGqhH5C,None,Blue Brush,Solana Hoodie,Ice,Skull & Bones,Vertical,E Crucifix,Normal,White Alien
2587,2.5,3089,54.23,https://magiceden.io/item-details/5qYbFzkvXvUf2C4Nr27KrCdTkPJBCuDcNAWoX1dvzyxL,None,Dark Green,Army,Brown,House of Degen,Robot,Navigator,Neutral,Human Light Skin
2588,3.569,357,73.41,https://magiceden.io/item-details/FjPjN3pGiihmBoPC9ZJGNS1k6zGJ4q7kM4LtPPVUxgF1,Rebel Bandana,Marrakech,Academic,Crystal,Skull & Bones,Robot,Crucifix,Normal,Human Dark Skin
2634,50,8,0,https://magiceden.io/item-details/6nTzSXDXApxskmTzJLo1WhdJeumdbLsH3jdaiVH4KyB1,None,Red Dark,Black Wings,Elder,Skull & Bones,Robot Grey,Grey Skull,Wide Smile,Elder
2654,2.4,3511,50.62,https://magiceden.io/item-details/Evb3m2FqypVaVY1Yw2UhEcCC2Pqsvs7eCykWZ39nHg4G,None,Beige,Brown Mage,Blue,Skull & Bones,Red,Owl,Normal,Human Dark Skin
2655,8,1114,20.82,https://magiceden.io/item-details/3eugHZAH7NpVYDTLTWm9KSLGiQFqfsMCow5Fmgq1eGmz,None,Red Brush,Pimp,Sharingan,Golden Circle,Robot,Grey Skull,Normal,Reptilian Dino
2659,1.9,243,91.34,https://magiceden.io/item-details/uTwNSvZ7BqLvfawV2dq57F5K6YrGKVhPEcTh5CYjEEE,None,Tokyo,Red Cloak,None,House of Degen,Robot Grey,E Crucifix,None,Faceless
2670,5,2809,32.29,https://magiceden.io/item-details/C5YDTzpFkKx4dSwbaDy3rBph6zetUDX7MCQwLT2JzyvA,Classic Sunglasses,Red Brush,Black Cloak,Devil,House of Degen,Sauron,Grey Skull,Normal,Reptilianus
2676,6.969,11,43.19,https://magiceden.io/item-details/8mAfPnjbW1NS2XyPqivq5gr6dDngJnYq1qeY3YbTFu2a,Oni Mask,Dark Green,Tribal White,Brown,House of Degen,Fatima,Grey Skull,Smile,Human-Tan-Skin
2679,1.89,3607,54.67,https://magiceden.io/item-details/5WKYDexUZoDAueUkZcky2oRoxH1zHUAxNxihtZVWnEkN,None,Taj Mahal,Brown Mage,Green,Skull & Bones,Robot,Radar,Neutral,Human-Tan-Skin
2684,9,1842,2.86,https://magiceden.io/item-details/HqG9CoYi21Jarj8JP4jhXFSyScZr1ZY9j6xPM5pYb2Fm,None,Dubai,Leather Jacket,Green,House of Degen,Sauron,Radar,Neutral,Human Light Skin
2692,2.25,2657,61.45,https://magiceden.io/item-details/HVjFWprxF4uPziBKkv5pJD1gr127DA7kL1pVZW9m8P6D,None,Dark Green,Admiral,Blind,House of Degen,Red,Compass,Normal,Human Dark Skin
2695,2.39,3294,53.09,https://magiceden.io/item-details/AACc9GMfQHVGdQ6DQnCaLMQsmhicMr1osXfkzcDujMGM,None,Pyramid,Suit,Brown,Golden Circle,Robot Grey,Owl,Normal,Human Dark Skin
2699,1.8,505,89.48,https://magiceden.io/item-details/Ar4ancEg743n31yG5EZtwwEFecN5enDhwUNZEoLL5Wrt,None,Tokyo,Hoodie,Ice,Skull & Bones,Green,Robot,Wide Smile,Reptilianus
2704,2.25,3653,50.57,https://magiceden.io/item-details/GgMKjZVtrH9j9eq7Xh2AGhvXHpv5ZLxBs6RXeVWFinJB,None,District Spaceship,Black Cloak,Brown,Skull & Bones,Robot Grey,Navigator,Normal,Human Dark Skin
2731,29,81,0,https://magiceden.io/item-details/8RWjNh1nYXT3kM3y99sc62AvrMazYJFg9EVVz667peMt,Phanthom Opera Black Mask,Dubai,Admiral,Heavy Makeup,House of Degen,Black,Navigator,Neutral,Human Light Skin
2736,10,9,12.9,https://magiceden.io/item-details/DF7uGtqnsoPjXSY6XC5LMLLyWf7fCoziQCaA7KDcwfZP,Black Rebel Bandana,Marrakech,King2,Yellow,Skull & Bones,Fatima,Radar,Slightly Smile,Blue Alien
2746,1.5,3395,60.89,https://magiceden.io/item-details/5jryMgNSXY2URehsAwZ4xX3mvaxRnXvbvQErHNtHnVnP,None,New York,Red Cloak,Brown,House of Degen,Red,Grey Skull,Neutral,Human-Tan-Skin
2789,3,606,76.38,https://magiceden.io/item-details/2vQ2D6fCPFou8osSUcPvNW8bWtQVowZ2G4vw6iiMwYck,None,Tokyo,Pimp,Devil,Golden Circle,Sauron,Owl,Normal,Blue Alien
2801,2.1,2711,62.36,https://magiceden.io/item-details/ApcFWkA5A3RVoPZd1F5JpXfFz7bKZ522e4KD7PYHg19J,None,Blue Brush,Napoleon,Green,Golden Circle,Sauron,Gold Skull,Neutral,Human-Tan-Skin
2802,1.469,3430,60.81,https://magiceden.io/item-details/7s1WU1hXCKZoQpx6ZpJtktSq1kRGpWFRwtsLRHfdsPwh,None,London,Reaper,Devil,House of Degen,Robot,Black Skull,Normal,Reptilian Dino
2854,5.2,1928,39.92,https://magiceden.io/item-details/4EDnf7gJKVJ1BkwW8QF9GiA8DNFtj5UEHM1LG8YE8Aeu,None,Dubai,Sailor,Green,House of Degen,Robot,None,Normal,Human Dark Skin
2856,1.47,1680,79.93,https://magiceden.io/item-details/E2rUstHP5DShytqNMR25am4qHm1TVxaZ8ZNHxq7vxfvs,None,Hell,Doctor,Devil,House of Degen,Gender,Robot Eye Golden,Normal,Reptilian Dino
2887,4,2642,44.12,https://magiceden.io/item-details/EucxPs1aohbbXp4i2WJE85pofzyWwciHVQiUJ21orZ8Y,None,Blue,Napoleon,Devil,House of Degen,Ra,Radar,Normal,Reptilian Alien
2900,2.34,858,80.22,https://magiceden.io/item-details/BrrUV1oYqq87GfHmZBuYQ2VB4pTmiKceo9Zre5FYjJ2C,Classic Sunglasses,Dark Green,Napoleon,Green,Golden Circle,Robot Grey,Bible,Normal,Human Dark Skin
2933,3,1705,64.36,https://magiceden.io/item-details/D5oDZdFT8n25Fk4haB7eZrnF3jLHL5WwCYs9R8xN1wqm,Classic Sunglasses,Red Brush,MIB,Devil,House of Degen,Red,Radar,Sad,Elder
2936,25,1117,0,https://magiceden.io/item-details/6kbsTG1kPB6o64vkZtb2X9NDV8vYpdYSFK1e4PP5GNYz,None,Red Space,Astronaut,Yellow,Skull & Bones,Robot,Navigator,Normal,Elder
2941,2.3,2871,58.61,https://magiceden.io/item-details/E9Gc2zdfLo1hh8ayjJe7XbEJgooWrmtmYJestrEZo6JP,None,Hell,Napoleon,Devil,Skull & Bones,Ra,Navigator,Normal,Reptilian Dino
3010,1.99,1788,73.55,https://magiceden.io/item-details/A3i4KhS5zi3cS6yenNCsnSgtYYAAkNRwnFTxekyF8JmF,Classic Sunglasses,Pyramid,Red Cloak,Ice,Golden Circle,Earthquake,Radar,Neutral,Human-Tan-Skin
3037,2.5,2367,62.12,https://magiceden.io/item-details/7ErWS8wtLrrQpaajyjisT3QJ4KL1wTdghtjkn8U3hr9F,None,Beige,Suit,Heavy Makeup,Golden Circle,Red,Black Skull,Sad,Human-Tan-Skin
3039,1.5,1230,84.55,https://magiceden.io/item-details/8ac94iJXMw5ZyT5zdcuUSrKhHpzvQmcfCmNe9qaf9ieY,None,Dark Green,Napoleon,Brown,Golden Circle,Ra,Pyramid,Toothpick,Human Dark Skin
3045,666,1339,0,https://magiceden.io/item-details/7GJ8rjbQ13YyeLLXtWBpRTD24UmsCUZRA6iK4djn2up5,None,Rio Favela,Tribal White,Devil,Skull & Bones,Green,Compass,Normal,Human Dark Skin
3053,10,1274,0,https://magiceden.io/item-details/6roELa2VYBvqDXn4rxXPdMFXr9AwVGSmh44hh2kNgdUs,None,Hell,Solana Hoodie,Yellow,Golden Circle,Black,Owl,Normal,White Alien
3054,1.45,1649,80.47,https://magiceden.io/item-details/9vq5EBx796QJuw6ZBbhPGsAjm6spuzAw36StfLccNduy,Normal Glasses,Beige,Kimono,Green,House of Degen,Black,Grey Skull,Neutral,Human-Tan-Skin
3058,1.99,2172,69.36,https://magiceden.io/item-details/4Yi4kYE9RJXWggmDmimACYN6GS2Ac2HVCHSsu6y1oHAW,None,Green,King1,Devil,House of Degen,Robot Grey,Robot Eye Golden,Normal,Reptilian Alien
3111,2.65,947,76.15,https://magiceden.io/item-details/4A8VgNNSyayU85bU5yLJVqodCvSQSVSuTPiJXN6C6Mcu,Normal Glasses,Blue Brush,Tuxedo,Demon,Skull & Bones,Sauron,Robot Eye Golden,Neutral,Human-Tan-Skin
3172,4.57,1173,54.48,https://magiceden.io/item-details/qGsVmjufjDJwWh1kKvmse6p4GjK6bRQvYLdb7XxTWBw,Pirate Patch,Marrakech,Brown Mage,Blue,Skull & Bones,Red,Robot,Sad,Human Light Skin
3185,1.39,1262,85.3,https://magiceden.io/item-details/2tYbmY1o1hEAcbmrZ3Vcs2sghymsUpHyVzYeX1X2CxbY,None,Red Brush,Reaper,Heavy Makeup,House of Degen,Ra,Compass,Wide Smile,Human Dark Skin
3206,1.755,3367,58.64,https://magiceden.io/item-details/93JTbtgak3BjvKzGsY5vytnZe2Z3s2kCafkxZvfRDxoM,None,Marrakech,Brown Mage,Devil,Skull & Bones,Black,Radar,Wide Smile,Human-Tan-Skin
3238,1.89,1474,77.99,https://magiceden.io/item-details/FgZr7Vm4QwVoK9XQyTn5LC8XcXYaeUiuR8nDjfPmK6J7,Classic Sunglasses,District Spaceship,Hoodie,Air,Skull & Bones,Ra,Navigator,Neutral,Human Light Skin
3272,3,488,77.67,https://magiceden.io/item-details/rWvq8YmPSYBSLth5SpHYRDp6agd7V9VK9pWnMYHsWDv,None,Red Space,Hoodie,Blind,Skull & Bones,Robot Red,Owl,Toothpick,Human-Tan-Skin
3306,2.49,2097,65.18,https://magiceden.io/item-details/2joGDdGCVv1zXS9gvLBf931xHcoBGtQvxKTR3Kh65tps,Normal Glasses,Dark Green,Pirate,Devil,Golden Circle,Earthquake,Compass,Normal,Human Dark Skin
3316,2,3007,60.13,https://magiceden.io/item-details/7JKiawEcm1F6iuA6FvSvvYEGSdLcyPpqhKyiMhkNrF7u,None,Blue,Black Cloak,Crystal,Skull & Bones,Robot,Navigator,Normal,Reptilian Dino
3323,2.1,2523,64.42,https://magiceden.io/item-details/94gHLcM7yq6ewasVaUDz9jnwJx9p8bjLxhdstWrKPdpP,None,Red Dark,Hoodie,Demon,House of Degen,Earthquake,Navigator,Slightly Smile,Human Light Skin
3368,1.8,2532,67.32,https://magiceden.io/item-details/3TNuUEPPcYmbKVLLQekKfrqesU5xaNYRc8AVYuwjCYBU,None,Red Brush,King1,Devil,Golden Circle,Red,Navigator,Sad,Reptilianus
3389,3.5,2487,50.81,https://magiceden.io/item-details/DMbs4fmfZaW9eo6ZQaoP2qDLbBCRcyNckXFymfohsrX1,None,Blue Brush,Black Cloak,Ice,Golden Circle,Sauron,Pyramid,Normal,Reptilian Dino
3407,11.11,1526,0,https://magiceden.io/item-details/63hYq8z9VHrd1bWf9dHREdpCYr2kKpEWvvnATh7MT9uf,None,District Spaceship,Suit,Brown,Golden Circle,Spiral,Owl,Neutral,Human-Tan-Skin
3447,6,218,50.62,https://magiceden.io/item-details/25hJZnbwYPJT7xRaWt9wX8EMsw8XacepvGBFzHXUqn12,None,Beige,Solana Hoodie,None,Skull & Bones,Sauron,Crucifix,None,Faceless
3457,9.69,51,15.54,https://magiceden.io/item-details/99uynfYCdSMCexo863PZQpC16iy6MBU3c4XWDPU3LjBS,None,Beige,Tribal Green,None,Skull & Bones,Black,Crucifix,None,Faceless
3490,2.4,420,84.41,https://magiceden.io/item-details/9onNLC6ke1Un1D2hoKszT7g4iCnSBKBDQskCrLMbi4Ps,Aviator Sunglasses,New York,Tuxedo,Devil,Skull & Bones,Robot,Crucifix,Sad,Reptilianus
3503,1.79,2158,71.51,https://magiceden.io/item-details/3WVa5KEgRd5EXPuPSEVRJMTok9T9HgvAVnXxrYLtGprW,None,Blue Brush,Suit,Devil,Skull & Bones,Earthquake,Navigator,Smile,White Alien
3507,1.79,2156,71.53,https://magiceden.io/item-details/9NdNGWBtFqxUp2dQGAgdJSq2pSNQwqeXrMimvSPLq4Fu,None,Beige,Brown Mage,Devil,Skull & Bones,Earthquake,Robot,Smile,White Alien
3531,2.2,3538,52.32,https://magiceden.io/item-details/7cnCgMwatQFx4kDndmZL22obtFKbw4CD8JipeKD1PVqt,None,Tokyo,Hoodie,Green,Skull & Bones,Red,Radar,Neutral,Human-Tan-Skin
3552,2.5,185,85.98,https://magiceden.io/item-details/6fmE9t45HHpGveySpS6x9Xxa23GnKfBhMuQJQkXyXmKL,Classic Sunglasses,Rio Favela,Tribal Green,Ice,Skull & Bones,Robot,Arab Sword,Sad,Human Dark Skin
3566,12,17,0,https://magiceden.io/item-details/AHU1JQHvrG4exd6KLtG3DpJYhPMdJejACczLm19gkayn,Black Mask,London,Brown Mage,Sith,House of Degen,Golden,Owl,Neutral,Human Light Skin
3595,2.49,114,86.85,https://magiceden.io/item-details/23upcxRcrs9o8avipgGLSJVy4xxphEicjfPveoZtM1dj,Pirate Patch,Grey,MIB,Sharingan,House of Degen,Red,Bible,Normal,Reptilianus
3606,1.99,3599,53.76,https://magiceden.io/item-details/3rMpFdZy7P9WUc4NcsceTW7vY2U42641KK238bmV1h8G,None,Red Brush,Hoodie,Devil,House of Degen,Robot,Grey Skull,Normal,Reptilian Dino
3608,2.19,1932,69.98,https://magiceden.io/item-details/Bd5BJuoMc7T3oacv2J4cpWa9y9EPsuq7pPNLMMerjRzm,None,Grey,Pirate,Yellow,House of Degen,Red,Compass,Normal,Reptilian Dino
3657,7.5,591,31.54,https://magiceden.io/item-details/8nt6tRxd1fJnW4ouq2rjifASUNtXX3Sm784stWQVntAA,Classic Sunglasses,Grey,Academic,Sith,House of Degen,Gender,Crucifix,Normal,Human Dark Skin
3680,2,NaN,0,https://magiceden.io/item-details/FmpgoJ2shEVnFRU74vWVREWkNrhm3UWsEsSkVBk74vXU,,,,,,,,,
3707,1.69,NaN,0,https://magiceden.io/item-details/BUUSWDWBmkWyXvcAu27LMQrFmXMeBTKcTg7M6wqvYsVR,,,,,,,,,
3708,2,NaN,0,https://magiceden.io/item-details/HcffsQdTh5aZZd7PJ87psU3ZbABDKV8a6ceDP5bSLWxW,,,,,,,,,
3709,1.79,NaN,0,https://magiceden.io/item-details/BKvpS4EXFsLUbDGhzSWaqTGrezBQ6qEP7pzvDU2zKQsC,,,,,,,,,
3770,6,NaN,0,https://magiceden.io/item-details/HzfWGCdfH4ocMDFGqdizMfi93uEdQgER7p9E5CWpRKdU,,,,,,,,,
3846,1.89,NaN,0,https://magiceden.io/item-details/AY4bQk17px8CzCRWjxYhbRW9Q7iDsFLpBNwhzg5vhHT3,,,,,,,,,
3863,9.69,NaN,0,https://magiceden.io/item-details/3yWhh7Vo6HFS2fRKY4xuxfvPBwr6H4aHmDMeUEe1B7Ls,,,,,,,,,
3919,2,NaN,0,https://magiceden.io/item-details/2rR4xP1xiKMFNn5Y8BHcKDz5nbUBtsgpQMVWYBf71DYe,,,,,,,,,
3920,2,NaN,0,https://magiceden.io/item-details/BDwExeTNX9TzXxN9potmy7vJY77Nkin47dNQYzPU98HL,,,,,,,,,
3929,1.6,NaN,0,https://magiceden.io/item-details/BCYhGcRWKUaeBiKitJkuXTsuHP9VTNgXN4TBw38RJpSW,,,,,,,,,
3938,2,NaN,0,https://magiceden.io/item-details/FaNKYv6WUFRjn2rqv1vkhEdKnqUieaPhD9rVVbiuNCJK,,,,,,,,,
4014,2.65,NaN,0,https://magiceden.io/item-details/E3bAp8rRUqJ3jP55s2ZYMfmrySrATG56H43ofCZ1K6Pw,,,,,,,,,
4016,50,NaN,0,https://magiceden.io/item-details/BVFdqoZBwvPFJyhEsX1DWgn7ZNnjLqn2eHRTkjKp7Gf3,,,,,,,,,
4050,3,NaN,0,https://magiceden.io/item-details/FqRX4YdLRME7jRffkxq3hQA4eEY4zgkDi4v1afPC7MqE,,,,,,,,,
4056,7.5,NaN,0,https://magiceden.io/item-details/5hpvCrChqpy5AXnYQBW4P4zmbUJVxz9SZgKDioyB6M4u,,,,,,,,,
4071,1.942,NaN,0,https://magiceden.io/item-details/HtFhFfQnxYB2kSqBZdHc13Af8ondiLwinz5iQ2eSKQUe,,,,,,,,,
4097,1.6,NaN,0,https://magiceden.io/item-details/5uJiDFZJ28DoSSDufGY1CxkPHXW5Exa761igs1r4gWjo,,,,,,,,,
4121,1.99,NaN,0,https://magiceden.io/item-details/EXgLUkVQ2GrCdknBgN4JwqVkgzLhXue3vfrNULrYT65Q,,,,,,,,,
4132,2,NaN,0,https://magiceden.io/item-details/D239bZsNkvd5eNpvrBn8ixYv8ab26ACmQs9KyshpUDss,,,,,,,,,
4210,1.8,NaN,0,https://magiceden.io/item-details/2CN2NDNoCbuAXoZLvojDLZdsiBHiaGgSSWXg8go1yW9j,,,,,,,,,
4230,2.3,NaN,0,https://magiceden.io/item-details/9SxZtaDqmbaUrM1K8icXYLhYVJDqsR6eULy2oV2uhZQ1,,,,,,,,,
4239,2.069,NaN,0,https://magiceden.io/item-details/5S4Dwr1E3ABJAZBKzRLMbjpMhxiU9puHaTTSLhRxERjV,,,,,,,,,
4247,6.66,NaN,0,https://magiceden.io/item-details/Ck1hHShVQ3phGbiwYBNyewnvdKEzV9PFvWb8YEoevjvE,,,,,,,,,
