id,price,moonRank,ðŸ’Ž score (%),storeURL,Background,Breed,Clothes,Eyes,Face Decor,Full Mask,Headgear,Lower Face,Mouth,Whiskers
71,1.5,1607,70.74,https://magiceden.io/item-details/8R2qxWL6RbTTyvW9kY6xJkw5Mtd8x8hAVz2mW2NFskvu,Classroom,Spotted,Hoodie,,,Mecha Technician Head,,,Excited,
79,1.5,190,87.55,https://magiceden.io/item-details/9AWvrcJ8NhNU3SMWYsywWPTNoKpjBoBYukUXtNTAx3kL,Dystopian Ruins,Zombie,Cyborg Pioneer,Happy,Monocle,,Wires,,Happy,Two
91,5,840,44.84,https://magiceden.io/item-details/31pzgzXfQASKpd6QCdM7az2B8ZSHmzKELL86Unoht6aT,Dystopian Ruins,Siamese,T-shirt,Amazed,Monocle,,Antenna,,Happy,Two
95,1.1,222,91.17,https://magiceden.io/item-details/ErrJUtdJHDU5gmf1T9EQYN2EUXH7ZJmqXdD1JegkqVAC,Lab,Black,Bling Bling Necklace Silver,Beat up,Nerd Glasses,,Fish,Bandana,Excited,Two
98,0.7,1125,84.45,https://magiceden.io/item-details/BiYpJoS55pugmpkcUUpx4sz9B6wDWFqq7CNoEXN4sUiu,Space Station,Cool Cat,Cyborg Technician,Scar Happy,,,Robot Mouse,,Happy,Messy
113,2,2689,52.9,https://magiceden.io/item-details/FKco3obcRTVHCrfkEBtNaAYXD1dNHnkvn1Tp7Ad7Dbiv,Yellow,Black,Bling Bling Necklace Silver,One Eye Cyborg,,,,,Excited,Curly
145,1.85,95,85.17,https://magiceden.io/item-details/EwFR4nzM4Lzjc6HsBbkxG86qFz6Bnjy2zNpzhsS4Qj6,Night Blue,Robo,Astronaut Suit,,,Mecha Technician Head,Robot Mouse,,Shocked,
150,1,2548,64.57,https://magiceden.io/item-details/HGZa38uLDDrpmkTcTXPf82qD3TCSmzrKurGDfWFf1fJF,Moon,Spotted,Cyborg Technician,Swirly,,,,,Unhappy,Thick
151,1.5,2447,60.77,https://magiceden.io/item-details/4pizVqqmnN6JPTQjub5UdPfHWjdtzzRUc8R9SH3eB1ZU,Magenta,Persian,Leather Jacket,Possessed,,,Robot Mouse,,Standard,Thick
165,2.4,2606,49.89,https://magiceden.io/item-details/5TfaLpDWMXoeTupwznLDUJJMvRqimASzTNbMTFe1SXED,Classroom,Zombie,Mecha Technician,Possessed,,,,,Excited,Two
169,0.6,1441,81.71,https://magiceden.io/item-details/J2tQnKn16SaJ82gQTofDDZ4wMYgihRM19rLD9fbKVQgr,Magenta,Spotted,Bling Bling Necklace Silver,Possessed,,,,Gas Mask Premium,Excited,Curly
188,1.1,2788,60.73,https://magiceden.io/item-details/3Ab2PKudMfQbhp3kyEJSpF4oELx8u8URf2mewHBjuj7D,Mars,Spotted,Pilot Suit,Undead,,,,,Excited,One
191,0.78,2312,69.57,https://magiceden.io/item-details/DtqrN24FHcQhcMF7aguUJ5dfWsQF37uzQ6usNhjhkrj4,Space Station,Spotted,,Scar Sad,Monocle,,,,Unhappy,Curly
207,0.6,3275,59.95,https://magiceden.io/item-details/F1CuoJN6C3PUkvuvrCzT5ygJHp1gQ2onrSQ8xH7RF9nC,Cyan,Black,Mecha Pioneer,Bored,,,,,Excited,Two
209,1,2473,65.46,https://magiceden.io/item-details/CYCatMbzWSxFnddi2toQcgRHWDdWW58qzC2t9kFL3bLk,Classroom,Spotted,,Sad Crying,Eye Patch,,,,Standard,Three
224,0.83,2303,69.18,https://magiceden.io/item-details/8eKG7EH8c1SWdtrXd9XUfnAiELwxW8abMrEcfP7UGYpG,Space Station,Bengal,,,,Pop-Out Mecha,,,Standard,
227,0.67,1349,82.1,https://magiceden.io/item-details/D8apXehxb1CqSViB9au9EpBmQPnHWAPpJTNq5oso1xDH,Dystopian Ruins,Spotted,T-shirt,Bored,Tech Goggles,,Tinfoil Hat,,Excited,Two
228,0.75,1964,74,https://magiceden.io/item-details/GFMcPv3L6h7z72szmLcawYRLivGbW5qfB9fsNcBshuqV,Cyan,Thicc,Cyborg Technician,Swirly,,,,,Coughing Cat,Two
231,1,1529,76.66,https://magiceden.io/item-details/E7LrNmCS48wQswGqGAzYaitMqh61GwCggD12edx9vgnG,Magenta,Cool Cat,Bling Bling Necklace Silver,Amazed,,,,Gas Mask Premium,Shocked,Two
235,0.9,2824,62.3,https://magiceden.io/item-details/4vdi5cXh2RfS3cbPvij9SmmSfXGzyiFz2VAqo1QmYd5N,Navy,Siamese,Dalai Lama,Bored,,,,,Shocked,Three
236,1,3093,58.11,https://magiceden.io/item-details/7UNu2TwV4eoJoBZEphk1SZpmQHYv1YWG333PrmJfxwuF,Violet,Bengal,Cyberpunk Dalai Lama,Scar Sad,,,,,Standard,Two
243,0.7,790,88.43,https://magiceden.io/item-details/3c8tc78L5S2g8BboktkagmzfW6w8qPG3QDXVfQ6t2YSm,Yellow,Thicc,Hawaiian,,,Mecha Pioneer Head,,,Shocked,
248,5,1090,41.87,https://magiceden.io/item-details/3kUGwyYHYhZ4AQ5mKVVUNBg5XadXeCxjir76RsZ86Zv8,Classroom,Black,Cyborg Technician,Disgusted,Power Scouter,,,,Robotic,One
256,0.99,1564,76.35,https://magiceden.io/item-details/BeqsJ6i1HVpfJ1RZS4MXHN9AHTYQ9i4mNejRon5GP13T,Navy,Bengal,Mecha Pioneer,,,Pop-Out Mecha,,,Happy,
260,1,3288,55.8,https://magiceden.io/item-details/Fi6Qimta2yZUigFogvJR4giaubWQLDoec24X3WHQjH2Z,Night Blue,Siamese,Mecha Pioneer,Amazed,,,,,Shocked,Two
262,0.8,1233,82.17,https://magiceden.io/item-details/AX7QwJeztLTMSDJUKrzE65VYNFPcduRmcYoofDJZ8wBX,Night Blue,Bengal,Mecha Enforcer,Happy,Bandage,,Fish,,Standard,Two
271,0.9,1370,79.55,https://magiceden.io/item-details/9JC52hrj5FuuVALf2tJ5y4HNFb2kYtPgFjaHRqfz5Rbr,Space Station,Bengal,,Crying Cat,Bandage,,Fish,,Excited,Two
279,1.9,929,74.78,https://magiceden.io/item-details/73jkFCgoibwowLazmbT315Nvnnc5FSxCSmnrZ9cPGGZg,Moon,Spotted,Lab Coat,Cool Cat,,,,Bandana,Shocked,Messy
280,0.75,1404,80.65,https://magiceden.io/item-details/Co7FirrESg2kynUPYwucagAZB5UWeC2hhfarKFR4Kv94,Magenta,Black,,Love,Nerd Glasses,,,Gas Mask Standard,Standard,Messy
289,2,151,83.01,https://magiceden.io/item-details/5k8Ze76agDe6Ha3yyoPBsAjxzSeqe5bb2LWSj78zxZwd,Yellow,Bengal,Leather Jacket,Robot,Bandage,,Tinfoil Hat,Oxygen Mask,Happy,Thick
291,0.65,2571,67.8,https://magiceden.io/item-details/C2e6eHW8JgpFJVL7EXxoufLajHEv1v2JZWD81pnU8zko,Moon,Cool Cat,Pilot Suit,Bored,,,,,Excited,Thick
298,2,393,80.14,https://magiceden.io/item-details/DVWLL1NRFyFxK7EPhvrUeY1ZcgXXDbqNxmnNqf8VeS7k,Magenta,Thicc,Cyborg Pioneer,Scar Sad,Eye Patch,,Mohawk,,Unhappy,Messy
301,1.25,1118,79.04,https://magiceden.io/item-details/4QN3R25TUCPr9VCAx1kpn46aboF7upDbjdxo6NmYaGkE,Night Blue,Persian,,Swirly,Visor,,Halo,,Happy,Two
314,0.7,3108,60.93,https://magiceden.io/item-details/AQK9iSMFd61JPjUvAZriBE2FazGWpyGJ8qhms6pDckfA,Futuristic City,Bengal,,Crying Cat,,,,,Shocked,Two
351,0.7,2930,63.04,https://magiceden.io/item-details/4t3paaXWf87Ch4jXQ7icArHreThnYZp9edaUSco4WAt2,Magenta,Spotted,Pilot Suit,Disgusted,,,,,Shocked,Curly
354,1.5,1446,72.65,https://magiceden.io/item-details/9qvTJabtqEDeTGb3p2CQ4gFYPH1rP25CcfdisEw6uSp6,Space Station,Black,Cyborg Enforcer,Possessed,,,Halo,,Excited,Two
359,3,113,73.46,https://magiceden.io/item-details/6gwQCrTD3a7NUeusNibccik18DHTgWwQSGcCDGXP4LKa,Magenta with Wires,Black,Bling Bling Necklace Gold,Amazed,Tech Goggles,,Mohawk,Oxygen Mask,Excited,Messy
379,0.7,2518,67.93,https://magiceden.io/item-details/GbcJkUeBy4mJsThmQUgyNFhvgQXJNgogrD2Cfyr4Qtt,Magenta,Siamese,Pilot Suit,Amazed,,,Army Beret,,Standard,One
382,0.75,2734,64.87,https://magiceden.io/item-details/9gADmBFMa6zWzKCQt4Do3W2Y7vkPhBY82jfBwiRJLTFv,Violet,Sphynx,,Happy,Monocle with Laser,,,,Standard,Two
389,1.45,456,84.89,https://magiceden.io/item-details/2JUVpyoPn39oNwRnxJFM4NbpqPj9eLAEeURgByu3tnNv,Classroom,Thicc,Cyborg Enforcer,Robot,Nerd Glasses,,,N95 Mask,Shocked,Two
402,10,2396,0,https://magiceden.io/item-details/5G87H4Ae2zs2PVkj6S6hXZhUtsRuL6xySCp6DvPXmgKu,Lab,Bengal,Dalai Lama,Bored,Tech Goggles,,,,Standard,Thick
403,0.69,3338,58.3,https://magiceden.io/item-details/CiWgusrPAyv79xZdebigU4LBZ5Fn6fTksFkp9JvJsyAk,Dystopian Ruins,Spotted,,Disgusted,,,,,Standard,Two
413,0.99,876,84.51,https://magiceden.io/item-details/4DwhXuM2cMi7GAUzkrijKE8w8VxnHkHtsWQSymRB6V7t,Night Blue,Thicc,T-shirt,Amazed,Bandage,,,N95 Mask,Standard,Two
421,0.8,1085,83.93,https://magiceden.io/item-details/HtmCQPz8QSuFMD6vmxcFZCSV3M4fWhx5WeiPkNwY2iXN,Dystopian Ruins,Siamese,Bling Bling Necklace Silver,Tranquil,Steampunk Goggles,,,Gas Mask Standard,Standard,Two
423,1,2321,67.27,https://magiceden.io/item-details/6NH7gx3H9UMDgNEUuf9QFxjP8gSLvKkrgReaw3YSgGU7,Violet,Spotted,,Bored,,,Beanie,,Shocked,One
437,1.4,88,89.76,https://magiceden.io/item-details/7YhcKS7MXQXQ7JyLLQi8iL6ZFnFLfPyVR4j7GTgV7oX,Futuristic City,Persian,Pilot Suit,Disgusted,Cyborg Technician Head,,Mohawk,,Robotic,One
445,1,1514,76.84,https://magiceden.io/item-details/641JBJRCVSARpK9MtjFN6er4bBT8utsDtMs32JeigZ7c,Moon,Cool Cat,Leather Jacket,Robot,,,Mohawk,,Happy,Two
456,2,1197,70.6,https://magiceden.io/item-details/tHaEyySpJ3G8ZDwsdgA77WEELFYCMSMXestxTtQjk2J,Lab,Bengal,,Tranquil,Steampunk Goggles,,,Bandana,Happy,Curly
457,0.7,1192,83.66,https://magiceden.io/item-details/4TfCY5D6QBu4d4KRZbPdxJ8mkZBV7VsMuxkZkMmkBTgM,Moon,Bengal,,Amazed,,,Sandwich,Oxygen Mask,Standard,Thick
458,0.89,3173,58.26,https://magiceden.io/item-details/GKxgU6Rj6vzYHLo66Fh7JLHX4QycPcyVPbMiGU8FXUsS,Magenta with Wires,Persian,,Beat up,,,,,Standard,Curly
469,0.67,1937,75.12,https://magiceden.io/item-details/8ZbWZZkNcg5w2KVzVH2CWSfgdRFdU3Ux3XmGCmvYZcW1,Violet,Spotted,Cyborg Enforcer,Amazed,,,,Bandana,Happy,Messy
473,1.49,509,83.86,https://magiceden.io/item-details/35SwjgUDAENQFtmWxm7m3uZB9h121cquR2KoJERnqiAS,Violet,Sphynx,Astronaut Suit,Possessed,,,Halo,,Shocked,Curly
492,1,3323,55.38,https://magiceden.io/item-details/GmXR7bGFgYEW8fsFigP761PcHmAngGMMFs7SiFNFYUFH,Night Blue,Siamese,,Beat up,,,,,Unhappy,Two
493,0.77,2920,62.46,https://magiceden.io/item-details/4AndqU285LtqBHEkfyGXnZLhJBrX4BhPM6gLQkNiHJks,Mars,Siamese,,Love,,,,,Polite Cat,One
498,0.65,2662,66.72,https://magiceden.io/item-details/ByLTzWpoGZ33udWrjsBbMGdnZY1UNnKibqgTxMorUk4e,Night Blue,Persian,Dalai Lama,One Eye Cyborg,,,,,Happy,Thick
506,0.95,266,92.14,https://magiceden.io/item-details/C6nKEK4Hq5oDMBVriWKkdQQKNLryqYn9PjKT4tgZNw75,Moon,Black,Cyborg Pioneer,Sus,Steampunk Goggles,,,Bandana,Coughing Cat,Two
507,0.7,969,86.31,https://magiceden.io/item-details/DrUj9ZzCrAUdpauzuvncFZxHK8gYtNEsNsja3zWWJyEL,Magenta,Persian,Cyborg Technician,Sus,,,Robot Mouse,Gas Mask Standard,Happy,One
510,1,644,87.16,https://magiceden.io/item-details/4YkvwXvxXgnZjwrFUc3JTENfjhpa26wR1PKUL3gg8u9m,Magenta with Wires,Black,Bling Bling Necklace Silver,Undead,Steampunk Goggles,,Mohawk,,Standard,Curly
524,0.56,1105,86.09,https://magiceden.io/item-details/CGkMuQVTCV59Dpz4ixfednkn43XoZ4mRsA7xHKkFd53S,Night Blue,Black,Dalai Lama,Scar Happy,Cyborg Technician Head,,,,Unhappy,One
526,1.39,977,79.31,https://magiceden.io/item-details/GapYBD7vCVFTJdakRteemuhjraMQpstU2XAZ34mFG4yT,Cyan,Bengal,Mecha Pioneer,Bored,Power Scouter,,,Bandana,Shocked,Messy
532,0.55,3066,62.93,https://magiceden.io/item-details/HbysT1dk4P9LMAe8mJgT9rESc9CHCkAVzGy64exH7E2v,Lab,Spotted,Bling Bling Necklace Silver,Sus,,,,,Excited,Messy
539,3,329,70.9,https://magiceden.io/item-details/D8seeLQ4U17ur3sqopGtRYaT5UtAdhDTqQfiRLLfJos7,Yellow,Robo,Cyborg Enforcer,Sus,Nerd Glasses,,Tinfoil Hat,,Unhappy,Messy
551,5,916,43.93,https://magiceden.io/item-details/7R8Lq8xuEvdfiHNoAG2LFQEoT3PwSptFdmMcdLVsJE51,Navy,Siamese,T-shirt,,,Ape Mask,,,Shocked,
554,1.49,2320,62.38,https://magiceden.io/item-details/FzZv78kh8shHzYBidvKhy4q6oPxEATkU3pPVkHdERQh8,Yellow,Spotted,Bling Bling Necklace Silver,Bored,Power Scouter,,,,Shocked,Thick
560,0.55,3082,62.74,https://magiceden.io/item-details/HRs3me4zsykuK4LkstmquLWCYyCZgKnN5en96BvGf5qw,Mars,Persian,,Beat up,,,,,Standard,Three
586,3.333333333,2991,35.99,https://magiceden.io/item-details/5Vo6qwXzRLMKrXuYygDLaXMPUzrPGAmmuQSP4kiqTGud,Cyan,Siamese,Cyborg Technician,Sad Crying,,,,,Standard,Three
593,0.84,2360,68.4,https://magiceden.io/item-details/HNhJMCsj9xP5v9wYmsmScdvT1TQomzM4SvDPsbPDSZVT,Dystopian Ruins,Siamese,Bling Bling Necklace Silver,Sad Crying,Monocle with Laser,,,,Standard,Thick
605,1.25,676,84.28,https://magiceden.io/item-details/EdJxJgBg5s35cY1XLYLyW6KgZhSr26biiV98fUQY98nS,Night Blue,Cool Cat,Patient Coat,Amazed,Visor,,Tinfoil Hat,,Happy,Two
607,0.55,3055,63.06,https://magiceden.io/item-details/BWVygEjT3WDGwC2keGEkgSX1VPoE3hsV9N5XeARScS9A,Lab,Bengal,Cyborg Pioneer,Sad Crying,,,,,Excited,One
617,1,923,83.85,https://magiceden.io/item-details/2PMfK5QajLNS5vLRpNdVs8TbgBV1fzSLChaR4zQ4kCWN,Violet,Cool Cat,Cyborg Enforcer,Amazed,Tech Goggles,,,,Coughing Cat,Two
618,0.95,1162,81.52,https://magiceden.io/item-details/Cn2yQcyzEYxMqPKNQNwxe6ghsMN1eMvdNVQVoSyJ2gFn,Space Station,Black,Mecha Technician,Happy,,,Fish,Bandana,Standard,One
628,0.72,1456,80.33,https://magiceden.io/item-details/6KVREPNprpzk5zimLonru5v3SDCBiaKAf4YQRZ1CA8aL,Night Blue,Black,Pilot Suit,,,Digital Display Happy,,,Shocked,
632,3,1671,54.98,https://magiceden.io/item-details/2LKJFDPMsBkMgUoM4Ke4fcCHZHvv59FAzY1tqHukJFEH,Moon,Siamese,Mecha Pioneer,Meh,Power Scouter,,,,Standard,Thick
640,1.655,90,87.18,https://magiceden.io/item-details/WJvRu6FNeGmdysrn5HR6fcQ8VKPCWZBwwBnC1z4WNhn,Dystopian Ruins,Zombie,Mecha Pioneer,,,Mecha Technician Head,Antenna,,Shocked,
641,0.98,1432,78.01,https://magiceden.io/item-details/HFbFT1xwmgGeLe2XY8sTJAKXPQ7zeEwsT68nd54UZnCn,Night Blue,Black,Pilot Suit,Cool Cat,Eye Patch,,,,Happy,Messy
645,0.7,706,89.43,https://magiceden.io/item-details/8ZodSoj16dkmHiLHc2wgEZnHcW4bRsZmrjUuWtZ1cN5Y,Yellow,Persian,Bling Bling Necklace Gold,Meh,,,Robot Mouse,Bandana,Excited,One
661,1.5,1012,77.8,https://magiceden.io/item-details/3pHVnQVDGJm5t4zttM6XURpP8tnWnULTC5yDXEw2RGMM,Classroom,Cool Cat,Mecha Technician,Sad Crying,Power Scouter,,Mohawk,,Standard,Two
665,1,1254,79.92,https://magiceden.io/item-details/47VMCRr53vqd6z8oap4A3etaCe1pcWiWCE3wHk4WpYUt,Dystopian Ruins,Black,Mecha Enforcer,,,Pop-Out Villain,,,Standard,
670,0.6,3099,62.04,https://magiceden.io/item-details/7CVsrkajGqDWYPxxWMniPSxLLK67uqmCDo4Wtp5dhDNY,Mars,Black,Leather Jacket,Disgusted,,,,,Happy,Two
676,5,1152,41.13,https://magiceden.io/item-details/2WgdfcDVLx2x54JTdwrgcJ7rA6gejDhGr6pc3hx7h73f,Futuristic City,Siamese,Leather Jacket,Bored,Tech Goggles,,,,Robotic,Messy
680,2,57,84.12,https://magiceden.io/item-details/77nKouXDzej7SWr5oV8FBDx5s1Xkj6o2U6ew5UAaGLAW,Classroom,Persian,Mecha Enforcer,Crying Cat,VR Headset,,Army Beret,Gas Mask Standard,Unhappy,One
695,1,3077,58.3,https://magiceden.io/item-details/G9pgGQo5rVf8GrAxkn2JPLb7U1ymmwmEbQjQBSbfWYdK,Violet,Spotted,Mecha Technician,Crying Cat,,,,,Standard,Messy
700,0.75,3134,60.12,https://magiceden.io/item-details/6hnPqZmFTceUFF7bhWWZLbXiXzgtUewzRZ2fKHMYKXjQ,Lab,Persian,Leather Jacket,Sus,,,,,Excited,One
701,0.94,1783,74.25,https://magiceden.io/item-details/FEG8hyEVYPFUKrALRyM8BxTB9rgGJdJLFD5AKP2QPA7E,Violet,Spotted,,Cyborg,Tech Goggles,,,,Unhappy,Messy
704,1.5,811,80.18,https://magiceden.io/item-details/8LhrC4dUyqPzxToWMVtDmjv8B8RhGQDaumC5wQyAdPMj,Cyan,Sphynx,,Really Happy,Visor,,Robot Mouse,,Shocked,Thick
711,0.88,2743,63.46,https://magiceden.io/item-details/5P5y7uvi19WbSwJXbaroXL65zX1wwJNRzAqGiCE5KchL,Moon,Siamese,Hoodie,Possessed,,,,,Excited,Messy
723,1.25,395,87.61,https://magiceden.io/item-details/CuvQx8JupxyoysecKMZYUVXb2tGL4iNmNFreSGzZwmsN,Yellow,Siamese,Pilot Suit,Cyborg,Monocle,,Tinfoil Hat,,Unhappy,Two
729,0.88,2822,62.52,https://magiceden.io/item-details/9CepNN7kQGxFUJev4xcr6SyooKBesVcStvcPGKdvogXz,Cyan,Thicc,Cyborg Pioneer,Sad Crying,,,,,Shocked,Messy
741,0.79,1615,77.74,https://magiceden.io/item-details/6s74MH6d9ELZcdXtdPavRxWnSPmkmo6t1KLyMmdnk4pd,Navy,Persian,Leather Jacket,,,Pop-Out Mecha,,,Happy,
753,0.72,3186,59.81,https://magiceden.io/item-details/BSn8n8mH5bBnEUTkW32X1fEiVEJdGDwzNnJYdc2Zd9L2,Cyan,Siamese,Mecha Pioneer,Happy,,,,,Happy,Messy
757,4.88,133,54.42,https://magiceden.io/item-details/Co7scpsUBuvq68Nd92W4vHZCDkeR2mDKFMUyqUCtYqpu,Lab,Siamese,Mecha Enforcer,,,Mecha Enforcer Head,Sandwich,,Polite Cat,
763,0.8,2993,61.3,https://magiceden.io/item-details/63bxkWEx4zvFXLQyUqg9RUcaGsjysiJ3ofu5aaCpsphE,Violet,Black,Cyborg Pioneer,Beat up,,,,,Shocked,One
768,0.9,1508,77.91,https://magiceden.io/item-details/7G9vCogzbCo7scxY5HfrM1R2Uen1aCXeREUxHVvs386v,Space Station,Siamese,,Disgusted,Tech Goggles,,Robot Mouse,,Standard,Messy
771,4,28,64.47,https://magiceden.io/item-details/2zxFUN3mJYgtHPN8eaM9VYqx4bw2x4yUN8GkMVjnx6Vf,Cyan,Spotted,Mecha Technician,Sus,Monocle,,Mohawk,Gas Mask Premium Blue,Shocked,Three
776,5,3304,15.61,https://magiceden.io/item-details/2gBfRcWg4WESNzEwTaiSpV6cmPqCH4CNaBuf6DG6VdCU,Night Blue,Black,,Possessed,,,,,Happy,Thick
787,0.99,1238,80.21,https://magiceden.io/item-details/GdkneHbXTijvWhsyewSnS2M988Uqw2tL3DHeDQJFbzNy,Yellow,Cool Cat,,Disgusted,,,,N95 Mask,Shocked,Long
792,0.99,2950,59.91,https://magiceden.io/item-details/FXKHQNtXxLj9P9Vg1BfvogDLkaJjbg3pH87NGXZL1cZy,Cyan,Cool Cat,,Really Happy,,,,,Unhappy,One
793,1.5,1865,67.68,https://magiceden.io/item-details/6J4GU8MusHTZxE6Jnihy9HeBewUy8HJwg4CbeBdyKKqp,Night Blue,Siamese,Pilot Suit,,,Digital Display Aggressive,,,Standard,
797,3,227,72.11,https://magiceden.io/item-details/Bju8DBfUWzrxPuLMQnCFqw51UEiw377KanGcDVLdiFSr,Lab,Spotted,Pilot Suit,Scar Happy,Bandage,,Mohawk,,Excited,Three
798,1.4,216,88.24,https://magiceden.io/item-details/4izNfo8gPdM6ZDpCRoF9afVbv1C3cUxg7y3ezVMgEwaP,Dystopian Ruins,Bengal,Mecha Technician,Sus,Nerd Glasses,,Tinfoil Hat,Oxygen Mask,Happy,Thick
807,0.9,1812,74.31,https://magiceden.io/item-details/Ewv3QN4Xkn11zkVgN61CtdHgpLaDj5UsUPwKTyKDMvN6,Lab,Siamese,Dalai Lama,Scar Sad,Monocle with Laser,,,,Unhappy,Two
811,1.1,1492,76.1,https://magiceden.io/item-details/By3ViGZReKtAC36U2zfwuvpgZLMxjFRf1FVciqxMWn2B,Navy,Spotted,Mecha Enforcer,Cool Cat,,,Tinfoil Hat,,Excited,Two
819,0.49,3174,62.25,https://magiceden.io/item-details/2zxMURu353XHxQnjGvhBRzLxoykYRPi9eKcJURsCogQ1,Dystopian Ruins,Persian,,Beat up,,,,,Unhappy,One
823,50,3090,0,https://magiceden.io/item-details/EA7ppywuTswi9Dj8oX2hd7uGbuiASB6vx66N5gUTzVCz,Magenta,Siamese,Lab Coat,Swirly,,,,,Standard,Messy
832,1.0832,1095,80.98,https://magiceden.io/item-details/EKNp8GxmZdP9kQ9YEdNaXCBfQkETZqWBBjcMcTkrAYaH,Classroom,Sphynx,Cyborg Technician,,,Mecha Pioneer Head,,,Shocked,
838,0.6,1381,82.42,https://magiceden.io/item-details/6YXTqKhEEpVruS1HJ7FP9DC9dLoFreZgtQmyFtkv9cu3,Violet,Persian,Leather Jacket,Really Happy,,,Antenna,,Unhappy,One
844,0.77,2107,72.11,https://magiceden.io/item-details/24QEALzvBrb8dY1Mbs95UonAUDeQ983MdDXKP8GEhni8,Mars,Bengal,Cyborg Enforcer,Undead,,,,,Polite Cat,Curly
847,0.84,2066,71.89,https://magiceden.io/item-details/7QE4YML4U6LFhEBtSUwtkFC6woFFAtpzMG9U2KM7AFNU,Yellow,Siamese,Pilot Suit,Happy,Cyborg Pioneer Head,,,,Happy,Thick
852,1.23,2319,64.99,https://magiceden.io/item-details/BN49UuYFmvX816f5CdXRnMMx4zxPiXo4GULanf4HEpYK,Magenta,Persian,Cyborg Technician,Robot,Power Scouter,,,,Happy,Two
865,1.49,124,88.43,https://magiceden.io/item-details/G77zDBjJhgcuazZGspB2d8HKkgoM341hd3wh7Gr3wLwo,Dystopian Ruins,Spotted,,Happy,Cyborg Enforcer Head,,Wires,N95 Mask,Excited,Two
867,0.5,2537,69.71,https://magiceden.io/item-details/3Ea1fuzHnjr7dckMaBpneaXR6kkiqQt1ghb8Z3iEk31r,Navy,Black,Leather Jacket,Sad Crying,,,Sandwich,,Standard,Messy
873,1.25,1057,79.76,https://magiceden.io/item-details/4RYMFj1XP5cLbtVMkJiqoVVeBeopH4c1uKCgWKz4Q6xa,Classroom,Cool Cat,Cyborg Pioneer,,,Mecha Pioneer Head,,,Happy,
875,0.78,865,86.74,https://magiceden.io/item-details/FDo3BvJDgu4UH2NA6zpLmdAvMqiaSWcPA4Ggv8HeUVwQ,Dystopian Ruins,Persian,Mecha Pioneer,Sad Crying,Nerd Glasses,,,Gas Mask Standard,Excited,Messy
881,3.69,2127,42.67,https://magiceden.io/item-details/2iDDLDAi3G2YhN68LXjhu155UsFntozapGzR5FZDDcea,Navy,Persian,Dalai Lama,Sus,,,Fish,,Unhappy,One
886,1.1,1817,72.25,https://magiceden.io/item-details/F9JwUVS1fSN11AG3U4L9xinGrpaXT2yUjoCh5EJxDzEJ,Navy,Spotted,,Crying Cat,,,,N95 Mask,Standard,Long
906,0.54,2402,70.91,https://magiceden.io/item-details/7QvKwzDS9pFNqRi4nwmJYtRQgu8jQJY3oyxqvU1mJQsM,Magenta,Bengal,Mecha Technician,Possessed,Steampunk Goggles,,,,Shocked,One
907,0.85,915,85.45,https://magiceden.io/item-details/2D5bwgpmFF3kB6kZ3v4SWv5Mm4iRCsPiVbTTQ47ixZ6n,Violet,Spotted,Cyborg Pioneer,Crying Cat,Monocle,,Tinfoil Hat,,Shocked,Two
908,2,384,80.24,https://magiceden.io/item-details/E3L9r54gSUUBv8YyomEvopxz2Hd9vCwsRGPpFmpEjTL,Violet,Cool Cat,Bling Bling Necklace Silver,Robot,Visor,,Robot Mouse,,Unhappy,Curly
918,0.75,3109,60.42,https://magiceden.io/item-details/CvvT3gCBU1xPWiFMU3AQsLyQESmCjzWBK5jtPrymzrHn,Classroom,Persian,Mecha Pioneer,Beat up,,,,,Happy,Two
943,0.55,2011,75.44,https://magiceden.io/item-details/9TbA1pYc8rvYB5HKwkfZCjDktiPaAQFsUqToF75V7wLS,Cyan,Siamese,Lab Coat,Really Happy,,,,Bandana,Standard,Messy
961,1,2918,60.19,https://magiceden.io/item-details/5uYGuHDG3t4A7a2B9o2GEnjCN7Ea7r5CB78cxqB8w9F,Classroom,Black,,Bored,Nerd Glasses,,,,Standard,Thick
990,0.77,2929,62.36,https://magiceden.io/item-details/GFPxJL6MFNq3vkQJwTxpuKwWxj7w9jPH9RHBSutxNzkd,Navy,Cool Cat,Pilot Suit,Disgusted,,,,,Standard,Two
994,0.67,3064,61.75,https://magiceden.io/item-details/Brpf3krje3Se7jZaWN1MMB2KbDNF273gMDiHmzHe1ypE,Navy,Siamese,Pilot Suit,Crying Cat,,,,,Standard,One
1019,0.92,2921,60.95,https://magiceden.io/item-details/67yykXHB8q1UtpFBtM3V8YBCjS5zWkB1Zn3inMY6GRXb,Navy,Persian,Patient Coat,Possessed,,,,,Shocked,One
1026,1,3128,57.69,https://magiceden.io/item-details/9qpjJ66dRurr2DzhPpJNWKrPSf88JUH3T2cucH4QwLm4,Night Blue,Spotted,Pilot Suit,Happy,,,,,Excited,Curly
1028,2,889,74.25,https://magiceden.io/item-details/AcrAqCgXHCNvVH6xbqDt9Rv1rHgQGjaKWBpLwrnMxBwP,Dystopian Ruins,Siamese,Leather Jacket,Scar Sad,Monocle,,Mohawk,,Happy,Thick
1029,1,310,91.12,https://magiceden.io/item-details/52qEcRmgEb7edKnjw5Aq26KX9Ex2RM1jFd8mirNypGeq,Violet,Spotted,Dalai Lama,Cool Cat,Monocle with Laser,,,Oxygen Mask,Shocked,Thick
1041,3,2887,40.55,https://magiceden.io/item-details/7i5KraScSJqfu4cZzJZ4iXKp9HzAf2QrbaGGLoG6sDyf,Violet,Bengal,Bling Bling Necklace Gold,Evil,,,,,Happy,Curly
1050,4,1227,50.24,https://magiceden.io/item-details/4sRsoH5am48vF2uL6thrWzKcD3VWEdr7EHpaRiquALWk,Magenta with Wires,Sphynx,Bling Bling Necklace Gold,Sad Crying,,,Sandwich,,Happy,Thick
1060,1,2422,66.07,https://magiceden.io/item-details/HhrkgbjEN4GGhthf3jdsQ9Q9rGo4cL7HFPRzcG7vuQmr,Futuristic City,Siamese,,Happy,,,Sandwich,,Shocked,One
1061,1,2913,60.24,https://magiceden.io/item-details/4Qi3wLnXYCvDbtTN21NZ412LbsXFg6a3zBxNWjALq2yC,Navy,Spotted,Mecha Technician,Undead,,,,,Happy,Messy
1062,0.7,1861,75.72,https://magiceden.io/item-details/5C5GUN4AUtReTTHqt5dw7b3Y1sQkWz4TwYvhgdZRSX9h,Night Blue,Bengal,,Evil,Monocle,,Fish,,Standard,Two
1065,1.3,554,85.23,https://magiceden.io/item-details/C2qwPNKXiYEqjwotKzRB5dyZayf3qbNZz9MVtELby9UP,Magenta,Siamese,Dalai Lama,Scar Sad,,,Halo,Bandana,Standard,Curly
1069,0.8,1088,83.89,https://magiceden.io/item-details/DXtwZEFQLF6CqGcbzXAak673X2ugawmNBhfG2UBwWG3F,Magenta with Wires,Thicc,Cyborg Enforcer,Love,Monocle with Laser,,,,Standard,Two
1078,0.8,2536,66.72,https://magiceden.io/item-details/3uqWFCYUA2TYvhxbi46e39bRfCsrruPa1dpoLf5kdydL,Lab,Spotted,,Scar Happy,,,Tinfoil Hat,,Shocked,Two
1087,4.8,2094,31.96,https://magiceden.io/item-details/2RzbMpDAMQnpQLhTa6fyqvmZZ3hnmrebDU5PRBbvS1ij,Navy,Siamese,Mecha Enforcer,Sus,,,,,Robotic,Three
1098,0.95,1139,81.79,https://magiceden.io/item-details/gHyGSV24Gy3gUqBdNTixbvcNHgnEudM6GyAgi4g5tKJ,Mecha Cockpit,Persian,Leather Jacket,Scar Sad,,,Army Beret,,Shocked,Messy
1114,11.39,87,0,https://magiceden.io/item-details/EwE4HGmgvGe3fNvNNwhPbUVM9ypFZtr6BFH2NgHwd9cS,Night Blue,Sphynx,Hawaiian,Disgusted,Nerd Glasses,,Mohawk,,Standard,Electrified
1133,0.7,3234,59.44,https://magiceden.io/item-details/2cpjQcvPmvGVHHTDEgTK5FoyHxzKhopWoQ25haSzvpWe,Mars,Spotted,Bling Bling Necklace Silver,Bored,,,,,Excited,Two
1143,0.87,1621,76.87,https://magiceden.io/item-details/DttnS7JZzwaJVtFGxJG6kkjtMN9vatqi2LxFRvh3rB8R,Magenta with Wires,Persian,Cyberpunk Dalai Lama,Cyborg,,,,,Excited,Messy
1153,0.899,3252,57.23,https://magiceden.io/item-details/6MyhTgwMEG45vdqmQ2X4jMo7rVTDj9nRErg7UzyizZf8,Navy,Cool Cat,,Scar Sad,,,,,Shocked,Two
1157,0.6,1784,77.64,https://magiceden.io/item-details/BfaeDCrNJ58NJfnBSTaR1evJpTf4wuF3R7UjCgk1wT9u,Navy,Siamese,T-shirt,,,Mecha Pioneer Head,,,Shocked,
1165,70,1106,0,https://magiceden.io/item-details/FRupGgco1Go5A56gj82MKFbw2Kinc93rUCG1H6frrMRU,Magenta with Wires,Spotted,Hawaiian,Amazed,,,Halo,,Happy,Two
1169,4.2,115,61.44,https://magiceden.io/item-details/7y23XXG7qpSodpV93CDYLXHQtLwHaFj6tFBjdeQHPRaR,Night Blue,Spotted,Leather Jacket,Cool Cat,Eye Patch,,Fish,Oxygen Mask,Standard,One
1171,7,953,23.5,https://magiceden.io/item-details/3Fc3g7QnYtGLVbSywkznXfiYq3qaLrXs6NGQ3d6qJ2rH,Lab,Zombie,Cyborg Technician,Disgusted,Monocle,,,,Standard,Thick
1174,1,1360,78.67,https://magiceden.io/item-details/AcVdS6VgoxHrhYhwi7wGnz8RT8VCzcRKn2WrQmD8Z1ZF,Mars,Siamese,Dalai Lama,,,Mecha Technician Head,,,Unhappy,
1183,1,2547,64.59,https://magiceden.io/item-details/C9SEcvraPvkySe9zqRBddbq9S7RaPQ5bUFUc2xEGXNem,Dystopian Ruins,Cool Cat,Bling Bling Necklace Gold,Tranquil,,,,,Excited,One
1184,2.1,435,78.64,https://magiceden.io/item-details/5o5QmNFpBx9iEoBPMW51cdTRT2UBBnYFQ2AGYhMGVaq9,Magenta,Siamese,T-shirt,,,Mecha Enforcer Head,Halo,,Standard,
1187,1.5,204,87.38,https://magiceden.io/item-details/Ee9zC7nj5GRNg7WDkhPbmB2JGzrwZvmQQL94azawsF2n,Magenta with Wires,Bengal,Pilot Suit,,,Pop-Out Villain,Army Beret,,Unhappy,
1188,1.269,976,80.53,https://magiceden.io/item-details/D8kBK4hzJRWZnZXzTVyqDTwEZKPg7sLo8Pk7eeePjpjq,Mecha Cockpit,Cool Cat,Cyborg Pioneer,Evil,,,,,Polite Cat,Curly
1191,3,14,74.63,https://magiceden.io/item-details/CSe5y3kj5TEUFiS689V3Br3qFRCVva6eqMtCdBgLdgt2,Dystopian Ruins,Black,Cyborg Enforcer,Undead,Eye Patch,,Robot Mouse,Gas Mask Premium Blue,Shocked,Curly
1194,0.9,2103,70.85,https://magiceden.io/item-details/EmAjjuaSQx3rpZh5yqS1njBGggWqv2f2fyHeC3pG4XFy,Violet,Black,,Really Happy,,,Mohawk,,Happy,Three
1199,2.4,1114,67.59,https://magiceden.io/item-details/4BeyKR6dB4nWHwD989h82BT2bk7N6arruSaX87PeCubg,Moon,Zombie,,Crying Cat,,,,Gas Mask Standard,Standard,Thick
1200,0.95,1144,81.73,https://magiceden.io/item-details/6seJPArnhRCSUdZHa5HsUSaQcUu2SA6QxGYk1akUxFki,Violet,Bengal,Cyborg Pioneer,Swirly,Steampunk Goggles,,Tinfoil Hat,,Excited,Two
1201,0.9,2900,61.4,https://magiceden.io/item-details/82UkVoPocswADst8e5maaAygU5bmW9Ffoxjv2rZ6G3Yq,Yellow,Spotted,T-shirt,Bored,,,,,Shocked,Three
1209,1.6,2038,64.62,https://magiceden.io/item-details/7VKF2SewKN5kqqLTtGmDwqBMB9NTwJdYHnJF7ALY6NBS,Classroom,Persian,Mecha Technician,Beat up,Monocle with Laser,,,,Standard,Messy
1215,0.8,1493,79.09,https://magiceden.io/item-details/5TBixos3wgahkrU5mLjuMeKkeVtWAPD1V2E8sTJ8yDDo,Night Blue,Persian,T-shirt,Scar Sad,,,,Gas Mask Premium Blue,Standard,Two
1221,1.249,153,90.5,https://magiceden.io/item-details/EsBeBDdkNUkeimApEM3PX8BAKVY2npUm1fGRhgAii9Tf,Mars,Thicc,Mecha Enforcer,,,Digital Display Happy,Robot Mouse,,Shocked,
1228,0.65,1588,79.46,https://magiceden.io/item-details/AvQkVpCdTYgNkSkfzetCqURJCqz4keb16atADPHgLv1K,Space Station,Persian,Pilot Suit,Sus,,,Wires,,Standard,Curly
1243,0.7,693,89.58,https://magiceden.io/item-details/2XpqFzyekqLmd35CJV4ikfuCK9FmhqH1kSvW1vPVSpPG,Futuristic City,Cool Cat,Cyberpunk Dalai Lama,Meh,,,,N95 Mask,Shocked,Two
1251,2.5,390,75.17,https://magiceden.io/item-details/9qRmLspdHzy3ATZQAbzJJNWwpjqnkQT1duFLs61DYQre,Violet,Spotted,Mecha Enforcer,Happy,Eye Patch,,Robot Mouse,,Polite Cat,Curly
1253,1,2043,70.57,https://magiceden.io/item-details/DAxrJGtgY43ziHMYvfLF87vBNW8jsbRGNXosHdmojjgy,Magenta,Cool Cat,Bling Bling Necklace Gold,Tranquil,,,,,Polite Cat,Thick
1272,0.92,1129,82.21,https://magiceden.io/item-details/7KAGd2jKrArYWtam8zYWBmCC4aBR8kLChxxzwqzMiNVL,Dystopian Ruins,Spotted,T-shirt,Tranquil,,,Tinfoil Hat,,Unhappy,Three
1292,0.8,2318,69.3,https://magiceden.io/item-details/3AS35vUACiw5BNU1KBZfNU876vckhcXuVm3SDbwLFLZT,Night Blue,Bengal,Leather Jacket,Meh,Monocle,,,,Standard,Messy
1297,0.88,1214,81.6,https://magiceden.io/item-details/DeWo4pu5fTTnpf95nxjL1Ly18jModsWjdqEYN8UfGCdK,Magenta,Black,Leather Jacket,Evil,Steampunk Goggles,,Tinfoil Hat,,Shocked,Two
1298,0.9,1034,83.53,https://magiceden.io/item-details/5VfU1PjYtCVEco31wzuCM1EmbhmNHGubA6hg4HAFL5cv,Navy,Robo,T-shirt,Scar Happy,Monocle,,,,Shocked,Thick
1319,0.65,2454,69.19,https://magiceden.io/item-details/7Wtv3qzd1sNMuEiLDqeDQ6CZ37YKj36GaMoLjA68xV78,Navy,Black,Mecha Pioneer,Sad Crying,Power Scouter,,,,Standard,One
1321,2,273,81.56,https://magiceden.io/item-details/BmeGfyqGP2bX4E9MDMLqiaaPv69enF3ByaFNTUB4ZHw,Moon,Persian,Leather Jacket,Beat up,VR Headset,,Wires,,Standard,Messy
1327,1,2436,65.9,https://magiceden.io/item-details/AyDtHXanTeCugSxU9aeLY9gF8wfeo17tbiBP3W3zf9os,Violet,Cool Cat,Bling Bling Necklace Silver,Evil,,,,,Standard,Three
1333,80,232,0,https://magiceden.io/item-details/5NQHbQERYnLZSLoiGciextMhx5Uog6MVS4NCKfmbyQrn,Classroom,Black,Cyborg Enforcer,Cyborg,Monocle with Laser,,,Gas Mask Standard,Happy,Two
1343,0.7,2582,67.17,https://magiceden.io/item-details/6n64s1YYwJHXPqcdmBwjC398totrFhokMqwjBiD7iaH7,Magenta,Bengal,Cyborg Pioneer,Bored,Eye Patch,,,,Shocked,Two
1351,2.25,55,81.65,https://magiceden.io/item-details/CoyWaDUp7zcvnCwQ7XfUrBsfrD6BLYsbsD5QfNFinSTY,Dystopian Ruins,Bengal,Cyborg Technician,Crying Cat,Bandage,,Sandwich,Gas Mask Premium,Excited,One
1357,0.96,1898,72.69,https://magiceden.io/item-details/E7ieWRDgohbvmYWeLp4aC9tp21WVGkTuPuw9Q3zT1Wii,Night Blue,Bengal,Mecha Technician,Robot,Cyborg Pioneer Head,,,,Shocked,Thick
1381,0.7,3245,59.31,https://magiceden.io/item-details/ENJZ5FFhR6vtN7igmz6inyTYBfdPRmW3t7jw3wCjPWuJ,Lab,Persian,Leather Jacket,Sad Crying,,,,,Shocked,Two
1396,2,633,77.29,https://magiceden.io/item-details/5S7UZJMPf1PswC2Jo2U3KT5TjrSMs3UFP6VkG5M4bJqD,Cyan,Persian,Mecha Pioneer,,,Digital Display Happy,Fish,,Standard,
1400,1,3262,56.1,https://magiceden.io/item-details/B9ofb1a5b4vGN6tXfxNDfXjGebo5wpt3Weo3jZ5FnPuu,Magenta,Black,Mecha Pioneer,Sad Crying,,,,,Standard,One
1412,4.92,3289,16.58,https://magiceden.io/item-details/DWawEYAcUBrv74X4FHhGMPYEobbAeUrwJ62NWzzhQeUZ,Mars,Spotted,,Meh,,,,,Standard,One
1439,1.49,177,87.8,https://magiceden.io/item-details/CR5QKC2oR9emrXhZEqQgLDv3TPhy9dxNjQ4Ath3WSkBt,Night Blue,Persian,Hawaiian,Amazed,,,Army Beret,Gas Mask Premium Blue,Happy,One
1441,2,338,80.79,https://magiceden.io/item-details/JC8KYLSmkKcn9MjG5cxWzKA5nMQenXb1cCe8xsjuoEJg,Magenta with Wires,Black,Hoodie,Love,Monocle with Laser,,,Gas Mask Standard,Excited,One
1445,5,98,53.64,https://magiceden.io/item-details/9Mc1mwyhkgywGy6juMLH3JmVbzQbMxwtnr5HMHSwtxTw,Cyan,Spotted,T-shirt,Sus,Eye Patch,,Beanie,Oxygen Mask,Standard,Messy
1453,0.75,880,86.86,https://magiceden.io/item-details/6M3rMVuVX8LRbLctiy7waSewJZozrB2VueCqkFUEWfsF,Violet,Spotted,Cyborg Pioneer,Happy,Power Scouter,,,Bandana,Happy,Curly
1458,2.69,682,69.81,https://magiceden.io/item-details/8AvU4v2nQanhJYWLAFEvjDBcEaJJwbZK4bZf6FHrbsAT,Violet,Persian,Pilot Suit,Scar Sad,Cyborg Technician Head,,Mohawk,,Standard,Messy
1459,0.88,378,91.52,https://magiceden.io/item-details/9hWMootMKY3eDk4rbCQZ8sD9qBo39BjPykThGR24F18i,Magenta with Wires,Siamese,,Meh,Power Scouter,,Mohawk,N95 Mask,Standard,Two
1460,1.49,173,87.85,https://magiceden.io/item-details/4CsDj2wyAoB7jVWcLdtoop2ABRWkvzYj6DNccPH3knP8,Cyan,Black,Lab Coat,Robot,Bandage,,Sandwich,Oxygen Mask,Happy,Two
1462,1.5,2040,65.6,https://magiceden.io/item-details/24LFGK3cEZ6d4BYpAHFCt2i7ELSJMqfaZoxJgbDgxkVS,Cyan,Siamese,Bling Bling Necklace Silver,,,Mecha Technician Head,,,Standard,
1484,0.95,2781,62.31,https://magiceden.io/item-details/2yvxUW9BYZJa4LxFDeDoq7ZigBqCxCZWbuojUnS1Y1aX,Violet,Thicc,Patient Coat,Possessed,,,,,Shocked,Two
1501,2.49,1471,62.45,https://magiceden.io/item-details/FR8kNAZYBPrKg1XdcQdfmcJQFirioLSQimPnFegZvm7K,Space Station,Spotted,Patient Coat,Swirly,Steampunk Goggles,,,,Unhappy,Curly
1505,5.5,1860,27.74,https://magiceden.io/item-details/54EVKLzK3Uy4vUcgieUEfUDQ38hyRtiExdkntpSjKuxP,Magenta,Cool Cat,Leather Jacket,Sad Crying,Visor,,,,Happy,Thick
1517,1.5,2638,58.51,https://magiceden.io/item-details/6eaxcjWKF2heYwMpKfxbJp8sfZgEGs8jKQUG17dYdeuh,Cyan,Black,Hoodie,Sad Crying,Tech Goggles,,,,Shocked,Two
1520,1,2282,67.73,https://magiceden.io/item-details/4eDt7iiVk4tquFDWBMm9duK2f4hB9p7echWV7kfbTLu8,Classroom,Persian,Pilot Suit,Sad Crying,Nerd Glasses,,,,Shocked,Thick
1541,15,1,0,https://magiceden.io/item-details/JE5gTFzBA8HuDzcDPKDXgXfepPHAyMxV8nX2RtFNAY4a,Navy,Persian,Mecha Enforcer,Swirly,Steampunk Goggles,,Pirate Hat,N95 Mask,Standard,Electrified
1544,0.58,2140,73.61,https://magiceden.io/item-details/Dpjyuzoi341xZ7AzAMMfmXddKbXG29Ao74a2yNnXSXBJ,Navy,Bengal,Cyborg Pioneer,Really Happy,,,Mohawk,,Standard,Thick
1547,1.98,1153,71.32,https://magiceden.io/item-details/CLSpnG42WsV1mgEqtzM7BGS8pG1xposYknprtEbAa3Be,Dystopian Ruins,Cool Cat,Cyborg Technician,Evil,,,,Gas Mask Standard,Shocked,Thick
1560,100,2073,0,https://magiceden.io/item-details/87mcgZuJjnvnS2592GFx5UTwvsRRToi2e83YcLxqBDhn,Space Station,Siamese,Leather Jacket,Tranquil,,,,,Happy,Electrified
1563,1.2,269,89.61,https://magiceden.io/item-details/3f8DJbDosCPCYkndCKJkp2LVTuCxpsVcH4Ra3mtYLXyc,Cyan,Black,Mecha Pioneer,Sad Crying,,,Pirate Hat,Gas Mask Standard,Shocked,Two
1573,1,1765,73.86,https://magiceden.io/item-details/8yfQTgDxMsdwMKmrazu69cRjz6hEqH1aW5gaDMVT2rwU,Yellow,Spotted,Superhero Suit,Robot,Nerd Glasses,,,,Standard,Two
1574,0.9,3336,56.23,https://magiceden.io/item-details/EXbZexbA9KnFGo7D8PdK4nyqwjKnncTfuAXRavUMK9X2,Night Blue,Bengal,,Beat up,,,,,Standard,One
1584,4.5,8,59.71,https://magiceden.io/item-details/BD3zuK1JmXDZLLJXQqwJ5qXpYqVJuYLstjCHYDu5aEiG,Cyan,Thicc,Mecha Technician,Swirly,Steampunk Goggles,,Pirate Hat,Oxygen Mask,Excited,Thick
1589,1.5,942,78.63,https://magiceden.io/item-details/FaXwYUf9cRbtZCCPeZNdG8CX4s33Lew6BxHPkPTYW86X,Space Station,Sphynx,Hawaiian,Robot,,,Army Beret,,Excited,One
1606,1,2938,59.95,https://magiceden.io/item-details/9SJKh4rB3o6NPJXT1M3N8ghgntfvwpf1L1gp1i9V6pFt,Magenta with Wires,Persian,,Love,,,,,Unhappy,Curly
1616,20,2854,0,https://magiceden.io/item-details/AHp2vLvnF6G3R9NFCUo6agXRCsLF6xeoKCDiqRKsvoTK,Dystopian Ruins,Spotted,Mecha Pioneer,Crying Cat,,,,,Happy,Thick
1618,1.25,992,80.53,https://magiceden.io/item-details/FtvB8xRHbj95tHxrWUT33caHheUpwUZn9hy4z8GRembL,Cyan,Bengal,Hoodie,Tranquil,,,Astronaut,,Shocked,Two
1622,0.62,1839,76.79,https://magiceden.io/item-details/BVCopWGiaksuZrS7ePJFuZeBrnzR6A4dVXCKf1Nh3HwW,Classroom,Bengal,,Happy,Nerd Glasses,,Sandwich,,Unhappy,Two
1633,0.49,2190,73.92,https://magiceden.io/item-details/BYd6PuTpsfKxE2LLdsoDHZrzWiWh3SBjBcFoBog3VC5d,Magenta,Black,Lab Coat,Happy,Tech Goggles,,,,Unhappy,Messy
1634,2,3126,47.72,https://magiceden.io/item-details/4DrAGE6acAS6nMQAb8KbAxpv2km6BHL9WgEXbNePVNTe,Mars,Black,Cyborg Pioneer,Amazed,,,,,Standard,Messy
1635,205,2874,0,https://magiceden.io/item-details/8nGCRwpmi2AT5TFyNiNeEMZBs91CdV3zZLjnmmmRS7dV,Moon,Spotted,Pilot Suit,Happy,,,,,Happy,One
1638,0.88,1482,78.42,https://magiceden.io/item-details/ZoRwiJ1pnAvWnVqBrBd4VJaW61QxaHok6SK65NfKuL6,Magenta,Thicc,Pilot Suit,Scar Sad,Visor,,,,Shocked,One
1642,1.48,1789,68.78,https://magiceden.io/item-details/4U3xiTVdcwk3QKiePMgabm3Btkz1fTiz8jBaKNfM8feQ,Classroom,Thicc,Bling Bling Necklace Silver,Scar Sad,Nerd Glasses,,,,Standard,One
1643,3,2273,47.84,https://magiceden.io/item-details/7rbCmmQ2QfbRbdhRVXK9FHdM3SKLyTiMSmFhUzx5K1b3,Magenta with Wires,Thicc,,Sus,Power Scouter,,,,Excited,Two
1645,1.2,611,85.55,https://magiceden.io/item-details/8CJuT3YroRcEBczngWaVDW8y4AfGa6dwuGZPyEEBte6P,Violet,Siamese,Cyborg Enforcer,Robot,Cyborg Technician Head,,Mohawk,,Standard,One
1648,0.8,1760,75.92,https://magiceden.io/item-details/4zPqW46ig6QcQR1JoxevW6xFyCWCcbqig2je5tmUZiQ1,Yellow,Persian,Patient Coat,Possessed,VR Headset with LED,,,,Shocked,Messy
1656,1.55,1135,75.84,https://magiceden.io/item-details/A7vChcvVp2GD7h4z1BP5aYKTp4rUMvzC1ixtdS9DnQrM,Navy,Zombie,Bling Bling Necklace Silver,Love,,,,,Coughing Cat,Thick
1660,1,2387,66.48,https://magiceden.io/item-details/7MR5HKu4Ty3pCsvMJgwUebZ25ZKswGEbA9ginvz8Y1Up,Violet,Siamese,Mecha Technician,Scar Sad,,,,Bandana,Standard,One
1662,0.95,2770,62.44,https://magiceden.io/item-details/HAMJ8fmZmaboeW2QJXwRztfC6YHnsZqt9smC5JPGxem,Navy,Bengal,,Robot,,,Mohawk,,Standard,Curly
1677,0.9,2483,66.35,https://magiceden.io/item-details/CMxLB7ZRp5YTSY4KjKSVdHjNrweL7AMS5Nkb1gN8LGHT,Cyan,Zombie,,One Eye Cyborg,,,,,Happy,One
1686,0.52,1986,76.04,https://magiceden.io/item-details/6NRVkFwGx7nKx9ZLbouMokrdkeKFeccNiJP27pG9dGGE,Night Blue,Sphynx,Bling Bling Necklace Gold,Bored,VR Headset with LED,,,,Shocked,Two
1705,1,1277,79.65,https://magiceden.io/item-details/GJES85coKK9wxtrDMu5BvwhqxueC6cnopEwGhPtk2Kax,Classroom,Thicc,Hawaiian,Sus,Nerd Glasses,,,,Happy,Messy
1706,4.97,3063,18.77,https://magiceden.io/item-details/GWQmoqBjfXSkF6kTAi2dSnAbhsLsiZmboVDnYBegtNfq,Space Station,Siamese,Dalai Lama,Happy,,,,,Excited,Messy
1707,0.8999,1816,74.26,https://magiceden.io/item-details/DpowzHUPKotH2TaLdjimi1H8Gjk4qbqWjVbcsQUZHGCD,Magenta with Wires,Zombie,Bling Bling Necklace Gold,Beat up,,,,,Unhappy,Two
1727,1.1,3089,57.16,https://magiceden.io/item-details/Govj7vpEJLoqcqb2jVprXUvRbcGQPDToNQedUZnwHJyz,Classroom,Black,Patient Coat,Sus,,,,,Standard,Messy
1737,0.4999999,3306,60.58,https://magiceden.io/item-details/CYafVpTGKsyVeVx179Md34EZpmdJ5Ws34p4KhMPKUcTE,Magenta,Spotted,Cyborg Pioneer,Happy,,,,,Standard,Two
1745,0.9,2935,60.98,https://magiceden.io/item-details/FuTEDpr1pGJooAHgXGioDAA94We5LAmfDiw3VMXzzAVt,Cyan,Spotted,,Swirly,,,Fish,,Standard,Two
1769,1.69,1849,65.97,https://magiceden.io/item-details/5WKeeoWjPoo2XWovKK1jKGScE6v8JkChybMXQCLdh3S,Yellow,Bengal,Cyborg Technician,Scar Sad,Cyborg Pioneer Head,,,,Shocked,One
1790,2.3,65,81.03,https://magiceden.io/item-details/7PQXJLMqUoRm1sRs3XrzXSDZy7g5SfWuejDoZeDdptQf,Lab,Robo,,Possessed,Tech Goggles,,Mohawk,Gas Mask Standard,Excited,Three
1792,1.3,291,88.35,https://magiceden.io/item-details/EFfsaycRY6hMsmVK7PuJZKnhSasFrXRB6hp2qAoG7uZP,Magenta,Robo,Bling Bling Necklace Gold,Bored,Cyborg Technician Head,,Robot Mouse,,Excited,One
1793,0.7,3284,58.84,https://magiceden.io/item-details/9icD86fE93ytLqL712RsUwCgfbswshQxfCt8pB4vVrtB,Classroom,Spotted,,Possessed,,,,,Shocked,One
1811,2.75,2529,47.3,https://magiceden.io/item-details/BNi8JBvHNVt26pCcaMW6We1Zs9VF2WEiJDY9Ln8G7cms,Magenta,Robo,Lab Coat,Possessed,,,,,Shocked,Messy
1819,0.7,2880,63.64,https://magiceden.io/item-details/2hnigLAzEM5f3128wbQnXqX5cdQ8oWDhKTAmYEv55iZm,Yellow,Robo,Leather Jacket,Swirly,,,,,Standard,Two
1824,2,1743,64.12,https://magiceden.io/item-details/HppFg9r4S6sz73fLE441BCwJTzWLdoWTKymiDaw5utsK,Navy,Black,,Sus,Cyborg Technician Head,,,,Robotic,Curly
1826,0.72,2795,64.44,https://magiceden.io/item-details/6A89cMv5GTDXFGYoFJXS7ByhdKgVDXfbjc5VESZC3Z1E,Classroom,Bengal,Hawaiian,Possessed,,,,,Standard,Curly
1831,1.7,955,76.47,https://magiceden.io/item-details/HBqNMScKAfnNwM6uZEHbW6KDWrbjr6GkXKzR1nHXvWTQ,Mars,Spotted,Hoodie,Undead,,,Tinfoil Hat,,Excited,Long
1837,0.99,695,86.66,https://magiceden.io/item-details/AddSDubRsQUa8YAq36VPwr65kckYzH5foBpUEhLQLHXn,Violet,Siamese,Lab Coat,Love,VR Headset,,,Gas Mask Standard,Standard,Curly
1859,1.5,1646,70.27,https://magiceden.io/item-details/AkLbsPnBACEH45EnteXdm7dpqhtBEyJaQUkBYEmasW7P,Classroom,Cool Cat,Pilot Suit,Robot,,,Mohawk,,Standard,Messy
1874,1.25,641,84.7,https://magiceden.io/item-details/J7uaeLodsm3jSfLdBw7HsnSYry8WhBxUWn5KR3yS7wzp,Cyan,Bengal,Hawaiian,Happy,,,,Oxygen Mask,Happy,Electrified
1880,0.879,482,90.29,https://magiceden.io/item-details/DJauAP6y1BWC5PyDppS1ZU6AUT3r5ugG9unfcz5Xzjop,Violet,Persian,T-shirt,Sus,Cyborg Pioneer Head,,,Bandana,Happy,Three
1892,1.3,237,88.99,https://magiceden.io/item-details/DW2Wgi9mVbfYbqj2GuA4kd8SJbQz4qCSubbsJJd8QxCa,Space Station,Sphynx,Bling Bling Necklace Gold,,,Mecha Pioneer Head,Sandwich,,Shocked,
1899,0.54,2585,68.74,https://magiceden.io/item-details/FrQBJpKmRsg34q9xiEdXQcVuuqpXZoCQMc6YJ25sS7FY,Magenta with Wires,Spotted,,Amazed,,,,Gas Mask Standard,Excited,Two
1914,1,1463,77.45,https://magiceden.io/item-details/DAmLqGwngdnJHqeePcVjVW7BL32UcJhpvq7HWbpNQ2id,Magenta with Wires,Spotted,Pilot Suit,Cyborg,,,,,Shocked,Three
1920,0.89,2647,64.5,https://magiceden.io/item-details/ATUeYn98BiDyUNZJHaG538xWJqRYk1qXmUxBVWHs2qei,Night Blue,Siamese,,Swirly,,,,Bandana,Excited,One
1924,8.5,78,18.87,https://magiceden.io/item-details/FQnBU3pAJXiNmPLxo8cDfVqjjy7VRgLG7wrWXpuvJvia,Night Blue,Thicc,Cyborg Enforcer,,,Ape Mask,Mohawk,,Happy,
1926,0.75,1809,75.84,https://magiceden.io/item-details/3RvJJHpbJw2pxHAZN2ajPcqmgA6gx2WgTygzWFqzawpf,Magenta,Siamese,Hoodie,Meh,Steampunk Goggles,,,,Standard,Three
1929,1,2724,62.49,https://magiceden.io/item-details/DmPorJq5nPZze1pwVzk3F2Z4YJ1BHToRx2RGx4Sj1fGg,Lab,Thicc,,Sad Crying,Tech Goggles,,,,Standard,Two
1947,1.5,141,88.13,https://magiceden.io/item-details/G85ixG9tUHAQFgU8cC22d4NJ9Bmf5ZAgqRGdsNyYW4yP,Violet,Spotted,Cyborg Enforcer,Really Happy,Steampunk Goggles,,Halo,,Robotic,Messy
1954,1,1851,72.84,https://magiceden.io/item-details/4xbP5agzucTKFrdbD4pCsHR8gUSfduvKTtuUm1qTYPfQ,Violet,Siamese,Leather Jacket,Tranquil,,,,Bandana,Unhappy,Messy
1956,1.5,2355,61.86,https://magiceden.io/item-details/EF1fQwR8aD8DNovf4FsCa2sVbmEAtqBsT2xDrjCmsEoX,Classroom,Persian,,,,Mecha Technician Head,,,Happy,
1972,1,2348,66.95,https://magiceden.io/item-details/3oxiNq9cGGTyi1hKGkW4u1teB3UbgLAVS6JaRa9VVaaa,Moon,Persian,Cyborg Enforcer,Sus,,,,,Happy,Three
1989,1.5,2077,65.16,https://magiceden.io/item-details/3iGFvyxPwE2dx2vDXBJArPirZhEzmbQybE9g7t4H9Np7,Lab,Black,Bling Bling Necklace Silver,Bored,Monocle with Laser,,,,Happy,One
1995,1,1310,79.26,https://magiceden.io/item-details/C6kPtrFvNmsdvQJWa6sUKgpr71PyRMD1dc5XrSDgAP8Q,Magenta,Cool Cat,Mecha Technician,One Eye Cyborg,,,Mohawk,,Standard,Curly
2016,0.539,3355,59.61,https://magiceden.io/item-details/Ta5mfYkGHp4C5H2yuYShbrBZZdSiheUT8Qct73JErFx,Dystopian Ruins,Bengal,,Bored,,,,,Standard,Messy
2020,1,649,87.1,https://magiceden.io/item-details/HYAoope31wSaLgqNaXEDpz1HAz2PMqeioQF32w9VfQRp,Mars,Siamese,T-shirt,,,Mecha Technician Head,Mohawk,,Excited,
2026,1.96,1188,71.11,https://magiceden.io/item-details/3SriTtVRg8jA3HvSNpsrdnYXUQ3qCMyuRb7YMS6K4CGY,Mecha Cockpit,Cool Cat,Bling Bling Necklace Silver,Scar Sad,,,,,Robotic,One
2042,0.59,1705,78.67,https://magiceden.io/item-details/H8Bj33wqXNzbW6UdB6enikTRkJhETEr1WEi9aP5UKzXw,Lab,Black,Pilot Suit,Tranquil,Cyborg Pioneer Head,,,,Excited,Two
2046,0.55,3033,63.32,https://magiceden.io/item-details/BmmTFVtUQfCriaqr6Ten3zH6aJaUHDegkqw6JJWXWQrZ,Violet,Siamese,Mecha Enforcer,Happy,,,,,Happy,Curly
2054,1.2,2747,60.21,https://magiceden.io/item-details/cpXCAMWb5dMcXR4D72SUjhALiCsDrT6R64mLGn3e3TK,Cyan,Bengal,Mecha Technician,Happy,Monocle,,,,Standard,Two
2065,0.55,3026,63.4,https://magiceden.io/item-details/CvySLoiguZTvHPepfxwhXdHJcjaqkKSdxhJxYQ2rXBbM,Cyan,Spotted,,Sus,,,Fish,,Shocked,Two
2087,4.5,620,52.45,https://magiceden.io/item-details/7XJE2kzDUwUdy5JqmQeUdAXS8fm57YXES26dyF9U6Mgx,Space Station,Black,,Amazed,Eye Patch,,Astronaut,,Excited,Two
2099,1,3273,55.97,https://magiceden.io/item-details/BQMNnPS12ZeWseqxKer999cxABAjUnejs1vEAZRr2DWs,Classroom,Bengal,,Meh,,,,,Shocked,Thick
2100,1.7,2596,57.01,https://magiceden.io/item-details/4wz5qU3HJKHumxeqffpyMBWgSTp4bepH44mxVsUFgvRX,Magenta,Persian,,Tranquil,,,Army Beret,,Happy,Thick
2105,0.722,1462,80.24,https://magiceden.io/item-details/BExArVryHBTdA7TyVuprtbrw4XxgkuFcRrFBLi7TNvPY,Violet,Black,Patient Coat,,,Mecha Pioneer Head,,,Shocked,
2123,0.53,1103,86.42,https://magiceden.io/item-details/9oRJo5eubgvmeYuEA11PASbXm35StNUwBwga3wVhU44u,Futuristic City,Persian,Cyborg Technician,Amazed,Nerd Glasses,,,,Happy,Three
2125,1,2496,65.19,https://magiceden.io/item-details/3yrq6LR5L3tAPnnDFueJf8oo33H2Rd5TyQShpibgKggv,Magenta,Spotted,Dalai Lama,Robot,,,,,Shocked,Long
2131,1.7,659,79.98,https://magiceden.io/item-details/6vJAXeZGyxzn17J3dSfRPEN1fW23UCeF7nSuGKzVo9kT,Lab,Spotted,Mecha Technician,Sus,,,Astronaut,,Polite Cat,Two
2142,4.69,2794,24.76,https://magiceden.io/item-details/2cVFdMheqQencWr2acq6p5gcxLNf1JBeRKxk38j99vNR,Yellow,Cool Cat,Bling Bling Necklace Gold,Scar Happy,,,,,Standard,Two
2146,1,2654,63.32,https://magiceden.io/item-details/7Ljj5fUqJPAud1JvDAgA1Khkuw2NQMW8ycMLMhqtmphn,Mars,Persian,,Sus,Bandage,,,,Happy,Thick
2165,16.69,199,0,https://magiceden.io/item-details/7UWQ5iDekYdhGAboseRyNf2zQg2XtsWNVwZTtd4KcEZM,Violet,Thicc,Cyborg Pioneer,Swirly,Eye Patch,,Halo Yellow,,Excited,Thick
2171,1.3,1029,79.59,https://magiceden.io/item-details/3Vfk6PUEk4eZk1xaw3Q2b9ZZ6sPzA6vVLV8GQWfJhR7Z,Violet,Spotted,Cyborg Technician,Sus,,,Astronaut,,Shocked,Thick
2182,0.6,2756,66.11,https://magiceden.io/item-details/HhYx2Q1joZqvwwEmCEj9Gt1BHeXFWf1cSTZEH1q998DW,Cyan,Black,Bling Bling Necklace Gold,Disgusted,,,,,Unhappy,Curly
2207,0.8,1216,82.38,https://magiceden.io/item-details/GhKJxeW5mFscJBbfnNM6cWpM9NFmi23a4GGcx58WXJeD,Navy,Cool Cat,Cyborg Pioneer,Really Happy,Bandage,,,,Excited,Messy
2209,0.6,3287,59.81,https://magiceden.io/item-details/4TuMfkiC3nQzDZvwBnxiiDQgCCPzM9iSs24z4MpsX2y3,Yellow,Black,,Possessed,,,,,Excited,Curly
2212,0.64,3237,60,https://magiceden.io/item-details/CMiCs6gCFuiuPfZyxQ527N6Ve8Fvttei5kzPTzbGB6QP,Night Blue,Persian,Cyborg Technician,Sad Crying,,,,,Standard,Thick
2225,1.1,179,91.68,https://magiceden.io/item-details/Cp2zepXCybCMuvjgCJop23e7cDVECrPAF4DTgS2HfyCT,Dystopian Ruins,Spotted,Hawaiian,,,Digital Display Happy,Mohawk,,Unhappy,
2230,1,1827,73.13,https://magiceden.io/item-details/83fxJQrMBE6B9RmJAauDa57YuKcHvpA6JqmJXkQeTwK9,Space Station,Cool Cat,,Sus,,,,Gas Mask Standard,Standard,Three
2233,0.65,3372,58.3,https://magiceden.io/item-details/ANB1rh5yJgFRnDYTqrRWdmEShq2kYurcy3aj4wMBcACv,Magenta,Bengal,,Sus,,,,,Excited,Two
2234,1,2581,64.18,https://magiceden.io/item-details/E2U6v6RksrbDPaitiBBF1RXCraA6EyszoUmuWZ9BkjSC,Magenta,Bengal,Hoodie,Happy,Steampunk Goggles,,,,Unhappy,Two
2235,2,311,81.11,https://magiceden.io/item-details/5LfrYoSfq8NNrsjKW9YoMqgbVnrU6PgqSWoPFkkTnkqp,Navy,Thicc,T-shirt,Amazed,Nerd Glasses,,Army Beret,,Unhappy,Three
2239,1,2189,68.83,https://magiceden.io/item-details/2PomNdM4s49hbGTU2xHCQLkf6NGNM7HjevbrFuuEre5q,Yellow,Black,Leather Jacket,Possessed,VR Headset,,,,Shocked,One
2241,1,2171,69.05,https://magiceden.io/item-details/8gaiohnnGNQFC7rsrcKUGQARJ7N8645qwmYf48dsqiwm,Night Blue,Bengal,Bling Bling Necklace Silver,Evil,,,Army Beret,,Standard,Curly
2242,1.2,741,84.01,https://magiceden.io/item-details/GGDtobEEUz6teWX76SF4rDMgsawuzYz9fEfLgK1HcS7R,Dystopian Ruins,Robo,Cyborg Technician,,,Mecha Technician Head,,,Unhappy,
2244,0.83,2801,63.27,https://magiceden.io/item-details/hGJDpWvMSNeuSGQ9M2i2rUyyUB7WD8Sdoaukb9TcwnP,Violet,Siamese,Leather Jacket,Amazed,,,,,Shocked,Long
2249,1.4,549,84.29,https://magiceden.io/item-details/FHFVK6W1WnGY1pPop9zeUedvYrt9qeBp9diJjnYE5bX3,Magenta,Persian,Mecha Technician,Robot,Nerd Glasses,,,Gas Mask Premium,Shocked,One
2259,0.6,3166,61.24,https://magiceden.io/item-details/GZ88M1Htz7fLs19N8scx2HEFeMUF96zzEQygF71SzSXz,Violet,Persian,,Bored,,,,,Polite Cat,Messy
2260,1.5,964,78.36,https://magiceden.io/item-details/5pSADoFAE2jaMwxCD1wVLnd5LBe2EbE185NTddbsLAa1,Dystopian Ruins,Persian,,,,Mecha Pioneer Head,Army Beret,,Shocked,
2265,1.2,597,85.72,https://magiceden.io/item-details/2rZEE2RP6anwovBzFm2s8sqtgJEgU4JupPan3h9YFzUR,Mars,Bengal,Mecha Technician,,,Mecha Pioneer Head,Mohawk,,Happy,
2271,1,530,88.51,https://magiceden.io/item-details/HvUzTKHSTkFjbYwC9hhYpZEN27R6nvokeZtzBzgTCNg4,Classroom,Thicc,Hoodie,Scar Sad,Monocle,,Sandwich,,Standard,Messy
2272,3.5,154,67.97,https://magiceden.io/item-details/6oUi34Qn21DZhx8Xw6PCMCwAPvnWnujaAX7hoVNJXVks,Cyan,Persian,Superhero Suit,One Eye Cyborg,,,Tinfoil Hat,Bandana,Excited,Curly
2288,0.7,925,86.83,https://magiceden.io/item-details/cKhpVDu1ZFP8P2XDuGMbUsF64vCXDdo69xrG58SppLg,Yellow,Spotted,Hawaiian,Sad Crying,Steampunk Goggles,,Fish,,Standard,Thick
2293,1.5,775,80.61,https://magiceden.io/item-details/BknmwhQ57M9rXvTXb5niNtQUGnJF2yS5sxF969HXVGzM,Space Station,Persian,T-shirt,Happy,Nerd Glasses,,Tinfoil Hat,,Standard,Three
2306,0.88,3183,58.24,https://magiceden.io/item-details/67JUqzKESyeE7hH9JVLSZGKBP8V97B41UkXfNYpzYujo,Yellow,Bengal,Mecha Technician,Sus,,,,,Happy,Curly
2308,1.49,120,88.48,https://magiceden.io/item-details/2oXuNqgqMjKstF5bUjBBVubzoTHNf3ikgBKTEanLrvGE,Moon,Siamese,Leather Jacket,Cyborg,Tech Goggles,,Army Beret,,Standard,Long
2318,0.9,772,86.64,https://magiceden.io/item-details/3Z8orn68LAfXXSDyuBUiMkNLs32DNJdUXirPsb5zgmoR,Navy,Persian,Pilot Suit,Amazed,Monocle with Laser,,,Gas Mask Premium,Standard,Two
2319,1,557,88.19,https://magiceden.io/item-details/9qjz5D3ypZUPYRYPKcaHHobrns6Pwg46JeGcvAKG6xWc,Moon,Zombie,,Meh,,,Tinfoil Hat,,Coughing Cat,Two
2320,0.65,1208,83.97,https://magiceden.io/item-details/GRAQfB8drVT5K2thcR4F5JDrrbG28ZEhjZmswZjhLiAK,Space Station,Cool Cat,Mecha Technician,,,Mecha Enforcer Head,,,Standard,
2321,12.5,135,0,https://magiceden.io/item-details/3Nn5SLtkatn6pCjdZZGioEfVZw1qRCoCgM3LzcLXSf3w,Yellow,Zombie,Astronaut Suit,Sus,VR Headset,,Fish,,Excited,Thick
2328,0.99,347,90.78,https://magiceden.io/item-details/7j5td52fPgucna5DaiVTGPi5kqNbmuAuxH4m9hmookJi,Classroom,Thicc,,Really Happy,Nerd Glasses,,,Gas Mask Premium,Unhappy,Thick
2358,1.3,430,86.7,https://magiceden.io/item-details/BG7v67UfhRwGKVn1jhAcnRLaVmwLi1dCgfomhPx7mwyR,Lab,Black,,Scar Sad,Steampunk Goggles,,Robot Mouse,Gas Mask Standard,Standard,Messy
2374,2.5,1112,66.61,https://magiceden.io/item-details/HzxUW9o2zG8Cnq93u23TkuNVHcwearWs3hXFLfnaeyyE,Navy,Black,,Undead,Cyborg Technician Head,,Fish,,Happy,Two
2376,0.5,2391,71.44,https://magiceden.io/item-details/ERNWexVUWdMgeedzTuLsJE6jU1UfY4DsQd7sjZHiYDSy,Magenta,Spotted,Cyborg Pioneer,Scar Happy,,,,,Polite Cat,Thick
2378,1,1678,74.89,https://magiceden.io/item-details/8G8VEmruUD1cXbWLDnHew9e7ppfwbP3PW5XQjKiDGXoT,Cyan,Bengal,Cyberpunk Dalai Lama,Beat up,,,,Oxygen Mask,Happy,Two
2382,3.9,604,58.64,https://magiceden.io/item-details/GdT5TUDy8SPGVHEhjH6JLUCJQ13gtihK23nsmem9cesR,Dystopian Ruins,Spotted,Cyborg Enforcer,Crying Cat,Monocle with Laser,,Sandwich,,Excited,Two
2405,0.52,1612,80.48,https://magiceden.io/item-details/HSxdDPgMSBfcrEdmnJyj9csB9AkgxxhjKQEdwWs1LPjR,Night Blue,Thicc,Lab Coat,Scar Sad,Nerd Glasses,,,,Shocked,One
2406,1,802,85.29,https://magiceden.io/item-details/CMdS8DYc555Pmrrhah9oRdYTc71kgvfBJDaH6CDVwuK1,Yellow,Siamese,Mecha Technician,Swirly,,,Pirate Hat,,Happy,One
2416,0.7,547,91.31,https://magiceden.io/item-details/DY33JEfyfVLATbsiFkoQVUxuk8WtdGMD3MK2XzHwLCtB,Dystopian Ruins,Persian,Mecha Enforcer,Sad Crying,Cyborg Pioneer Head,,Mohawk,,Happy,Messy
2425,1.8,79,85.86,https://magiceden.io/item-details/78PH7SQFwgM4pvN9bqSD9nYxiDrU4AFy39BLM4tcAgad,Violet,Spotted,Cyborg Pioneer,Undead,VR Headset with LED,,Tinfoil Hat,,Coughing Cat,Three
2426,0.75,2707,65.19,https://magiceden.io/item-details/3qATK74FWixKxzE8hAzfJ99LnrBkmjr57wXo1NDpnMCZ,Mars,Bengal,,Sus,,,,Bandana,Shocked,Thick
2431,0.9,950,84.53,https://magiceden.io/item-details/2wuw7Lc7xhLiCP8yKAU6EhiDAp2Qz4LPdzvWaE42KMtk,Violet,Persian,Lab Coat,Sus,Monocle,,Army Beret,,Excited,Curly
2464,1.25,2072,67.72,https://magiceden.io/item-details/Dtm4S345GWTm2ZAfCGfnRW4yWjpFxNAAYUXQL6BeGbyc,Yellow,Persian,Mecha Technician,Possessed,Visor,,,,Shocked,Curly
2469,1.9,111,84.48,https://magiceden.io/item-details/Bj91TUuNCZ3CXCwiEjPqx8roYFLW7tYXtXXgGcYfMGvg,Futuristic City,Sphynx,Pilot Suit,,,Mecha Enforcer Head,Fish,,Excited,
2470,1.39,871,80.57,https://magiceden.io/item-details/H4ifoH44bfzPMbbvPN4vfUWRSeNyKdPKUm5ZDix2UnsW,Lab,Bengal,Pilot Suit,Bored,Steampunk Goggles,,Robot Mouse,,Unhappy,One
2471,0.99,2271,67.96,https://magiceden.io/item-details/D7Y33sngp2Zf4eaFQ1rH1ibqKFxSfBr4hbpAtf1QozVN,Cyan,Bengal,Pilot Suit,Sus,,,,Gas Mask Standard,Unhappy,Two
2486,1.25,2375,64.13,https://magiceden.io/item-details/7FPJmUkhVuY338ktESZgfS5g8N5YE46aC6JZkCA5gm5R,Night Blue,Spotted,T-shirt,Beat up,,,Army Beret,,Happy,Two
2490,1.5,771,80.65,https://magiceden.io/item-details/AA1GVcyU9e15emo9jFTrGjNQ9vh8uixzx7xdZgA9M8eq,Mecha Cockpit,Bengal,T-shirt,Sad Crying,,,Beanie,,Shocked,One
2501,7,2310,7.4,https://magiceden.io/item-details/BqfDeuanv7ncyzipa1bjseFa4QNfZsQ5sa5quJQ8yqam,Space Station,Bengal,T-shirt,Sus,VR Headset with LED,,,,Unhappy,Two
2507,3.42,294,67.11,https://magiceden.io/item-details/G8x75BqcsKTFmgGKVrsRHF1rt6HUmuVf2kDEvu6eUWr4,Lab,Spotted,Cyborg Enforcer,,,Pop-Out Mecha,Army Beret,,Shocked,
2523,0.854,1190,82.14,https://magiceden.io/item-details/HFHczyMf1mL3PMnUYMTUh5aVEuJaZSQSrBtThCnTG8oW,Violet,Siamese,Mecha Technician,Possessed,Power Scouter,,Robot Mouse,,Excited,Two
2524,1.2,1445,75.66,https://magiceden.io/item-details/8LN5GkNxibmKjvyw1cj5QcfDb3Zneb9GRk2Gf4WLEui,Night Blue,Persian,Patient Coat,,,Digital Display Aggressive,,,Shocked,
2530,1,647,87.13,https://magiceden.io/item-details/DgFbM7vq4XV3gGSXsLemZ6vSbnaE7HjjfvMoNL6kK5mh,Mars,Spotted,Patient Coat,Disgusted,Eye Patch,,Mohawk,,Standard,Thick
2551,0.89,2631,64.69,https://magiceden.io/item-details/5mWLKmVsNJihjHFw6AMATSU6tPF56WfpsZqJVimBT9bX,Dystopian Ruins,Cool Cat,Pilot Suit,Robot,,,,,Shocked,Thick
2552,3,331,70.87,https://magiceden.io/item-details/47z2unau3oRp9ndcDbvw9cKATX9SbmfVBye4QoiXaJRo,Mars,Spotted,,Undead,Tech Goggles,,,Gas Mask Premium,Polite Cat,Thick
2554,1.69,1513,69.95,https://magiceden.io/item-details/H4xDsG3ZeTAbz3EA6jfScnHBxTpsYbzpf7ugRguUvUAX,Mars,Spotted,Hawaiian,Scar Sad,VR Headset with LED,,,,Standard,Thick
2567,1.2,3023,56.94,https://magiceden.io/item-details/B4Lk533UVdZWZPJNNEusWgPek3RTQW51GJqaWPfnSQvu,Cyan,Black,Cyborg Pioneer,Bored,,,,,Unhappy,Messy
2587,2,848,74.74,https://magiceden.io/item-details/5Ydhs2R9HkUNfXPDC5XEH2LAx5cqmJ75mddTnZqesiY7,Violet,Thicc,Superhero Suit,Evil,Monocle with Laser,,,,Happy,Two
2591,1,1631,75.45,https://magiceden.io/item-details/AtnyGDKHy5ZfKNuFRK1vWkWa7xdpcXdSgSvoiHDZV72g,Magenta,Bengal,,Disgusted,Cyborg Enforcer Head,,,,Robotic,Two
2597,0.8,1128,83.42,https://magiceden.io/item-details/9pV9iJ3A3XF21e1dAuyxc6TKVcR6bNJ2mWdBseBzcrwy,Violet,Persian,Dalai Lama,Beat up,,,Tinfoil Hat,,Coughing Cat,Two
2606,1.29,2325,64.32,https://magiceden.io/item-details/78bF22Vq5d1EZDydTGaT1pDqUPDVKV9zRm7EZ9PntVoC,Classroom,Black,,Robot,,,Halo Yellow,,Shocked,Two
2613,1.25,2084,67.58,https://magiceden.io/item-details/4vY2Eb3pLPwGuEYtDJAU1kxM6LMesXFA2Eoc6dziPuUC,Yellow,Bengal,Cyborg Pioneer,Scar Sad,Cyborg Pioneer Head,,,,Shocked,Two
2618,1,2337,67.08,https://magiceden.io/item-details/EcjyrLXK2irq34T4atp1pxwUUpAdx1SzPF3vAV3BD6M8,Navy,Bengal,Bling Bling Necklace Gold,Amazed,Nerd Glasses,,,,Excited,One
2621,0.84,513,90.31,https://magiceden.io/item-details/33WeqYE64keJiK4kvoeSNvZkPz33vUziygnXrJjzyqxv,Dystopian Ruins,Cool Cat,Pilot Suit,Undead,,,,Gas Mask Standard,Robotic,Messy
2622,1,2398,66.35,https://magiceden.io/item-details/8AZaAnfuoorbnwhAHWALMEmFzNWqvU5oXrJn8L3Tr6Gk,Yellow,Bengal,Cyborg Technician,Happy,,,Robot Mouse,,Shocked,Messy
2646,0.989,807,85.34,https://magiceden.io/item-details/EdVzVymCzZNsCjpmFVv6wbfXyffDJPJ9LVuaTZDD1bjH,Moon,Black,Patient Coat,Crying Cat,,,Antenna,,Happy,One
2648,0.6,2998,63.24,https://magiceden.io/item-details/CquQ2xczF9skRw19nhvo69spKqbaozJuDDHroQ9838Gm,Mars,Cool Cat,,Beat up,,,,,Excited,Messy
2654,1,1038,82.49,https://magiceden.io/item-details/6fnUsvE94aMm51nAxv17DQLzr6Se3HiYp93Mi6MKn8p4,Magenta with Wires,Persian,,Scar Sad,,,Army Beret,Gas Mask Standard,Standard,One
2661,1.49,2839,56.22,https://magiceden.io/item-details/HzCjTnuKDF544nTqoveX1FLvWptibiAHN2V6gwuXHMgf,Violet,Bengal,,Robot,Steampunk Goggles,,,,Standard,Curly
2675,1.2,2789,59.72,https://magiceden.io/item-details/Ge4nKnYzbsCMbcHJQc7WVtHJnzjYJzodxZkFYEKRugSu,Mars,Robo,Hoodie,Bored,,,,,Excited,Two
2678,5.55,15,49.12,https://magiceden.io/item-details/EtYvMbXR9QoHHF9SwwV86e56QfB6aJz9ewDscAhXenhg,Yellow,Bengal,Lab Coat,Robot,Bandage,,Beanie,Gas Mask Premium,Unhappy,One
2682,1,467,89.26,https://magiceden.io/item-details/Smrp7dKjtFqMU19ioY4gh1fs34JC7mR3u2RpdaRJYyx,Space Station,Spotted,Bling Bling Necklace Silver,,,Mecha Technician Head,Mohawk,,Unhappy,
2685,1,3340,55.18,https://magiceden.io/item-details/2Ez5v75QxDhW2jWeYS8Mw6dVeQnscnBAmHb5RsCQQqSx,Magenta,Siamese,,Scar Sad,,,,,Standard,Curly
2696,1.2,3208,54.75,https://magiceden.io/item-details/CUEzv7yXyv3rhVeMdfWq2GNhe7fwTKxD7TEjuHMKcoyv,Mars,Siamese,,Undead,,,,,Shocked,Messy
2699,4,51,64.2,https://magiceden.io/item-details/7aAbHgtg7wpiikoiJ8C3FfAgN6t6YphwWThRPDPpUPNm,Navy,Spotted,Bling Bling Necklace Silver,Love,VR Headset with LED,,Army Beret,Oxygen Mask,Standard,Long
2712,1.56,1058,76.65,https://magiceden.io/item-details/5KHwiNU7fZF2AXonCMAa9ChVJWa4Enx3JiqAzU9iXziq,Yellow,Thicc,Hawaiian,Happy,VR Headset,,,,Unhappy,Messy
2720,0.5,2421,71.08,https://magiceden.io/item-details/CiBXQYZR3buHdFfPTrjGZKUHmvrb2CVi4kHtHJrdkj1P,Dystopian Ruins,Black,Mecha Pioneer,Sus,,,Sandwich,,Standard,Thick
2729,0.7799,1333,81.19,https://magiceden.io/item-details/5UaMsrQQiWx9aCLSkmrERvVHoY66mqr8jzebeLvsDN2W,Dystopian Ruins,Black,Cyborg Technician,,,Pop-Out Villain,,,Happy,
2734,1,579,87.93,https://magiceden.io/item-details/4SoHzCWPrXF6qGv141s3KZ9mfDKWuknC93U46nUtLhac,Lab,Siamese,Mecha Technician,,,Mecha Pioneer Head,Mohawk,,Happy,
2761,0.8,1213,82.41,https://magiceden.io/item-details/AwUsp9f61jNdBs1g6Kt549PphRP8htX8J6sHyQEFaUV,Mars,Bengal,Bling Bling Necklace Silver,Love,,,Fish,,Polite Cat,Curly
2765,0.8,959,85.42,https://magiceden.io/item-details/R2JU25ub691MxR3E8iJcg12mBBAntVhV77KQn96rtgc,Violet,Siamese,Cyborg Enforcer,Sad Crying,,,Sandwich,Oxygen Mask,Excited,Two
2773,0.8,2388,68.47,https://magiceden.io/item-details/69vobdFTQXaFEU58uHbQRpCmamXup7VATeuBH3HGLgbT,Dystopian Ruins,Bengal,,Possessed,Monocle with Laser,,,,Unhappy,One
2782,4.2,434,57.65,https://magiceden.io/item-details/C9qAWQrrzwDc78eQx4hKYrGYz2cC8gdTsgfPxdTJHgKq,Mars,Spotted,Mecha Enforcer,Meh,Visor,,,Bandana,Happy,One
2787,1.1,3192,55.94,https://magiceden.io/item-details/ZvHoE79S3gwAZ9s9Zf8jrweHKu3MZJwf3NSvzHX1Fev,Night Blue,Siamese,Mecha Technician,Sad Crying,,,,,Happy,Curly
2790,0.549,1654,79.69,https://magiceden.io/item-details/FQ2aCxxHSKdbHedzrwMbawiCUszQ3ENZA3ut2FqHw9JS,Navy,Persian,Dalai Lama,Scar Sad,Bandage,,,,Unhappy,One
2793,4,102,63.59,https://magiceden.io/item-details/DpDjcgeGobq53k7bF4LBGfQNushQJm6qViy35A27vPPd,Night Blue,Black,Mecha Technician,Love,Monocle with Laser,,Mohawk,N95 Mask,Unhappy,Thick
2800,1.49,180,87.76,https://magiceden.io/item-details/5B74AvoiWitSVzk2wwJw7LMk386QQ9z4ScM44TUtPijq,Lab,Persian,Dalai Lama,Happy,Nerd Glasses,,Fish,Oxygen Mask,Shocked,Thick
2810,3,41,74.31,https://magiceden.io/item-details/8miZGwKhAwXBLPXVsx1TYtcJQFC4HaESd3LrtpuDHprS,Violet,Persian,Cyborg Technician,Sad Crying,Cyborg Enforcer Head,,Wires,Gas Mask Premium,Standard,Two
2820,1.32,122,90.15,https://magiceden.io/item-details/BAP9cJ1u2a7mjxrrS2wujWQybjVgvG2DJJBjxVhXuFRY,Space Station,Cool Cat,,Scar Sad,VR Headset with LED,,,Bandana,Robotic,Long
2829,6.942,303,31.79,https://magiceden.io/item-details/HSBuhHq8wob36myncEF4nLe6jSXiFHfLTFz6hhEMbLfR,Dystopian Ruins,Sphynx,Mecha Enforcer,,,Ape Mask,,,Shocked,
2835,0.48,2569,69.53,https://magiceden.io/item-details/GByBBFVJBzj4HbqFkjwxgXYVbXUqnvEF5J2ptdmbadhi,Lab,Cool Cat,,Amazed,,,Robot Mouse,,Happy,Two
2848,2,219,82.2,https://magiceden.io/item-details/BhgjMcbjGgHc99n1MHZ7qiSdMWeFNdqncVyWM5VkyKPq,Night Blue,Robo,Mecha Enforcer,Bored,Power Scouter,,Halo Yellow,,Excited,Two
2864,0.5,2990,64.33,https://magiceden.io/item-details/937LYVx4zToxD85SRL434ZDdAaQ6qLzxV1ZVKkN23M7z,Classroom,Siamese,,Possessed,,,,,Robotic,Thick
2869,0.5,3196,61.89,https://magiceden.io/item-details/3fBotrCNEn27Bg5EywyHcCZAXbWLT2X25cKEepdBkab2,Night Blue,Persian,Hoodie,Possessed,,,,,Shocked,Two
2882,1,1538,76.56,https://magiceden.io/item-details/8tiYdrU1r2UGnADtZazYm8STkWw3Dmncedjmytp5U6TZ,Classroom,Persian,Bling Bling Necklace Silver,Disgusted,Bandage,,,,Unhappy,Curly
2885,100,930,0,https://magiceden.io/item-details/D4WoSXumbak5GoFiyc6GHMM5qM3wUi1N4pGo2UEbewhh,Mars,Black,Bling Bling Necklace Gold,Amazed,Monocle,,Army Beret,,Standard,Messy
2918,1,1447,77.64,https://magiceden.io/item-details/2EQb9tgFmgNnaxpUGhLeGyoWk2et3jfqW52L6U5GFDzm,Navy,Black,Bling Bling Necklace Gold,Happy,,,Tinfoil Hat,,Robotic,Curly
2949,2,36,84.37,https://magiceden.io/item-details/14eC8r9pXwuyi5ukmRm2t7tbwPBaduuPyLjKVq3DwL1t,Night Blue,Robo,Cyberpunk Dalai Lama,Evil,Tech Goggles,,Halo Yellow,,Polite Cat,Thick
2954,0.64,2508,68.65,https://magiceden.io/item-details/74SNJm4aFSSApyBvN8a3d3xP33sEkzWAPEGBXr2Aia2g,Night Blue,Siamese,Dalai Lama,Happy,Eye Patch,,,,Standard,One
2956,1,3095,58.09,https://magiceden.io/item-details/GbFr9D5HrsQTTsYxywuZwpx14mbDvTbBCyi255mAd37w,Space Station,Persian,Patient Coat,Amazed,,,,,Happy,Two
2967,0.9,743,86.99,https://magiceden.io/item-details/9N8XByoLjVedL48XfVSo87qF6vQFcgJxJAGadVPhxEEH,Magenta,Siamese,Hawaiian,Cool Cat,,,Mohawk,,Excited,Three
2972,3.5,30,69.44,https://magiceden.io/item-details/EArF1G8SNxcD4XpBpqYCLMzQu9K3WvC3mQsYAuTKBU2J,Futuristic City,Persian,Leather Jacket,Tranquil,Visor,,Halo,Bandana,Unhappy,Two
2985,1,1528,76.67,https://magiceden.io/item-details/GmjGuAe6HezP5H2Fm4wBNFcTjXJP8i5tyJLGzBTnbmVi,Violet,Black,Patient Coat,Bored,Cyborg Enforcer Head,,,,Excited,One
2988,1.2,474,87.18,https://magiceden.io/item-details/2x7fkwatF74krG78AreyTGfcnGh97usXsQc3N2kzAu73,Violet,Thicc,Pilot Suit,Swirly,Power Scouter,,,Oxygen Mask,Shocked,Two
2989,1,1904,72.21,https://magiceden.io/item-details/BjDRTYRinVNNQKhJejbC77daQv4u5rmtaFkEYPF6zWZ7,Night Blue,Persian,,Robot,Tech Goggles,,Fish,,Excited,Two
3000,1,3132,57.65,https://magiceden.io/item-details/DUCyY4fVeV9Axn351MY5yM96YmZYxBMHf6n7T7TKPYXL,Cyan,Bengal,Dalai Lama,Sus,,,,,Shocked,Messy
3024,0.89,1947,72.8,https://magiceden.io/item-details/2Jd2gn3izR4gQybBG4kBYDVLNXWLyTVGnw3LfMn1iw3e,Magenta with Wires,Black,T-shirt,Bored,Power Scouter,,,,Unhappy,Two
3027,1.29,3312,52.61,https://magiceden.io/item-details/DaWR7TshWqWPVaPq7EDUsfPJKJZSee9qcoQ2xu7F6tYq,Magenta,Black,Cyborg Pioneer,Happy,,,,,Standard,Two
3039,1.3,810,82.19,https://magiceden.io/item-details/CAoNbRCGmEBKxXPXHXEqy3UbzY7pw9fpBrUmjN1LkPPC,Cyan,Persian,Mecha Pioneer,Meh,Cyborg Pioneer Head,,Army Beret,,Shocked,Two
3043,0.65,2963,63.15,https://magiceden.io/item-details/Ek9ZsJxsbmpnysYo9NniUv9uxDbvTdNfg43QW1eQsGT2,Moon,Bengal,,Scar Happy,,,,,Excited,Curly
3049,5,64,54.04,https://magiceden.io/item-details/F4DPdvTjsdqkiuS2dAk2FWjwdsY7t9YAhr8rhs1ZnsyJ,Night Blue,Thicc,Mecha Enforcer,,,Pop-Out Mecha,Wires,,Unhappy,
3056,0.89,1590,77.04,https://magiceden.io/item-details/HYUx4h4p1wt1X3npLHqDZwN1Qg2TM98FuHjuefj5CrB7,Violet,Spotted,Cyborg Enforcer,Undead,,,Fish,,Excited,Curly
3058,0.75,2370,69.19,https://magiceden.io/item-details/6E1RZy4pAQP9WYy69srm8xdYLMUJJJ5mFvcAK2ZS9mMB,Cyan,Siamese,Cyborg Pioneer,Amazed,,,Fish,,Happy,Thick
3073,2.4,143,79.1,https://magiceden.io/item-details/6mZVrwWK875Dq62shATyhEYzeHH5J7HyiuRtv1x38B3L,Violet,Black,Dalai Lama,Meh,Eye Patch,,Fish,Bandana,Shocked,Curly
3075,0.72,2792,64.48,https://magiceden.io/item-details/JBdtEd6NNEaeR8AqhqBarPTy368DVQqQuU6mbmEEjaff,Mars,Persian,,Really Happy,,,Fish,,Standard,Two
3081,0.85,1662,76.58,https://magiceden.io/item-details/Fu91CQBHREzZL7bZ5uFwTS5bAcnMbsqYCD3iT7Jzfysp,Classroom,Spotted,Cyborg Pioneer,Beat up,Monocle with Laser,,,,Excited,Curly
3083,0.8,1837,75.01,https://magiceden.io/item-details/9Qn349Lq846e3jd89WNKX7Ds18g23FtU9X9jpWu2cyFL,Night Blue,Sphynx,Mecha Technician,Bored,Steampunk Goggles,,,,Unhappy,Thick
3095,5,83,53.82,https://magiceden.io/item-details/AxYLevZZs9isUzW3mQ52FnY3BV88kj6XxRwqrFzHQFXH,Mars,Zombie,,Possessed,Bandage,,Halo Yellow,,Robotic,Messy
3105,0.6,1656,79.16,https://magiceden.io/item-details/61GhxHwFXGx9ATD8sYaXMwrQeArU49ii7qh6GejrBQ1R,Dystopian Ruins,Sphynx,Bling Bling Necklace Silver,Amazed,,,Robot Mouse,,Shocked,Curly
3107,0.85,1017,84.24,https://magiceden.io/item-details/DBqZ62qPn9DHpFB6UfCPhR5dRo4LroVWVwm8cETRwiYE,Yellow,Sphynx,Leather Jacket,Bored,,,,N95 Mask,Happy,Long
3116,1.3,1309,76.27,https://magiceden.io/item-details/8bZML1eqC94xZEPAVtB2kpWyCyGkazLYPvAJjgDpbBj3,Magenta,Siamese,Cyborg Enforcer,,,Digital Display Happy,,,Shocked,
3120,0.92,1373,79.31,https://magiceden.io/item-details/GMP3A4NrUjgsZUAR8Kv6dvhcES4WnSB7sm5bwvTAWTkY,Classroom,Sphynx,Mecha Enforcer,Robot,Nerd Glasses,,,,Standard,Curly
3130,0.8,2316,69.33,https://magiceden.io/item-details/FTCtMUtqJUjaE5vLPGnG7V9SUmssNvcG5DFpMWDpqDty,Yellow,Black,,Bored,,,,N95 Mask,Happy,Three
3142,0.7,1669,78,https://magiceden.io/item-details/2KAAM55g2mMHJpq9AA35LqzTdi5xX3MKhHgGDbt6QptP,Mars,Spotted,Mecha Technician,,,Mecha Enforcer Head,,,Standard,
3144,0.84,1579,77.67,https://magiceden.io/item-details/BrDJenrcMbQPF9oYg1DrfTCCkNkmfJw3BrmHKK44JVBD,Moon,Bengal,Mecha Technician,Really Happy,,,,Bandana,Standard,Curly
3161,1,879,84.37,https://magiceden.io/item-details/BevaiZTeigdcMdzQPWdH5EznJq1kYFU3QVW2VZyJpnqD,Classroom,Persian,Lab Coat,Evil,Steampunk Goggles,,Fish,,Standard,Curly
3163,1.23,1507,74.62,https://magiceden.io/item-details/J1L4DHhxEEpRfb4CTbVUShE2j9wGiECoPCv4Z4ntoJSZ,Lab,Thicc,,Amazed,,,Fish,,Excited,Long
3165,1,614,87.52,https://magiceden.io/item-details/Hb2dxuxe8sFCodc3excMTVsNqj33N5SRxputpGnp56zT,Space Station,Siamese,Bling Bling Necklace Silver,,,Mecha Technician Head,Robot Mouse,,Shocked,
3168,0.69,2857,64.01,https://magiceden.io/item-details/2UjDAiybAxuBMi6FC7eVJjZuvfKLhUQuuiTFt57emfhh,Night Blue,Spotted,,Cool Cat,,,,,Robotic,Two
3189,4,26,64.49,https://magiceden.io/item-details/4GYDM3HFnKgzovz7oVkhjVssQgTFgbeDnuiy2JCmvC3w,Mars,Siamese,Hawaiian,Cool Cat,VR Headset with LED,,Fish,Oxygen Mask,Happy,Thick
3202,1.25,853,82.18,https://magiceden.io/item-details/47kVrdw99x24UgGi3gHxssDqQxR6Uqb7866Xa5UpoppG,Cyan,Persian,,One Eye Cyborg,,,Halo Yellow,,Shocked,Long
3203,0.55,2121,74.14,https://magiceden.io/item-details/D6Ty9MuQ8znAu9NJn8VFraVi7rPynNmbSE2p2nYV5Ctc,Dystopian Ruins,Spotted,,,,Mecha Enforcer Head,,,Excited,
3221,1,971,83.28,https://magiceden.io/item-details/FDUF7BfQWV7f5yV9Jk8rcVrk2S7bpXSfzUT3tkwejbe9,Futuristic City,Thicc,Cyborg Enforcer,Swirly,Visor,,,,Standard,Two
3226,0.54,3157,61.95,https://magiceden.io/item-details/95H6UDyDzUaoWXyT4uFyUGncAkpEqHKQDoDUkX3AiaUq,Cyan,Spotted,Mecha Pioneer,Bored,,,,,Excited,Messy
3242,4.2,284,59.43,https://magiceden.io/item-details/Bzm18DSCRM183bPfDLsA4fCgzjW8xCUeAouF54HRGQae,Futuristic City,Siamese,Leather Jacket,,,Pop-Out Mecha,Mohawk,,Excited,
3247,0.65,3242,59.84,https://magiceden.io/item-details/HeTzM4VePA4nQMoPedxrfYzs9we6QKu1U2PF3ohgoQmL,Violet,Persian,Mecha Pioneer,Swirly,,,,,Standard,Two
3256,0.97,2029,71.03,https://magiceden.io/item-details/3ToxRuJP6ydRhSNSRT6gJUzmzj424yYRYomt46modHQo,Yellow,Black,Mecha Technician,Swirly,,,Tinfoil Hat,,Happy,Curly
3259,6,31,44.43,https://magiceden.io/item-details/23172bjKaEaymCg8EzUhDCku1gAM8Y4xRrDxBRdjWP2F,Magenta with Wires,Sphynx,T-shirt,Love,Tech Goggles,,Tinfoil Hat,N95 Mask,Unhappy,One
3263,5,3167,17.23,https://magiceden.io/item-details/9KpLwESKQWEd99apAWBFNzDAveN7cKKTNTd2zrp3QM6R,Yellow,Bengal,Cyborg Technician,Amazed,,,,,Happy,One
3264,3,833,64.92,https://magiceden.io/item-details/9iNCQw6QyznQvA3FspkJajfEQEJt891QZRhu1ZSt83c,Moon,Spotted,Cyborg Enforcer,,,Pop-Out Villain,,,Shocked,
3274,2,484,79.06,https://magiceden.io/item-details/8BGP17kzoktgbr1qNxPMtK61vjpvrnZNSa91jKSYt9Ck,Violet,Cool Cat,T-shirt,Beat up,Power Scouter,,Sandwich,,Excited,Messy
3294,0.85,2566,65.86,https://magiceden.io/item-details/BwMpBcN9TGFpXN2UfAX7bCdToy75BxkWYQWJaHCRKjHH,Cyan,Robo,Bling Bling Necklace Silver,Beat up,,,,,Shocked,One
3295,4.69,1071,45.2,https://magiceden.io/item-details/4GH3ohLwwRC4YtH4UvVrkMvNGLwqvkjNeLkdhRbbhyzW,Classroom,Bengal,,,,Mecha Pioneer Head,Fish,,Shocked,
3302,1.5,1805,68.39,https://magiceden.io/item-details/7xAE1judXABQSnKoPdNaqArgYZxn9DXbvEsTB4FNfb9a,Space Station,Bengal,T-shirt,Tranquil,Eye Patch,,,,Excited,Curly
3306,4.1,1822,42.19,https://magiceden.io/item-details/3qiyhkhuxS7sCQRMTcjtbfnaVE9UD9w9sHLnXt9XPjmP,Night Blue,Black,Mecha Pioneer,Amazed,Cyborg Pioneer Head,,,,Unhappy,Messy
3313,1.5,1866,67.66,https://magiceden.io/item-details/7iRoVYb9Rt6FUMWdRvWcKUrHesQZpgVtiHRJdnQVqzDg,Yellow,Bengal,Pilot Suit,Swirly,,,,Gas Mask Standard,Shocked,One
3316,1.5,2625,58.66,https://magiceden.io/item-details/P4BC56G1nK1u2Jt5iZee96yWtux2gopQ1AyznGuWzEN,Navy,Thicc,Hoodie,Really Happy,,,,,Happy,One
3329,0.55,2612,68.32,https://magiceden.io/item-details/E5eNvmHftirYQAZ1UrjA8xGTyGivf5uj9ErfrDBrUpzn,Dystopian Ruins,Bengal,,Meh,Eye Patch,,,,Standard,Curly
3330,0.65,1116,85.06,https://magiceden.io/item-details/HXaeBGfvSBgmw8BgnVYr8GJUYrcmtC9mtKUAoBvNjTi7,Lab,Persian,,,,Mecha Technician Head,Army Beret,,Standard,
3342,5,1795,33.51,https://magiceden.io/item-details/2DPTPmKcgn5PuLCQD6i9WuCwZxqPCFTfHkJMTfzL4tEN,Cyan,Spotted,,Happy,Nerd Glasses,,Sandwich,,Excited,One
3347,1.49,1256,75,https://magiceden.io/item-details/Dojp2Fk3d56238KojVapLV1JK1EmskYKiEpLgtAnUFgG,Space Station,Siamese,Bling Bling Necklace Silver,Bored,Steampunk Goggles,,,,Coughing Cat,Messy
3368,1.48,1410,73.27,https://magiceden.io/item-details/3fPfw4tWxU453CaCtMKUqUNNjxmk5oTiUn2t6NrxDQAL,Lab,Bengal,,Love,Eye Patch,,Sandwich,,Shocked,Two
