id,price,moonRank,ðŸ’Ž score (%),storeURL,Background,Beard,Bg_Feature,Coats,Companions,Ears,Eyes,Eyes_Items,Facetats,Form,Hair,Hand_with_Items,Hats,Mouth,Neck,Nose,Random_Things,Role,Upper_Part
60,104.2,426,0,https://magiceden.io/item-details/599xbdPeFDxNnrLm8PbYecZGeNcvhruakiJsUqRL3jin,Yellow,,,,,Double_Piercing,Angry_eyes,,,Form_Redfur,Hairband_HAIR_Redfur,Redfur_Hand_Wateringcan_Farmer,Hairband_Weed,Pizza_mouth,,,Cannabis_Plant_Farmer,Farmer,Brown_Farmer
158,69.69,1914,0,https://magiceden.io/item-details/83ytWdT6TiAbA11Ec1Er3k3gJx656ifWpUtxL8NqhD78,Matrix,,,,,,Angry_eyes,Lasereyes,,Form_Base_Brownfur,Long Hair_Base_Brownfur,Base_Brownfur_Hand_Dupont_Lighter_Business,Blue beret_Long Hair,Open_mouth,,,,Businessman,Suit_blue_red_tie_Business
178,48,1130,0,https://magiceden.io/item-details/6RQg7McepRZuRUdFk67hMrXLzkgdpafPscvjURbAhVLD,Space4,,,,,Golden Earring Plain,Red_eyes,,,Form_Redfur,Hairband_HAIR_Redfur,Poker_Redfur,Hippie_hairband_Batiklila,Grinding_Mouth,Necklace,,,Businessman,Suit_blue_red_tie_Business
195,160,10,0,https://magiceden.io/item-details/5NyWb53tj4ZAqSXsCHELTyxvdZctHnPq634HCWBzFet,Glass_pastel,,,,,Hippie_hairband_green,,,,Form_Bones_Redfur,Hairband_HAIR_Redfur,Scissors_Redfur_Farmer,Green beret_Long Hair,,,,Cannabis_Plant_Farmer,Farmer,Blue Farmer
201,38,3106,0,https://alpha.art/t/GBsTDFK6qZigmBkf2RHb1gykAAC6cnCXGchjUngsJzjj,Lightpink,,,,,,Black_Eyes_Standard,,,Form_Whitefur,Long Hair_Whitefur,Whitefur_Hand_Brownie,Pothead_Standard,Mouth_Closed_J,Hippie Necklace,,Questionmark,Chimpion,Hoodie_Puffpuff_Blue
210,180.42,184,0,https://magiceden.io/item-details/6HBUbPkUWJZpAd2G7xgaHMrDwr2KYXnXMn2gpZMDc3hN,Space1,,,Trenchcoat_Green,,,Red_eyes,420_Futuristic_Glasses_Eyes,,Form_Rainbowfur,Hairband_HAIR_Rainbowfur,Scissors_Rainbowfur_Farmer,Hippie_hairband_Batiklila,Grinding_Mouth,,,,Farmer,Shirt_Green
243,32,3965,0,https://magiceden.io/item-details/JCRuCHWvaiwzNzagaMhdfds4wNo1kpdh39Lc2Bdjwip8,Sol,,,,,,Black_Eyes_Standard,,,Form_Chocbrownfur,Long Hair_Chocbrownfur,ChocBrown_Hand_Pink_Donut,,Gentle_Smile_Mouth,,,Questionmark,Chimpion,Shirt_Green
304,35.9,2029,0,https://magiceden.io/item-details/3C1WxKQdMNtDkbeMoyRcrmjwyGh4LyMGEy87fsPTBRBc,Sol_Gradient_Light,,,,,Double_Piercing,Black_Eyes_Standard,,,Form_Redfur,BackstreetBoys_Hair_Redfur,Redfur_Hand_Graffiti_Artist,,Money_Joint,,,Canvas_Abstract_Artist,Artist,Jacket_Canna_Pink
330,169.42,3314,0,https://magiceden.io/item-details/8ZUvgungq9ieQFtg8gTNeTZZBZkUZWtaYZvSyYLEMLgv,Sol_Gradient_Light,,,,,,Awake_Eyes_Green,,,Form_Whitefur,,Whitefur_Hand_Joint,Red beret_Long Hair,Laughing_mouth,Hippie Necklace,,Questionmark,Chimpion,Hawaiian Shirt
407,28.7,3057,33.81,https://magiceden.io/item-details/CEAoEyaBtJE15JNi1AYM4hAhRXNAg4MHDt1RntFaoBAB,Darkblue_Gradient,,,,,,Blue_Eyes_Standard,Tear,,Form_Base_Brownfur,RedBeanie_Base_Brownfur,Base_Brownfur_Hand_Controller_Metal,,Laughing_mouth,,,Questionmark,Chimpion,Green_Poloshirt
464,50,1584,0,https://alpha.art/t/BqNNMYmDdPACypkE3XV7KHC3rEo7xMdwyXVSrEX3EqDs,Matrix,,,,,Double_Piercing,Awake_Eyes_Black,Green_Hipster_Glasses,,Form_Whitefur,,Whitefur_Hand_Joint,Red beret_Long Hair,Mouth_Closed_J,,,Questionmark,Chimpion,Hoodie_Puffpuff_Blue
470,30,3859,13.15,https://magiceden.io/item-details/EqBqUYeHzb7FsKFfJTxuvWXACRwrx7R1t9qxJ64K3c5m,Space1,,,,,,Black_Eyes_Standard,,,Form_Base_Brownfur,,Poker_Base_Brownfur,,Gold_Teeth_Mouth,,,Questionmark,Chimpion,Hoodie_HODL_Blue
499,27.5,2883,47.47,https://magiceden.io/item-details/5iSfpYqd4W5shhBscF67xPiDDVpvzEkzZnRsc1k8kFfB,Darkblue_Gradient,,,,,,Blue_Eyes_Standard,,Sol_face_tat,Form_Chocbrownfur,Smooth_Long_Hair_Chocbrownfur,ChocBrown_Hand_Pink_Donut,,Mouth_Ring,Hippie Necklace,,Questionmark,Chimpion,Hoodie_Puffpuff_Red
592,89.42,2546,0,https://magiceden.io/item-details/62XMeX6Ejk7DSfyNJ4KCn2JXNJABoy3Lfsx7F43LiDwt,Blue_Gradient,,,,,,Red_eyes,420_Futuristic_Glasses_Eyes,Sol_face_tat,Form_Whitefur,BackstreetBoys_Hair_Whitefur,Whitefur_Hand_Brownie,,Grinding_Mouth,,,,Chimpion,Just_hit_it_Hoodie
656,49.99,3800,0,https://magiceden.io/item-details/HQSz4f3h6e4MuBqoTguMzYXKViNUZMTi9bcG9AXVj5ZP,Yellow,,,,,,Red_eyes,,,Form_Whitefur,Long Hair_Whitefur,Bananapipe_whitefur,,Laughing_mouth,,,,Scientist,Scientist_Coat_Darkgreen
707,99.99,1028,0,https://magiceden.io/item-details/D5PZ28oi6aW9qpVeU8LnmVikKHbc6CYEVDN64m13oPT5,Blue,,,,Parrot_Yellow,,Blue_Eyes_Standard,,,Form_Whitefur,Long Hair_Whitefur,Bananapipe_whitefur,Headphones_Sol,Gold_Teeth_Mouth,Hippie Necklace,,Questionmark,Chimpion,Green_Poloshirt
794,69,2404,0,https://magiceden.io/item-details/DMLDXfsXECFdRVxk5WaaxfoghDCKxRvJsEmZqLQjAXeU,Sol_Gradient_Light,,,,,,Black_Eyes_Standard,,,Form_Rainbowfur,,Rainbowfur_Hand_Controller_grey,Astro_green pink,Grinding_Mouth,Necklace,,Questionmark,Chimpion,Jacket_Canna_Pink
797,79,413,0,https://magiceden.io/item-details/3CE6jyHzbFkpQ63Wigcd4vr7hUcj2h5yee3YzFiics7f,space2,,,,Weedy_Happy,,Angry_eyes,Mono_Sol,,Form_Chocbrownfur,Hairband_HAIR_Chocbrownfur,ChocBrown_Hand_Pink_Donut,Hairband_Weed,Mouth_Closed_J,,,,Chimpion,Hippie_Top_Brown
827,55,945,0,https://magiceden.io/item-details/9MGaZG2T52JquzJDf1xThQcTNGXfmvBBpaBDEsgzeH7n,Matrix,,,,,,Awake_Eyes_Black,,,Form_Leofur,Long Hair_Leofur,Leofur_Hand_Pink_Brownie,Headphones_Sol,Mouth_J,Weed_Chain,,Questionmark,Chimpion,Yellow_Poloshirt
829,44,527,0,https://magiceden.io/item-details/JCvjgAcPEmmXYS799tACKaDThXp3iR8XwoHN9h5ttW7D,Darkblue_Gradient,,,,Weedy_Serious,,Red_eyes,,,Form_Rainbowfur,Smooth_Long_Hair_Rainbowfur,Rainbowfur_Hand_Brownie,Headphones_Grey,Biting_Mouth,Necklace,,Canvas_Abstract_Artist,Artist,Banana_Shirt
1068,33,2814,0,https://magiceden.io/item-details/BLmtB89SiWfD8aagx8yHk1vszHTQjeuoaqVdNYLEqcMD,Blue,,,,,Artist Paint Brush,Red_eyes,,,Form_Base_Brownfur,YellowBeanie_Base_Brownfur,Base_Brownfur_Hand_Controller_grey,,Open_mouth,,,,Artist,Hoodie_Legalize_Blue
1091,40,3170,0,https://magiceden.io/item-details/9MuJp9wAM2nn98oY6bp1xfxLGAmzAHR6rLuvhq1PyrJn,Violet,,,,,,Awake_Eyes_Green,,,Form_Chocbrownfur,BackstreetBoys_Hair_Chocbrownfur,Tube_Chocbrownfur_Scientist,,Mouth_Ring,,,,Scientist,SCIENTIST_Lab_Coat_Suit_Sol
1104,34.8,766,0,https://magiceden.io/item-details/4EwZodQDBPVvCYAvgVksNxPdUNKBa5b4kbXywGLUz1dw,Sol_Gradient_Light,Moustache_Blond,,,,,Red_eyes,Mono_gold,,Form_Whitefur,,Whitefur_Hand_Joint,Green beret_Long Hair,Open_mouth,Hippie Necklace,Nosepiercing,Questionmark,Chimpion,Hoodie_Puffpuff_Red
1146,40,4105,0,https://magiceden.io/item-details/D9ipMu84XUbPCXTrDKQonk3WCRhsLKRwouaXoy2jV2KN,Blue,,,,,,Red_eyes,420_Futuristic_Glasses_Eyes,,Form_Darkblondfur,PinkBeanie_Darkblondfur,,,Grinding_Mouth,,,,Chimpion,Jacket_Canna_Pink
1173,75,51,0,https://magiceden.io/item-details/HPRY1p9zpe1R4s4DGDrw8V8EVuQfEM9jtuEY4XeDqw1p,Lightpink,Moustache_Blond,,,,Double_Piercing,Awake_Eyes_Green,Green_John_Lennon_Glasses,,Form_Leofur,Smooth_Long_Hair_Leofur,Leofur_Hand_Pink_Brownie,,Biting_Mouth,,Nosepiercing,Questionmark,Chimpion,Hawaiian Shirt
1178,45,1691,0,https://magiceden.io/item-details/HP9coaNT15uPLJD7qG7nJrtjKHGStvEEQ5MGLFPGfNSg,space2,,,,,,Blue_Eyes_Standard,Red_John_Lennon_Glasses,,Form_Base_Blondfur,BlueBeanie_Base_Blondfur,Base_Blondfur_Hand_Controller_grey,,Money_Joint,,,,Scientist,SCIENTIST_Lab_Coat_Suit_Atom
1205,45.42,308,0,https://magiceden.io/item-details/5BbxpUQuewyy88n8eH2ifU3KngVTefjNJ6nowbkFboJU,Blue,,,,Parrot_Yellow,,Red_eyes,Green_Glasses,,Form_Whitefur,Long Hair_Whitefur,Whitefur_Hand_Brownie,Pothat_Orange,Mouth_Ring,Necklace,,Canvas_Abstract_Artist,Artist,Shirt_Justsmokeit
1216,36,2386,0,https://magiceden.io/item-details/HAZDJm7GLPAQAnVGcFxo6eXVNzR1VtzpVgWmFnnEGxn5,Lightpink,,,,Weedy_Happy,Golden Earring Plain,Red_eyes,,Tiny_Tats,Form_Base_Blondfur,Smooth_Long_Hair_Base_Blondfur,Base_Blondfur_Hand_Pink_Donut,,Gentle_Smile_Mouth,,,,Chimpion,Hoodie_Puffpuff_Red
1231,32.5,1529,10.4,https://magiceden.io/item-details/EEemALn7FSiEJUFfE4gMcdfCpp1aCMAywGNgcwJeA2hx,Sol_Gradient_Light,,,,,,Awake_Eyes_Black,,,Form_Redfur,Smooth_Long_Hair_Redfur,Redfur_Hand_Controller_Metal,Beige flat cap_Smooth Long Hair,Open_mouth,,,Cannabis_Plant_Farmer,Farmer,Orange_Poloshirt
1257,36.69,349,0,https://magiceden.io/item-details/EcEAJj57sinsjV5thS2M9M8Nj6Gtx4dcjeXkj4ZFuvyW,Darkblue_Gradient,,,,,,Awake_Eyes_Green,Robo_Eyes,Tiny_Tats,Form_Chocbrownfur,Smooth_Long_Hair_Chocbrownfur,ChocBrown_Hand_Joint,Brown flat cap_Smooth Long Hair,Biting_Mouth,Necklace,,Questionmark,Chimpion,Orange_Poloshirt
1389,35,3292,0,https://magiceden.io/item-details/CtSeSBHSeviWFG4SqjBenRFKVhftsy6oChM5SH61oduS,Brown_Plain,,,,,,Red_eyes,,,Form_Darkblondfur,YellowBeanie_Darkblondfur,,,Rainbow_Teeth,Weed_Chain,Nosepiercing,Questionmark,Chimpion,Hippie_Top_Leo
1393,100,1319,0,https://alpha.art/t/726rJjLSZTgZjuETkCSJ1LJGudhrtFHzpbJUPm73rmE,Space1,,,,,Double_Piercing,Awake_Eyes_Black,,,Form_Base_Brownfur,RedBeanie_Base_Brownfur,Base_Brownfur_Hand_Pink_Donut,,Mouth_Closed_J,Weed_Chain,,Flamingo Bong,Chimpion,Hippie_Top_Brown
1431,39.5,2417,0,https://magiceden.io/item-details/7WnbLNNES4YDiKfFfcQt1SvCcf66q3GuS9x2xdwbcwX5,Blue_Gradient,,,,,Golden Earring Plain,Angry_eyes,,Tiny_Tats,Form_Whitefur,,Bananapipe_whitefur,Blue beret_Long Hair,Biting_Mouth,,,,Chimpion,Plain Green Shirt
1599,42.69,188,0,https://magiceden.io/item-details/9bGtLMo1bM9rECKZgyhhJBC2ARaMCtjg54CnkqyLy39D,Glass_pastel,Light Beard_all,,,,,Sad_Eyes,,Sol_face_tat,Form_Rainbowfur,Long Hair_Rainbowfur,Poker_Rainbowfur,Pothead_Standard,Rainbow_Teeth,Weed_Chain,,Tie_Pin_Business_Suit_Weed_business,Businessman,Suit_green_Business
1625,111,45,0,https://magiceden.io/item-details/2aAsiXmveNQw1TpmKGCBAoUKoETLvCKScvdEzFKtfYqn,Brown_Plain,,,,,Golden Earring Plain,Awake_Eyes_Green,Weed_Glasses_Sol,Tiny_Tats,Form_Rainbowfur,Smooth_Long_Hair_Rainbowfur,Rainbowfur_Hand_Controller_grey,Red beret_Long Hair,Trifecta,Hippie Necklace,,Tie_Pin_Business_Suit_Weed_business,Businessman,Suit_beige_business
1655,96.69,775,0,https://magiceden.io/item-details/J85TQV9T7kE1RUGFRpQQ3SoyCY533VEqaL5cB7TTnqWg,Green_Gradient,,,,,,,,,Form_Bones_Brownfur,,,Pothat_Orange,,,,,Chimpion,Ape_White_Shirt
1760,25.75,4175,52.63,https://magiceden.io/item-details/9f2vbQpReQoa2EC4tcWKwViQkf31WNfjKY7uQPtveYnv,Blue,,,,,,Red_eyes,,,Form_Chocbrownfur,Long Hair_Chocbrownfur,ChocBrown_Hand_Pink_Donut,,Open_mouth,,,Questionmark,Chimpion,Hoodie_Puffpuff_Red
1764,28,3261,38.86,https://magiceden.io/item-details/GL1uPyzpqqD8H32Xhx3mcH8iKxTcmXuRK8jAHQqVH318,Sol_Gradient_Light,,,,,,Blue_Eyes_Standard,,,Form_Whitefur,Long Hair_Whitefur,Whitefur_Hand_Graffiti_Artist,Blue beret_Long Hair,Gentle_Smile_Mouth,,,,Artist,Striped_Shirt
1792,28.9,3122,31.19,https://magiceden.io/item-details/CPbh6MkcGvmo6WFfSUzXPaCj1y7V1Z7vpBvhFvCuhjCh,Sol_Gradient_Light,,,,,Double_Piercing,Blue_Eyes_Standard,,,Form_Base_Brownfur,Long Hair_Base_Brownfur,Base_Brownfur_Hand_Controller_grey,Red beret_Long Hair,Laughing_mouth,,,Questionmark,Chimpion,Yellow_Poloshirt
1839,32.5,3552,0,https://magiceden.io/item-details/4s6Bf8p3bzZWesw4ZienujHjxd3vv6YFnDRBGARhuKn4,Space1,,,,,,Awake_Eyes_Black,Green_John_Lennon_Glasses,,Form_Redfur,RedBeanie_Redfur,,,Mouth_Ring,,,,Chimpion,Jacket_Canna_Pink
1854,30,2706,24.16,https://magiceden.io/item-details/7Jwje8Hse1uf7yeDBfuNZkrHfRjfcq7VLcL7p8HwtFoj,Brown_Plain,,,,,Leaf_Ear,Awake_Eyes_Green,,,Form_Base_Brownfur,Long Hair_Base_Brownfur,Base_Brownfur_Hand_Pink_Donut,Red beret_Long Hair,Mouth_Ring,,,,Chimpion,Hoodie_Puffpuff_Red
1871,89.6942,1427,0,https://magiceden.io/item-details/7E1MwRLdQEoTuaGnAamchaiCiqySRVrt3dGmXU7cDa4,Sol_Gradient_Light,,,Trenchcoat_Green,,Double_Piercing,Angry_eyes,Red_John_Lennon_Glasses,,Form_Chocbrownfur,BackstreetBoys_Hair_Chocbrownfur,,,Laughing_mouth,,,,Chimpion,Shirt_Justsmokeit
1879,28.5,2013,45.78,https://magiceden.io/item-details/7ZVNYymd3y2ajnNoTqgN7s2pQeSfQbxtsNBBMzSNHXKp,Street_Graffiti_Head,,,,,Golden Earring Plain,Angry_eyes,,,Form_Base_Blondfur,Hairband_HAIR_Base_Blondfur,,Hippie_hairband_Batik1,Biting_Mouth,,,,Chimpion,Ape_White_Shirt
1902,36,2817,0,https://magiceden.io/item-details/Bfodqyj9NMaPbxsqrhUxYN4cWJDCTWiRTJgYUHvPPzmT,Blue_Gradient,,,,,,Sad_Eyes,,Always_Stoned,Form_Whitefur,BackstreetBoys_Hair_Whitefur,Whitefur_Hand_Donut,,Mouth_Ring,,,,Scientist,SCIENTIST_Lab_Coat_Suit_Jamaica
1912,65,95,0,https://magiceden.io/item-details/CAm7zgbqBMjxBqXGG3pxixoaZoePDBWLDmX7D3u6pgB5,Sol_Gradient_Light,Beard,,,,Leaf_Ear,Red_eyes,Lasereyes,,Form_Whitefur,Smooth_Long_Hair_Whitefur,Bananapipe_whitefur,Green flat cap_Smooth Long Hair,Mouth_Ring,,,,Scientist,SCIENTIST_Lab_Coat_Suit_Jamaica
1931,35,2011,0,https://magiceden.io/item-details/F7FgiiaxkX1Fcvx1grq7iDxJ4ZL1dZUjv3xaxxBcxfSh,Blue,,,,Weedy_Happy,,Red_eyes,Tear,,Form_Base_Brownfur,Long Hair_Base_Brownfur,Base_Brownfur_Hand_Controller_grey,Red beret_Long Hair,Sad_Mouth,,,,Chimpion,Jacket_Canna_Violet
1965,60,417,0,https://magiceden.io/item-details/AcSDdTCek5cXLogjuNih4XD4GZiHaV721CGkj93WENGk,Farmer2,,,,,Double_Piercing,Angry_eyes,,Tiny_Tats,Form_Chocbrownfur,BackstreetBoys_Hair_Chocbrownfur,ChocBrown_Hand_Joint,,Mouth_Ring,,,Flamingo Bong,Farmer,Orange_Poloshirt
1969,27.7,1732,56.46,https://magiceden.io/item-details/6hRVxP84wAPQvDfFRzSE8wXQveV8RBHamn3s43KX3at3,Blue,,,,Weedy_Glasses,,Red_eyes,,,Form_Rainbowfur,Smooth_Long_Hair_Rainbowfur,Rainbowfur_Hand_Green_Donut,Headphones_Darkgrey,Grinding_Mouth,Weed_Chain,,,Chimpion,Striped_Shirt
2019,369,11,0,https://magiceden.io/item-details/Rc4zNeSSWCktAMxiG23v26tC6mKE5zexyxeY2ferZkN,Orange_Mosaic,,,,,,,,,Form_Leofur,Hippie_Leofur,Leofur_Hand_Wateringcan_Farmer,Hairband_Red,,,,,Chimpion,Brown_Farmer
2046,40,1236,0,https://magiceden.io/item-details/CUJZ34QFWsNJzP6P5URArsYP87BxxTGugDBkxqDu1S3j,Glass_pastel,,,,,,Awake_Eyes_Green,,,Form_Base_Brownfur,,Base_Brownfur_Hand_Pink_Donut,Blue beret_Long Hair,Mask_Brown,Hippie Necklace,,Canvas_Abstract_Artist,Artist,Hippie_Top_Leo
2055,420,80,0,https://magiceden.io/item-details/G6Fv38UDgCMrmJkaazB1ANkSkrxiVuYtstzyFxqGifFf,Sol,,,,Parrot_Blue,Golden Earring Plain,Sad_Eyes,,,Form_Chocbrownfur,Hairband_HAIR_Chocbrownfur,ChocBrown_Hand_Pink_Donut,Hippie_hairband_pink,Money_Joint,Necklace,,Canvas_Abstract_Artist,Artist,Jacket_Canna_Pink
2087,29.9,1662,35.13,https://magiceden.io/item-details/YakNLZ9yXP16uzAbJJxqnbYCogvwamHnj3N2coTo11v,Hippie1,,,Trenchcoat_Green,,,Black_Eyes_Standard,,,Form_Darkblondfur,Long Hair_Darkblondfur,,Blue beret_Long Hair,Angry_Mouth,Necklace,,,Chimpion,Jacket_Canna_Pink
2118,28.8,3566,27.95,https://magiceden.io/item-details/RdXqcSXoDCyqfP5tu7Z6CfDLwFaPJEbqFdvbkFEsqsP,Green_Gradient,,,,,Double_Piercing,Black_Eyes_Standard,,,Form_Whitefur,BackstreetBoys_Hair_Whitefur,Whitefur_Hand_Brownie_and_joint,,Banana_J_mouth,,,,Chimpion,Hoodie_Puffpuff_Red
2246,28.55,2321,42.34,https://magiceden.io/item-details/EacgSh7MssLKMKGBRSXHHrEXaj2bcBZZ8LGnkLSWf64s,Sol_Gradient_Light,,,,,,Awake_Eyes_Black,Mono_Sol,,Form_Rainbowfur,Long Hair_Rainbowfur,Rainbowfur_Hand_Controller_grey,,Mouth_Ring,,,Questionmark,Chimpion,Hippie_Top_Lila
2301,30,3494,16.64,https://magiceden.io/item-details/35c5ELE3PTTc9g8SEdE97zaVXGFTjTgrFPsf1NkYukEe,Blue_Gradient,,,,,Golden Earring Plain,Blue_Eyes_Standard,Tear,,Form_Darkblondfur,BlueBeanie_Darkblondfur,,,Money_Joint,,,,Chimpion,Hippie_Top_Brown
2302,27.77,2638,47.11,https://magiceden.io/item-details/8FZ6bVGT2vfBW8aK1L9rbAxptLvMCc5iZhTBHMV6wKqH,Hippie3,,,,,,Black_Eyes_Standard,Robo_Eyes,Tiny_Tats,Form_Chocbrownfur,,ChocBrown_Hand_Brownie,,Rainbow_Teeth,,,Questionmark,Chimpion,Hippie_Top_Brown
2307,45,831,0,https://magiceden.io/item-details/48VxdYN6W8YvTihVADMYLVTEWSohsgznBXejq4tRX2Wy,Matrix,,,,,,Sad_Eyes,,Always_Stoned,Form_Darkblondfur,,,Sunhat_Farmer_Otherhair,Gentle_Smile_Mouth,,,Cannabis_Plant_Farmer,Farmer,Hippie_Top_Brown
2309,35,3945,0,https://magiceden.io/item-details/BUMsSygtMVV6kyWxYQ37CoDYETbn8ream728SiuNFFeU,Lights,,,,,,Awake_Eyes_Green,,,Form_Chocbrownfur,Long Hair_Chocbrownfur,,Blue beret_Long Hair,Mouth_J,,,,Chimpion,Hoodie_Puffpuff_Blue
2340,120,1186,0,https://magiceden.io/item-details/GkSs8qPGrVc93VsW5E2KKZmTsSGY6v9Up29krQ9Y17NN,Matrix,,,,,,Angry_eyes,Green_John_Lennon_Glasses,,Form_Base_Brownfur,,Bananapipe_Base_Brownfur,Headphones_Grey,Banana_J_mouth,,,Canvas_Abstract_Artist,Artist,Green_Poloshirt
2366,28,2379,47.28,https://magiceden.io/item-details/2m7vLy6rPvfzHbMgvWfiq1wCGXSf8RTPBwtYYjw24wDy,Green_Gradient,,,,,,Red_eyes,,,Form_Base_Brownfur,BlueBeanie_Base_Brownfur,Base_Brownfur_Hand_Pink_Donut,,Gentle_Smile_Mouth,,Nosepiercing,Flamingo Bong,Chimpion,Shirt_Green
2368,35,2390,0,https://magiceden.io/item-details/GwPeJu9xS4LefLdRMeLpXu8eGPoeJ4v9JVKpeGKR7AMk,Lightpink,,,,,,Black_Eyes_Standard,,Tiny_Tats,Form_Redfur,BackstreetBoys_Hair_Redfur,,,Gentle_Smile_Mouth,Necklace,,,Businessman,Suit_Tie_Brown_AND_Hat_Business
2377,39,1513,0,https://magiceden.io/item-details/6tcbgjatdJqzhwQcvUtmWkiqPyvXXaMK5QL4LYa8tkdg,Violet,,,,Weedy_Happy,Golden Earring Plain,Red_eyes,,,Form_Darkblondfur,,,Pothat_SOL,Open_mouth,,,Scientist_Bong,Scientist,Scientist_Coat_Jamaica
2378,88,194,0,https://magiceden.io/item-details/5BWWCtDL9dNf5BMrmJitStb8j7cui9sNniUriYb7HRft,Blue_Gradient,,,Trenchcoat_Sol,,Golden Earring Plain,Blue_Eyes_Standard,,,Form_Redfur,Smooth_Long_Hair_Redfur,Scissors_Redfur_Farmer,Pothat_Orange,Rainbow_Teeth,Necklace,,,Farmer,Hoodie_HODL_Blue
2388,25,3744,64.25,https://magiceden.io/item-details/Hz1ZB6w6JNfuQAoKVD32hU8TtECghvQjQMHY19q1mYem,Hippie3,,,,,,Awake_Eyes_Black,,,Form_Whitefur,WhiteBeanie_Whitefur,Whitefur_Hand_Joint,,Laughing_mouth,,,,Chimpion,Plain Green Shirt
2393,55,317,0,https://magiceden.io/item-details/9c2HKRo6XzMaH9s4TubZm2jyV8QFJ7PoqdngWrzxLGmQ,Sol,,,,,Double_Piercing,Angry_eyes,Bright_Bue_Eyes,Sol_face_tat,Form_Chocbrownfur,Smooth_Long_Hair_Chocbrownfur,ChocBrown_Hand_Pink_Donut,Brown flat cap_Smooth Long Hair,Rainbow_Teeth,,,Questionmark,Chimpion,Green_Poloshirt
2402,420,6,0,https://magiceden.io/item-details/FwNBET5xMTWeh7Fow69kqpckqb8bWUAuYv2ExTAhCinp,Orange_Smoke,Cheech_Beard,,,,,Cheech_Red_Eyes,,,Cheech_Brownfur,Cheech_Hair,Cheech_Joint,Cheech_Red_Beanie,Cheech_Laughing_Mouth,,,,Cheech,Cheech_Red_Checked_Shirt
2428,69.69,2521,0,https://magiceden.io/item-details/G8jNKy4Tf3XwvdYGcGr6NghPLuZr1bJQ9j5ULJP9CPDg,Hippie3,,,,,,Red_eyes,,,Form_Chocbrownfur,Smooth_Long_Hair_Chocbrownfur,ChocBrown_Hand_Pink_Donut,,Open_mouth,,,Tie_Pin_Business_Suit_Weed_business,Businessman,Suit_Tie_Blue_AND_Hat_Business
2466,35,1657,0,https://magiceden.io/item-details/9Cs7jBYbxRifuzbizQ3JEfzDSyCgeqDEwhxePPJdBRLD,Hippie3,,,,,,Blue_Eyes_Standard,,,Form_Redfur,,Redfur_Hand_Graffiti_Red_Artist,Red beret_Long Hair,Biting_Mouth,,Nosepiercing,Canvas_Abstract_Artist,Artist,Shirt_Green
2515,200,3923,0,https://magiceden.io/item-details/7FB3ESYsJTT1A7whqhdZbQu2kpQSFJvQHPkCi8GrEzCN,Blue,,,,,,Red_eyes,,,Form_Chocbrownfur,Long Hair_Chocbrownfur,ChocBrown_Hand_Joint,Green beret_Long Hair,Laughing_mouth,,,Questionmark,Chimpion,SAC_Shirt
2517,35,3509,0,https://magiceden.io/item-details/3FCwh92wNySAnsuTpFefrjNuCA2V1sF5RdDNvT2fXeT8,Green_Gradient,,,,,,Red_eyes,Weed_Glasses_Sol,,Form_Whitefur,Long Hair_Whitefur,,,Gold_Teeth_Mouth,,,Questionmark,Chimpion,Yellow_Poloshirt
2524,28,1431,56.34,https://magiceden.io/item-details/C6Mt9aSCNjR6ZQGopgWhy9WVTTnSocHgXWQgk8vVBx1o,Blue,,,,,Golden Earring Plain,Blue_Eyes_Standard,Bright Green Eyes,,Form_Base_Blondfur,RedBeanie_Base_Blondfur,Base_Blondfur_Hand_Pink_Donut,,Gentle_Smile_Mouth,Weed_Chain,,,Chimpion,Shirt_Green
2601,40,1652,0,https://magiceden.io/item-details/3qTkFXD8BneEVTuS7hLvQHY3kVBuAuqYPnVHR19JmGL8,Hippie1,,,,,Double_Piercing,Sad_Eyes,Robo_Eyes,Always_Stoned,Form_Darkblondfur,Long Hair_Darkblondfur,,,Open_mouth,,,,Chimpion,Hoodie_Samo
2606,242.69,2465,0,https://magiceden.io/item-details/fUV913Cv9RCeerik6WZzr7oMJpVmks3vr5sZ5ePtiDd,Matrix,,,,,Double_Piercing,Awake_Eyes_Black,Green_John_Lennon_Glasses,,Form_Rainbowfur,Long Hair_Rainbowfur,Rainbowfur_Hand_Controller_Metal,,Open_mouth,,,,Chimpion,Hoodie_HODL_Blue
2618,28.79,3432,29.33,https://magiceden.io/item-details/5wogx3H1dejbUDo16MVi5BjLoYm7RJEUm9p4AABNtrdd,Hippie3,,,,,,Angry_eyes,,,Form_Rainbowfur,BlueBeanie_Rainbowfur,Bananapipe_rainbowfur,,Biting_Mouth,,,,Chimpion,Green_Poloshirt
2664,30,1464,36.02,https://magiceden.io/item-details/FXkBeC48LLYEocQvVjwK8AreLgSCPurkqZaTaiHy8dwM,Blue,Light_Beard,,,,,Angry_eyes,,,Form_Base_Brownfur,Hairband_HAIR_Base_Brownfur,Poker_Base_Brownfur,Hairband_Samo,Mouth_Ring,,,,Chimpion,Just_hit_it_Hoodie
2711,32,2850,2.79,https://magiceden.io/item-details/4BNJJ2iKZwGrAWkbtaWvf9CQmGnrp6bWBNieC6W86yiy,Darkblue_Gradient,,,,Weedy_Glasses,,Black_Eyes_Standard,,,Form_Base_Blondfur,Long Hair_Base_Blondfur,Poker_Base_Blondfur,Blue beret_Long Hair,Open_mouth,,,,Chimpion,Hoodie_Puffpuff_Red
2718,75,1729,0,https://magiceden.io/item-details/8zJ7eDTjBT23Pm4SnZQnRPuwaLP8M6gFPh4NnCsFerps,Violet,,,,,,Awake_Eyes_Black,Tear,,Form_Base_Blondfur,Long Hair_Base_Blondfur,Tube_Base_Blondfur_Scientist,,Mouth_Closed_J,,,Questionmark,Scientist,SCIENTIST_Lab_Coat_Suit_Jamaica
2731,40,854,0,https://magiceden.io/item-details/CBK6EhB9JdKMXRB28Sd6AgnZ3xipTdaENwMuGNrg6cic,Lights,,,,,Double_Piercing,Awake_Eyes_Green,,,Form_Base_Blondfur,Long Hair_Base_Blondfur,Base_Blondfur_Hand_Graffiti_Blue_Artist,Green beret_Long Hair,Biting_Mouth,,Nosepiercing,,Artist,Orange_Poloshirt
2830,42.69,3921,0,https://magiceden.io/item-details/DgjpbPpmVTYMRWoChyKGLwTQDWQXFktkUT2PPmDWZfhd,Lights,,,,,,Blue_Eyes_Standard,,,Form_Darkblondfur,YellowBeanie_Darkblondfur,,,Money_Joint,,,,Businessman,Suit_beige_business
2841,27.5,3327,43.23,https://magiceden.io/item-details/FAb1jn9E3vkoT3R1Lie8GxHh7KSHgCX4px1YBmM9CPwz,Sol_Gradient_Light,,,,,Golden Earring Plain,Sad_Eyes,,,Form_Chocbrownfur,Long Hair_Chocbrownfur,ChocBrown_Hand_Brownie,,Banana_J_mouth,Necklace,,,Chimpion,Hodl_White_Shirt
2858,42.69,1495,0,https://magiceden.io/item-details/C1zVzwgVrgeZH4gBACVctxQCTFeX1ery6RoGseyQY5ii,Sol_Gradient_Light,,,,,,Red_eyes,Robo_Eyes,,Form_Darkblondfur,Hairband_HAIR_Darkblondfur,,Hairband_Weed,Grinding_Mouth,Weed_Chain,,,Scientist,Scientist_Coat_Red
2950,28.5,4017,26.64,https://magiceden.io/item-details/F7DS2kWLbBy7n7uwfBhLQz7GNFwPDJdLVHszBL8A5z4e,Brown_Plain,,,,,Double_Piercing,Blue_Eyes_Standard,,,Form_Chocbrownfur,,,,Rainbow_Teeth,Necklace,,,Chimpion,Just_hit_it_Hoodie
2961,420,60,0,https://magiceden.io/item-details/7JaDF7cyyEKatFPeorYVSujiGRCR3wu9YLaY5UGXTd23,Yellow,,,,Parrot_Yellow,Golden Earring Plain,Blue_Eyes_Standard,Bright_Bue_Eyes,,Form_Base_Blondfur,Hairband_HAIR_Base_Blondfur,Base_Blondfur_Hand_Joint,Hairband_Red,Open_mouth,Weed_Chain,,,Chimpion,Ape_White_Shirt
2977,40,628,0,https://magiceden.io/item-details/5V1QxpSVWK3ftHAvbFz5kwH5p9cUycULAfEiBVgyBHYm,Blue,,,,,,Blue_Eyes_Standard,Bright_Bue_Eyes,Sol_face_tat,Form_Rainbowfur,YellowBeanie_Rainbowfur,Rainbowfur_Hand_Green_Donut,,Biting_Mouth,,,,Scientist,SCIENTIST_Lab_Coat_Suit_Atom
3007,50,2871,0,https://magiceden.io/item-details/CkWBGhMVeLq5eQQhjEBvyHtU68CkTxZtNf9uixjKkq63,Blue,,,,,,Angry_eyes,,,Form_Rainbowfur,Long Hair_Rainbowfur,Rainbowfur_Hand_Brownie,Green beret_Long Hair,Trifecta,,Nosepiercing,,Chimpion,Jacket_Canna_Violet
3072,49.69,906,0,https://magiceden.io/item-details/72MMhqwc68eidfhScnYJcsW6kbfxtdQaivswwX4VeV4Q,Yellow,,,,,,Awake_Eyes_Green,Red_John_Lennon_Glasses,,Form_Darkblondfur,Hairband_HAIR_Darkblondfur,,Hippie_hairband_green,Money_Joint,,,Tie_Pin_Business_Suit_Weed_business,Businessman,Suit_beige_business
3073,55,1328,0,https://magiceden.io/item-details/6v6w8djpC3PDChdry6yWYvCpVypZFP9BA3GAw15UK6xd,Blue,,,,,,Black_Eyes_Standard,420_Futuristic_Glasses_Eyes,,Form_Whitefur,BackstreetBoys_Hair_Whitefur,Scissors_Whitefur_Farmer,,Angry_Mouth,Necklace,,,Farmer,Hoodie_HODL_Blue
3108,41,1519,0,https://magiceden.io/item-details/2yDRUHwG6C4PCydL8mJCBtfSkS6Z1UQHHjEjevGEP4xs,Violet,,,,Weedy_Serious,,Awake_Eyes_Green,,,Form_Base_Brownfur,Smooth_Long_Hair_Base_Brownfur,Base_Brownfur_Hand_Brownie,Headphones_Darkgrey,Mask_Brown,,,,Chimpion,Jacket_Canna_Violet
3147,49,146,0,https://magiceden.io/item-details/9dukUhda3ommpBFgY3VAQYr21Eqcae2ie7xrBXhTuUu8,Space4,,,,Weedy_Happy,Double_Piercing,Black_Eyes_Standard,Green_Laser,,Form_Base_Blondfur,Hairband_HAIR_Base_Blondfur,Poker_Base_Blondfur,Hippie_hairband_pink,Sad_Mouth,,,,Chimpion,Green_Poloshirt
3181,74.5,2340,0,https://magiceden.io/item-details/2tyf3gYVKa1XLWy4kL3faa8HNHnzpbXqdwhu5xqbLrbc,Sol,,,,,,Red_eyes,,,Form_Redfur,Hairband_HAIR_Redfur,Redfur_Hand_Controller_Metal,Hairband_Weed,Banana_J_mouth,Hippie Necklace,,,Chimpion,SAC_Shirt
3216,80,18,0,https://magiceden.io/item-details/5iPSzmD8At5gKzUr9tgo2ANf9tVSDgkTKmhZyxi5M672,Sol_Gradient_Light,,,,Parrot_green,Double_Piercing,Blue_Eyes_Standard,,,Form_Chocbrownfur,Hairband_HAIR_Chocbrownfur,Tube_Chocbrownfur_Scientist,Hairband_Weed,Fries_mouth,Necklace,,Scientist_Bong,Scientist,Scientist_Coat_Darkgreen
3254,45,1806,0,https://magiceden.io/item-details/EKppWg8XQFGtwyjPG6qyLaq7K33jxnyBfv8pnh6ubGvh,Blue,,,,,,Blue_Eyes_Standard,420_Futuristic_Glasses_Eyes,,Form_Whitefur,BackstreetBoys_Hair_Whitefur,Whitefur_Hand_Brownie,,Angry_Mouth,,,Questionmark,Scientist,Scientist_Coat_Darkgreen
3330,100,73,0,https://magiceden.io/item-details/B8WbzoRFyMWYri5RfhbcewSL4p34sYzNaWdHGKgwjC7D,Sol,,,,,,Red_eyes,Tear,Always_Stoned,Form_Leofur,Long Hair_Leofur,Leofur_Hand_Dupont_Lighter_Business,Pothead_Standard,Gold_Teeth_Mouth,,,Tie_Pin_Business_Suit_Weed_business,Businessman,Suit_blue_red_tie_Business
3361,33,1258,7.99,https://magiceden.io/item-details/6iBf3WjbrXXvyCbFT6q45hxrM3GmCUxcgsNCXvvU4PHW,Lightbrown,,,,,,Red_eyes,,,Form_Base_Blondfur,Hairband_HAIR_Base_Blondfur,Base_Blondfur_Hand_Controller_grey,Hippie_hairband_Batiklila,Trifecta,Necklace,,Questionmark,Chimpion,Shirt_Green
3375,30,3697,14.7,https://magiceden.io/item-details/3mbTDnhsqcuKqc8pSXtcWGfp91pCMy3kCrFhDDgfsCQi,Violet,,,,,,Red_eyes,,Always_Stoned,Form_Chocbrownfur,Long Hair_Chocbrownfur,ChocBrown_Hand_Joint,,Gold_Teeth_Mouth,,,,Chimpion,Jacket_Canna_Violet
3396,50,2065,0,https://magiceden.io/item-details/vQ7kvgL7uWEsGbF1Na7DEJcoDz7qASdy7jnfKm1asKc,Lights,,,,,,Sad_Eyes,Tear,Tiny_Tats,Form_Whitefur,BlueBeanie_Whitefur,Whitefur_Hand_Joint,,Grinding_Mouth,,,,Chimpion,Just_hit_it_Hoodie
3417,50,2069,0,https://magiceden.io/item-details/HuyoG7QdTtjJTDm6JsjQkQerjnVVMsv7X2zhTWktc9hk,Lightpink,,,,Parrot_green,,Red_eyes,,,Form_Darkblondfur,YellowBeanie_Darkblondfur,,,Pizza_mouth,Necklace,,Questionmark,Chimpion,Hoodie_Legalize_Blue
3457,45,2715,0,https://magiceden.io/item-details/A6J2ubPHDKE3PqXE2N5bB4pFEqiUBSWv1W3zWkKaMC1P,Yellow,,,,,,Red_eyes,Bright_Bue_Eyes,,Form_Darkblondfur,,,Astro_Sol,Gold_Teeth_Mouth,,,Questionmark,Chimpion,Shirt_Green
3470,54.69,1597,0,https://magiceden.io/item-details/2aqH4J7ZMX4vCqMwbYDnJr5d3oMe1mBWda2mt5gb6s24,Lightbrown,,,,Weedy_Happy,,Red_eyes,420_Futuristic_Glasses_Eyes,,Form_Base_Brownfur,Long Hair_Base_Brownfur,Bananapipe_Base_Brownfur,Blue beret_Long Hair,Grinding_Mouth,,,,Businessman,Suit_blue_red_tie_Business
3473,35,2139,0,https://magiceden.io/item-details/Cgpj4URoUCHQGuZZontxY1cpxRShsz5BxDZ96Mdmrxgo,Sol_Gradient_Light,,,,,,Awake_Eyes_Green,420_Futuristic_Glasses_Eyes,Sol_face_tat,Form_Whitefur,BackstreetBoys_Hair_Whitefur,Whitefur_Hand_Donut,,Laughing_mouth,,,,Chimpion,Banana_Shirt
3504,40,2994,0,https://magiceden.io/item-details/GyAMEdRHYH6Z3ucbkjPkYuri96VcNm4NhYS9qz7HfFZT,Hippie1,,,,,,Awake_Eyes_Black,,,Form_Whitefur,Long Hair_Whitefur,Whitefur_Hand_Joint,Astro_blue,Mouth_Ring,,,,Chimpion,Plain Green Shirt
3532,37,2619,0,https://magiceden.io/item-details/3rxFpsaApP9Y9MYqgTeVR5agy4jwhRPREauzoGrWZBXQ,Violet,,,,Weedy_Serious,,Red_eyes,,,Form_Rainbowfur,Smooth_Long_Hair_Rainbowfur,Rainbowfur_Hand_Controller_grey,Headphones_Darkgrey,Rainbow_Teeth,,,,Chimpion,Hoodie_HODL_Blue
3543,44.95,311,0,https://magiceden.io/item-details/8ARUd8vcDSvaHiLXhRGM4q1uBbrpy2ErkJz7w1MAVGEu,space2,,,,,Golden Earring Plain,Red_eyes,Green_Hipster_Glasses,,Form_Base_Brownfur,Hairband_HAIR_Base_Brownfur,Base_Brownfur_Hand_Green_Donut,Hippie_hairband_Batiklila,Grinding_Mouth,Weed_Chain,,,Scientist,SCIENTIST_Lab_Coat_Suit_Green
3550,29.9,3745,15.24,https://magiceden.io/item-details/9pbZfSaDJg1PyUHBEZEcjrz1CrbEuqK8VU8AgLw16Xo1,Brown_Plain,,,,,,Red_eyes,,Tiny_Tats,Form_Base_Blondfur,Long Hair_Base_Blondfur,Base_Blondfur_Hand_Brownie,,Laughing_mouth,,,,Chimpion,Hoodie_Puffpuff_Blue
3593,69.69,1726,0,https://magiceden.io/item-details/A9mBR1Xov5ZC45xViTU7uoMZGU7opf69isAtZaGfyZrS,Lightpink,,,,,Leaf_Ear,Red_eyes,,,Form_Redfur,Hairband_HAIR_Redfur,,Hippie_hairband_green,Fries_mouth,,,Questionmark,Chimpion,Hoodie_Puffpuff_Red
3624,34.9,796,0,https://magiceden.io/item-details/9iUdoTDVEF2wNKwwLvcU6a47a2HTa78ZDQo32J6LMagj,Lightpink,Light Beard_all,,,,Golden Earring Plain,Blue_Eyes_Standard,Green_Orange_Glasses,,Form_Base_Brownfur,Hairband_HAIR_Base_Brownfur,,Hairband_Weed,Banana_J_mouth,,,Questionmark,Chimpion,Orange_Poloshirt
3670,27,2373,57.34,https://magiceden.io/item-details/BnjKR2UuvKJ7zfr5Fu4WEHZ2FY3THrp12PF33UBa8rkM,Glass_pastel,,,,,Double_Piercing,Red_eyes,,,Form_Redfur,Hairband_HAIR_Redfur,,Hairband_Banana,Open_mouth,Hippie Necklace,,Questionmark,Chimpion,SAC_Shirt
3672,200,3679,0,https://magiceden.io/item-details/DTfUxbTuxwjvECwbZBSrWqHLPhzAGAkFdRVoSGmVMfZm,Blue,,,,,,Red_eyes,,Tiny_Tats,Form_Whitefur,WhiteBeanie_Whitefur,Whitefur_Hand_Brownie_and_joint,,Grinding_Mouth,,,,Chimpion,Orange_Poloshirt
3702,50,3444,0,https://magiceden.io/item-details/CTrDx8FNeVhR62eyN4qsmVtriAnUpq32TQvyRB7gukT2,Darkblue_Gradient,,,,,,Awake_Eyes_Black,,,Form_Darkblondfur,Hairband_HAIR_Darkblondfur,,Hippie_hairband_Batiklila,Mouth_Ring,,,Questionmark,Chimpion,SAC_Shirt
3716,69.69,3723,0,https://magiceden.io/item-details/27dXKGkbtc5aKT5v1S41naonfXfhitHNBG2zzQti9GVG,Lights,,,,,,Blue_Eyes_Standard,,,Form_Whitefur,,,,Open_mouth,,,Scientist_Bong,Scientist,SCIENTIST_Lab_Coat_Suit_Atom
3740,69.42,85,0,https://magiceden.io/item-details/F9FYSjkeJDoxgaZKcTPugiHbVL7sogi1RJ7zbA8ah3zF,Sol_Gradient_Light,,,,,,Angry_eyes,Green_Laser,,Form_Leofur,Smooth_Long_Hair_Leofur,Leofur_Hand_Pink_Brownie,Green flat cap_Smooth Long Hair,Banana_J_mouth,Necklace,,Tie_Pin_Business_Suit_Weed_business,Businessman,Suit_beige_business
3752,34.6,4189,0,https://magiceden.io/item-details/DzFMsfQpY1vi84ZwETWg6SeWuo4xqJ9owHhT8kW4VSaa,Brown_Plain,,,,,,Red_eyes,,,Form_Darkblondfur,PinkBeanie_Darkblondfur,,,Gentle_Smile_Mouth,,,,Chimpion,Green_Poloshirt
3786,29,2787,33.39,https://magiceden.io/item-details/8UB1qjwKqEmmiesS6YnJ8536gL2zPyEnhEovsxHBED4y,Hippie3,,,,,,Black_Eyes_Standard,,Sol_face_tat,Form_Whitefur,YellowBeanie_Whitefur,Bananapipe_whitefur,,Pizza_mouth,,,Questionmark,Chimpion,Green_Poloshirt
3801,40,955,0,https://magiceden.io/item-details/HXc4GSLJkhg5njUZJF9h5jexEfACoMUdhJEGxJ7kuaYq,Sol_Gradient_Light,,,,Parrot_Yellow,Double_Piercing,Angry_eyes,,,Form_Rainbowfur,Long Hair_Rainbowfur,Rainbowfur_Hand_Controller_Metal,Leaves_In_LONGHAIR,Laughing_mouth,,,Questionmark,Chimpion,Jacket_Canna_Violet
3803,39.999,1787,0,https://magiceden.io/item-details/ctcmdmaWFPduAb1UmAbqHwH7zrAsLpGDmujzTYSWyxv,Green_Gradient,,,,,Golden Earring Plain,Black_Eyes_Standard,Tear,,Form_Whitefur,,Bananapipe_whitefur,,Trifecta,Necklace,,,Chimpion,Yellow_Poloshirt
3826,32,2023,10.68,https://magiceden.io/item-details/A4HbErvP8Zb6oL9yc6Scimm1ygizG76x1ZYaAGd1s7rb,Brown_Plain,,,,Parrot_Blue,Double_Piercing,Black_Eyes_Standard,,,Form_Base_Brownfur,,Base_Brownfur_Hand_Brownie,Red beret_Long Hair,Open_mouth,,,,Chimpion,Shirt_Justsmokeit
3838,55,3464,0,https://magiceden.io/item-details/5GvtoUJ91BML2V2qyfsmyimDdY6zFSHn9zJbQybh7rgu,Darkblue_Gradient,,,,,,Red_eyes,Lasereyes,,Form_Redfur,Smooth_Long_Hair_Redfur,,Green flat cap_Smooth Long Hair,Grinding_Mouth,,,,Chimpion,Hoodie_Puffpuff_Red
3860,49.69,991,0,https://magiceden.io/item-details/CR98iSd6AQNnxfeoSTPdrDYJZts8mqcAnsSRwz5vrsXJ,Space1,,,,,,Awake_Eyes_Green,,,Form_Leofur,Long Hair_Leofur,Leofur_Hand_Graffiti_Artist,Blue beret_Long Hair,Grinding_Mouth,Weed_Chain,,,Artist,Hoodie_Puffpuff_Blue
3920,69.42,1412,0,https://magiceden.io/item-details/xswNfTQTi3QerBWZ1mycLXo8CrGqGrENN8kY632SeFY,Blue,,,,,,Black_Eyes_Standard,Green_Orange_Glasses,,Form_Base_Blondfur,Smooth_Long_Hair_Base_Blondfur,Base_Blondfur_Hand_Graffiti_Blue_Artist,,Gentle_Smile_Mouth,Hippie Necklace,,,Artist,Chef_Costume_Artist
4010,48.69,440,0,https://magiceden.io/item-details/DLsFpoDxG93wmNjQXj2p3kwS6qgWjxnxiSwo7haCXzTc,Lightpink,,,,Weedy_Serious,,Angry_eyes,,,Form_Base_Blondfur,Smooth_Long_Hair_Base_Blondfur,Base_Blondfur_Hand_Brownie,Brown flat cap_Smooth Long Hair,Open_mouth,,,Scientist_Bong,Scientist,Scientist_Coat_Jamaica
4018,46.69,3157,0,https://magiceden.io/item-details/AsDMqu8dJ48ZEYYAwUpFxw8qsNXxzJ7gRz691X6f3MNK,Sol_Gradient_Light,,,,,,Black_Eyes_Standard,,,Form_Darkblondfur,Long Hair_Darkblondfur,,Astro_Sol,Laughing_mouth,Hippie Necklace,Nosepiercing,,Chimpion,Jacket_Canna_Violet
4023,48,450,0,https://magiceden.io/item-details/GHhMN5yeYugWygrK2qyix3xbW1PsiNJhSGCtgDHG14id,Glass_pastel,Light Beard_all,,,,,Black_Eyes_Standard,Weed_Glasses_Red,,Form_Base_Blondfur,Long Hair_Base_Blondfur,Tube_Base_Blondfur_Scientist,,Grinding_Mouth,,,Scientist_Bong,Scientist,Scientist_Coat_Jamaica
4070,65,678,0,https://magiceden.io/item-details/4exPTXeqDxUCCYfa3JGrfBNj3TqhbNKyCUYmujJd5rku,space3,,,,Weedy_Serious,,Angry_eyes,,,Form_Base_Blondfur,Smooth_Long_Hair_Base_Blondfur,,Astro_green pink,Grinding_Mouth,,,Scientist_Bong,Scientist,SCIENTIST_Lab_Coat_Suit_Sol
4071,35,3788,0,https://magiceden.io/item-details/FBfTsurcacyy9mD9EBeT18sYgYMEbUoKP6nMNc1G5dBY,Blue,,,,,Golden Earring Plain,Red_eyes,,,Form_Whitefur,Long Hair_Whitefur,Whitefur_Hand_Wateringcan_Farmer,,Grinding_Mouth,,,,Farmer,Hawaiian Shirt
4125,29.99,2593,25.34,https://alpha.art/t/B4UdHZ8522fz1ujUpht773vGYvLCuSfz5qHhuw2pw5jp,Lightpink,,,,,Golden Earring Plain,Angry_eyes,Bright_Bue_Eyes,,Form_Whitefur,YellowBeanie_Whitefur,Whitefur_Hand_Joint,,Banana_J_mouth,,,,Chimpion,Plain Green Shirt
4151,28,2720,44.03,https://magiceden.io/item-details/85jTi5zyep7juLhtwya7adMwNk5gvQGX4a96TVqkCcft,Yellow,,,,,Golden Earring Plain,Red_eyes,,,Form_Whitefur,Smooth_Long_Hair_Whitefur,Whitefur_Hand_Brownie,Green beret_Long Hair,Pizza_mouth,,,Questionmark,Chimpion,Hoodie_Legalize_Blue
4168,69,398,0,https://magiceden.io/item-details/DzzyLix7GeUaV6PEa2fZyKjSGVCE8yJ3bb3eL6ezyu9u,Sol_Gradient_Light,,,,,Golden Earring Plain,Angry_eyes,420_Futuristic_Glasses_Eyes,Tiny_Tats,Form_Rainbowfur,,Rainbowfur_Hand_Brownie,Red beret_Long Hair,Laughing_mouth,Weed_Chain,,,Farmer,Brown_Farmer
