id,price,moonRank,ðŸ’Ž score (%),storeURL,Background,Edition,Eyes,Head,Mouth,Outfit,Skin
69,6.9,4599,18.13,https://magiceden.io/item-details/DRsHbkgdXy8NJKNxdt5d2Es7FGDtbPWthUroRYe1h1q7,Orange,,Eye Patch,Backwards Cap Blue,Blep,Tank Top Purple,Natural
78,3,1643,72.47,https://magiceden.io/item-details/Ea2NyoKh5e82Z4iErDg6GpbYPkk8XunEJkXSB3Z4CXt8,Yellow,,Spectacles,Headband White,Closed,Hoodie Light,Natural
103,2,4221,69.1,https://magiceden.io/item-details/G7ELgUkGRHWmbHZC688PaxWcNxovkw5B4b3FePQ8eiZU,Alabaster,,Scar,Cap Blue,Blep,Shirt Flannel Blue,Natural
162,1.5,7413,57.53,https://magiceden.io/item-details/26icTbSzCkPbYhJAei7eKmza5t6rxWdBrsuvzyJPAd2V,Pink,,Standard,None,Stache,Scarf Red,Natural
202,1.5,1789,86.72,https://magiceden.io/item-details/5KfyPBFJAV83kFD9gQ9Yp2N5FeLHzHpSUBbKjdEydv1e,Sky,,Thug,Headset,Smirk,Sweater Green,Natural
207,4.55,7475,26.71,https://magiceden.io/item-details/BfnQ3fvh6mvwtxPBSEWaxDLseCzPFZMoSLxq8GfBss5X,Green,,Shades,None,Blep,Shirt Red,Natural
231,4.987,377,59.17,https://magiceden.io/item-details/4QEPmabJa85tbAH1BUg3eTyeBdiZ8Tqnci1D2is55x5r,Champagne,,Raised,Halo,Grin,Scarf Striped,Natural
324,5.25,176,57.59,https://magiceden.io/item-details/63BRqmaZaSm3X1Cebq7iHqtHxNkiuSgHeyxBDBxw7HrR,Champagne,,Blank,Astronaut,Stache,Turtleneck Orange,Natural
330,3,509,78.36,https://magiceden.io/item-details/9xdahKheCtxf86HyapEjFQkaB7bQykSpe8yKxs2nd7H3,Purple,,Spectacles,Headset,Fangs,Shirt School,Natural
341,10,92,10.52,https://magiceden.io/item-details/8hgbzZ2RdFvURBnna2xng6pWpuJ62T7V84CTu8pikeuA,Alabaster,,Solana,Monster Trainer,Smile,Sweater Light,Natural
347,2,7328,52.97,https://magiceden.io/item-details/8RUuVWbpUGHxzfLvgYs6RZYbxmvdV5VPqjXwcZXQfdBo,Alabaster,,Raised,None,Smile,Turtleneck Blue,Natural
407,2,3980,70.35,https://magiceden.io/item-details/8rfq9NncYV5bsgPDWDFAxaYaPwZp1iqCPNriyRYRV2iY,Violet,,Shades,Bucket Hat Ivory,Smug,Hoodie Light,Natural
428,2.8,6463,49.46,https://magiceden.io/item-details/DeeX3aA7kgUXqoc6c56LVBXhTrtmJfscqaebLXCR3QkK,Alabaster,,Jaded,Bucket Hat Blue,Smug,Turtleneck Blue,Natural
437,1.2469,2338,86.4,https://magiceden.io/item-details/F6kc4dJB6FRGyLsxEN7xuZXvm2HdX2KY9TstX85HT3uQ,Alabaster,,Thug,Cap Blue,Smile,T-Shirt Dark,Natural
487,1.375,3624,78.44,https://magiceden.io/item-details/AVciExDdu3vnKKZ76ttdpVVj4Mws8PmpA9sYfpyKwbRv,Persimmon,,Shades,Backwards Cap Dark,Grin,T-Shirt White,Natural
490,1.39,6987,60.84,https://magiceden.io/item-details/EsmrVCqJ39AWsV1eUHCWC9raRVsbWpBrwqvQiR8DDXqV,Emerald,,Jaded,Headband Dark,Smile,Scarf Red,Natural
524,2,2791,76.52,https://magiceden.io/item-details/AXHZgVRa5Hyuysr92iwh4HD1vogBNw7R3qfRLqWX2BD3,Blue,,Sleepy,Cap Dark,Smug,Shirt Red,Natural
577,25,1675,0,https://magiceden.io/item-details/8Mwcs48rinNYUYZxPSs2sfbJ4NXxV1uX2yc2W2gaPuyd,Rose,,Jaded,Sportsband,Smug,Monster Trainer,Natural
611,1.56789,3702,76.11,https://magiceden.io/item-details/778xbBYuwDpwV7aL3ieU6bXLLuPj2z5gyTZwWBKfGVac,Alabaster,,Blank,Headband White,Closed,Turtleneck Dark,Natural
634,2,3588,72.38,https://magiceden.io/item-details/Ega27NpAft49ixWjqa6UVbjMXAf6zMhSFmztidLKsrMM,Sky,,Raised,Cap Blue,Drool,Turtleneck Blue,Natural
647,2.17,1354,82.27,https://magiceden.io/item-details/DKepJb3aBneHKJpq743NJujQzeRnyhx9zucpPQDmX6JZ,Emerald,,Spectacles,Bucket Hat Green,Grin,Sweater Dark,Natural
666,1.5,1374,88.87,https://magiceden.io/item-details/B9MsAgjGU43364KgWTY4TDpLWS1SFkMpgmbkegQn4h1H,Champagne,,Spectacles,Headband Patterned,Smug,Shirt Blue,Natural
693,1.67,3744,74.87,https://magiceden.io/item-details/CUmuuHoKiTkGYGu1P9KWeS53prF6z1ncfy3PUJrsS2wd,Sky,,Raised,Bucket Hat Green,Fangs,Hoodie Blue,Natural
743,1.65,3790,74.83,https://magiceden.io/item-details/4WrnJs5yXN9WpZPpizw5Sucp99AuAUEqr5LWiG3fdBCT,Persimmon,,Wink,Bowler Light,Smirk,Shirt Pineapple,Natural
745,1.25,6150,66.59,https://magiceden.io/item-details/DhFdTH3KjCNvV5YSWQaP2YrFhUNgawCUAVHvRgZSUVgF,Violet,,Standard,Headband White,Closed,Scarf Striped,Natural
836,3,4169,59.37,https://magiceden.io/item-details/5zneQ7emScmpdRWkA14aT1za5raYdPh3kx48F5HcdyLV,Emerald,,Synth,Cap Blue,Blep,Sweater Red,Natural
869,3,1101,75.29,https://magiceden.io/item-details/6KG5fGPtqRkb2g6keLymUy151zkj7sDREUzv6yhLMvXA,Sand,,Wink,Crown,Grin,Shirt Green,Natural
871,13,2813,0,https://magiceden.io/item-details/5ESxyKiPZ5cGhUKC6nkg6i1gnKC68UMd9bBdpx5YDfNE,Blue,,Standard,COPE,Fangs,Tank Top Dark,Natural
896,2,1436,83.55,https://magiceden.io/item-details/FbmCCsS5fjYGKphg4Kc1n1UGGNfW7miQhvAhQuiKQMmr,Blue,,Mutated,Safari,Fangs,Tank Top Dark,Natural
897,1.5,4270,73.84,https://magiceden.io/item-details/HmPPxEq1VrmwAVoPauEaJkNwDzEiy4dMKfzskk1UG5Q4,Mint,,Thug,Backwards Cap Pink,Drool,Sweater Red,Natural
981,2.35,3130,71.26,https://magiceden.io/item-details/KPriA3XvhbUhWdoBu4dXBUUzXxvoRmcAKRQs8o9NAh4,Amaranth,,Wink,Headset,Smirk,Sweater Red,Natural
982,3,2259,69.28,https://magiceden.io/item-details/92BMEomtsZsh24wLHYRkVZkEmg1qVZ3mFniuVCqWrg6x,Rose,,Standard,Viking Dark,Blep,Shirt Flannel Yellow,Natural
1081,2.5,977,80.93,https://magiceden.io/item-details/7qydWRf3wGMWygA42PGMmqebn9TdfzbUTCPYC1kSTKnZ,Alabaster,,Shades,Bucket Hat Green,Blep,Captain Red,Natural
1121,2,3516,72.75,https://magiceden.io/item-details/9VjZqvQ7AhkKruZJ8o6NxHUxoASTCijV3P9bD4DHp5Lf,Champagne,,Wink,Backwards Cap Dark,Closed,Scarf Striped,Natural
1154,6,4289,28.74,https://magiceden.io/item-details/J3tncR1wC563aXaSRo6Y6wD7tszTGzKDEmNDAKwQqGPi,Amaranth,,Jaded,Backwards Cap Pink,Stache,Shirt Red,Natural
1212,1.22,4251,76.74,https://magiceden.io/item-details/8tyzLxWT8R7MG21zYjn3Bn4LVPGJbB1Ws4xKtwsYmkgR,Sand,,Thug,Cap Pink,Drool,Sweater Green,Natural
1215,1.86,3318,75.18,https://magiceden.io/item-details/FK14Lw7CQGpMZuSf1RMnc9wXQBsD8Lff6AVAUw79dF2Z,Emerald,,Jaded,Bucket Hat Blue,Stache,T-Shirt White,Natural
1232,1.15,3717,80.21,https://magiceden.io/item-details/FVguwRs1GjAv8e8uasPssBeLBps2kayWZtp3536GeX6w,Sky,,Raised,Headband Patterned,Grin,Shirt Flannel Red,Natural
1251,1.2,4766,74.27,https://magiceden.io/item-details/9sUQMWhRT2PKXy6NCA2QQfCMBXC9EKvC1ZJB7JuQd1iM,Yellow,,Wink,Bucket Hat Green,Smirk,T-Shirt Dark,Natural
1273,7,1546,32.98,https://magiceden.io/item-details/hiyKDfqnPbaRMuVYz7XTos3kuRBSbiRW8h59zd4bXY5,Pink,,Jaded,Backwards Cap Blue,Drool,Astronaut Orange,Natural
1287,1.25,6874,62.83,https://magiceden.io/item-details/DUaGGuqYjPrMAVEpytpu8gSEwRD8FRC4mKfhV6Lqxxez,Rose,,Standard,Headband White,Fangs,Turtleneck Orange,Natural
1308,2.22,5771,58.85,https://magiceden.io/item-details/6t69CmBVZrpaqx7rPJLuvgZDNinkXsUXTvq6Q6nqETsz,Straw,,Jaded,Bucket Hat Blue,Smile,T-Shirt Yellow,Natural
1309,5,225,59.83,https://magiceden.io/item-details/4dBJWBY1ExxMHRoB9C6ANuLu5mQseGmkSgv41BkEcxXz,Emerald,,Solana,Viking Dark,Smirk,Tank Top Pink,Natural
1374,3,4935,55.39,https://magiceden.io/item-details/F9nqBiBdc8hjs8ptxaoEfpiQtzQpf2XaNCkhjA2pMw4C,Green,,Mutated,Headband White,Blep,Shirt Flannel Blue,Natural
1480,1.75,1114,87.72,https://magiceden.io/item-details/GK7ZfQ4auhCYcZ3ivTJCbp6s3Fi2pjgP52KLZ5D2yvqL,Persimmon,,Thug,Valet,Smirk,Shirt Camo,Natural
1490,1.496942,1523,88.13,https://magiceden.io/item-details/bHt2w25No3rz7C9DgavcG9SNzAiE2XqrN3SajXR79oR,Mint,,Solana,Bowler Light,Smile,Tank Top Pink,Natural
1519,1.14,4121,78.21,https://magiceden.io/item-details/BJVXQqJF8d3UirN5zeW1dQG9jNsh7U2KdtjEEe4SDYyA,Yellow,,Jaded,Sportsband,Stache,Scarf Purple,Natural
1618,1.696969,4992,68.12,https://magiceden.io/item-details/3ym4rrHQazxYyiGKQFQ1gaPiPvwsF7txSnvc4vEfgPrK,Pink,,Mutated,Bucket Hat Ivory,Grin,Shirt Flannel Red,Natural
1635,1.4,3952,76.49,https://magiceden.io/item-details/GAgqt1VMja6X8thDnuziBSSPWurBoMHi4fMXAW2LM19S,Emerald,,Jaded,Valet,Smirk,Shirt Flannel Green,Natural
1655,3,63,80.67,https://magiceden.io/item-details/8p58Gf92pXo44KDQHVR9rwGmw2CyswrJzLBd3VHpUjX4,Sand,,Angry,Pirate,Beard,Sweater Red,Natural
1784,2,2430,78.39,https://magiceden.io/item-details/F4SRqzxqwso7iZeXhUcZ7MtrPYmYvexsedSqpifPVxag,Sky,,Blank,Cap Blue,Closed,Shirt Pineapple,Natural
1813,1.1,6012,68.8,https://magiceden.io/item-details/GsV2mwTPd32wTZierBNTpq6bibRPKZdkKa6ooCfrAwM7,Rose,,Standard,Cap Dark,Smug,Hoodie Light,Natural
1916,1.15,5442,71.26,https://magiceden.io/item-details/5aaqEabxhmYeJepRAa9mqc4psDRjb56aP1azHX5PxHQC,Champagne,,Wink,Bucket Hat Blue,Smile,Shirt Flannel Red,Natural
1920,5,792,56.89,https://magiceden.io/item-details/7BVXMKiqdK5F2nECStC5S51dgSTrK54pkUfEXgYktZjM,Amaranth,,Solana,Safari,Smirk,Shirt School,Natural
2011,1.2,6817,63.62,https://magiceden.io/item-details/Htwecar8svHUx1k6t6QMKXSBBYPD4j2pCYM6QqPYV7E,Emerald,,Jaded,Cap Pink,Smirk,Sweater Green,Natural
2053,2.75,576,80.51,https://magiceden.io/item-details/AhCiZjfaTSnRb6HaV8jmS6ZH7P2juen2jHrQmkDqcWtL,Straw,,Eye Patch,Astronaut,Smile,Tank Top Pink,Natural
2062,3,929,76.18,https://magiceden.io/item-details/B5NZaarGpDsxhR6qsmKabhyYoKE6PraCKVJxz7zfA8Dq,Amaranth,,Shades,Viking Dark,Blep,Tank Top Purple,Natural
2072,3.5,724,72.24,https://magiceden.io/item-details/B1T7bgeawXusjU55xJS8fHV6sLydubq2peURRxWYAvYc,Blue,,Standard,Backwards Cap Dark,Beard,Scarf Striped,Natural
2138,1.35,3246,80.66,https://magiceden.io/item-details/3NXMfMwJKYnBzMgj8qgsyXTge2KpbLzRXCkRDx8YsBUD,Champagne,,Thug,Backwards Cap Camo,Smile,Scarf Purple,Natural
2157,1.75,4332,71.02,https://magiceden.io/item-details/HAtrTwxv3Uk4s8EfpnDoXXntGzR6uS56bF2X1Dfu6uJM,Violet,,Shades,Sportsband,Closed,Sweater Purple,Natural
2178,1.1,4490,76.7,https://magiceden.io/item-details/DUkJbqD1NdiVcjZar1eGdDkciDAmxSgGuD6pciXW3CQ1,Amaranth,,Shades,Bowler Light,Drool,Shirt Blue,Natural
2185,5,1419,53.64,https://magiceden.io/item-details/5LMixTzb2pGv8psq3RuLnMUmpFn3r32a7MYfmxUHViP2,Emerald,,Jaded,Backwards Cap Blue,Blep,Captain Red,Natural
2187,5,980,55.91,https://magiceden.io/item-details/EASxkDea9zKQnPT7Kzke3vyCuJiMp9GYXvgfTtLtFBqQ,Sky,,Mutated,Halo,Closed,Shirt Flannel Blue,Natural
2255,11,1153,0,https://magiceden.io/item-details/GeehE5mRG16bb2gPij5SzDS9B4RfYo8fo3uniqthPMBo,Straw,,Angry,Viking Dark,Smirk,Tank Top Purple,Natural
2314,1.3,4967,72.22,https://magiceden.io/item-details/BxjmNZrcetuuU8Ax2UJQ8mjr1KqDUBBTbLC2rwSgSM7V,Orange,,Thug,Bucket Hat Green,Grin,Turtleneck Blue,Natural
2338,1.5,6346,63.07,https://magiceden.io/item-details/32MdRqCCcpEjuzRCXXUJFrtHMii2xQgEa5BkE5dpHeAz,Blue,,Standard,Cap Indigo,Closed,Turtleneck Blue,Natural
2367,2,1105,85.27,https://magiceden.io/item-details/9zfSpQ6FvptkvRt6DpdhBLc8sW1xPWfmvN732naNucWE,Purple,,Wink,Headband White,Beard,Turtleneck Orange,Natural
2448,5,4510,37.6,https://magiceden.io/item-details/AoHbcraMhYYiRY9oexvXHs9pHwBPJqfTz8eQ2NZzJubY,Yellow,,Scar,Bucket Hat Green,Smile,Sweater Red,Natural
2525,2.5,1699,77.18,https://magiceden.io/item-details/H4DLRSeGhnBSe4UNr1U2mt2NUKQoVBqELUKVvGXqn2T2,Straw,,Angry,Cap Dark,Stache,Tank Top Pink,Natural
2611,2,7291,53.16,https://magiceden.io/item-details/4zzsoVgmZhmoC4nr9bAeQxWzkPX6k8sjy8mSQQYma3RM,Blue,,Mutated,None,Drool,Turtleneck Orange,Natural
2733,4.8,967,57.98,https://magiceden.io/item-details/DP4xe9ESh7j8t474AReYghJLNszjNvwAoRkNt1b8PgTG,Mint,,Jaded,Crown,Fangs,Sweater Dark,Natural
2736,3,2700,66.99,https://magiceden.io/item-details/DazoNZY11doqSccpDgHeEW8WgVAWp5dJkRNoKRpvpuTA,Violet,,Thug,Cap Dark,Closed,Sweater Purple,Natural
2914,1.6,2275,83.19,https://magiceden.io/item-details/5hWd33qsgsUrqXEgRynR9YqBY5BseT2wdyHnYJEzF68x,Orange,,Solana,Cap Pink,Blep,Shirt Blue,Natural
2918,5,175,60.09,https://magiceden.io/item-details/56LuF8CV86igjzjNc6sY16HkKDB95P74npBwezAHnhzb,Green,,Eye Patch,Headset,Smile,Armor Dark,Natural
2973,1.5,6068,64.51,https://magiceden.io/item-details/74s2FJJBdDaMUnY8Tqp6vU87nDjkcorAC4beeiYGHMvF,Emerald,,Standard,Headband Dark,Smile,Shirt Camo,Natural
3097,2,2778,76.58,https://magiceden.io/item-details/54FXQMaDaLrTKcedi7dzKAMsPxPwsUArbztHVNX9M4hv,Orange,,Mutated,None,Beard,Hoodie Pink,Natural
3102,1.2,962,94.01,https://magiceden.io/item-details/6SHGSZKBCn8v8iPZ95yPqfpggQ6djUi9iDxvQtvbaTeG,Rose,,Raised,Headset,Smug,Shirt Pineapple,Natural
3120,1.5,7594,56.59,https://magiceden.io/item-details/GooKcdW7jdLA2yf1X6BcTJTohWmYQoFXpsn5uczu34LH,Straw,,Jaded,None,Blep,Turtleneck Dark,Natural
3127,5,5954,30.1,https://magiceden.io/item-details/9BBEDdQTzhimr7qbjwieQYRdNABi9txqaW8CvUm3feQP,Emerald,,Mutated,None,Grin,COPE,Natural
3184,3.35,698,73.88,https://magiceden.io/item-details/4a6DsUM4UxWbnEpRpv8Zr3JSHWxx45Q3q25zvRk8mjZQ,Rose,,Synth,Viking Dark,Fangs,Sweater Light,Natural
3247,3,2865,66.13,https://magiceden.io/item-details/7uC5vyQY3Tu5xX9eW5C218pVUpLoZ67utUS2YXhe9XUi,Rose,,Mutated,Headband Patterned,Fangs,T-Shirt Yellow,Natural
3259,2.5,2089,75.16,https://magiceden.io/item-details/939oKsHKrFYb6HURRv29jGvnBfTVW2uSARxsaK6j4Pyq,Orange,,Synth,Afro,Fangs,Shirt Flannel Green,Natural
3428,1.8,6954,56.91,https://magiceden.io/item-details/ayrVjAGgYPAnT8UdnB9tteAsvHJ46TCMutDUQTxwQFz,Green,,Standard,Backwards Cap Camo,Drool,Tank Top Purple,Natural
3440,4,292,69.48,https://magiceden.io/item-details/DdV2F3Td2ZLKAXFCUpiqNK1D4B3PiBiTK24Sx211X4BR,Rose,,Mutated,Centurion,Fangs,Turtleneck Dark,Natural
3490,3,853,76.57,https://magiceden.io/item-details/AmEQXjxgU5NdC8LCBQLPRjvjZniSNw69vDeUCVoQPoYQ,Sand,,Eye Patch,COPE,Stache,Hoodie Green,Natural
3513,3,236,79.78,https://magiceden.io/item-details/BMsEL8eWFGK2EoaEMxGTLDtyYWqVFegseSCbLpwdsh9J,Purple,,Eye Patch,Monster Trainer,Smug,Scarf Striped,Natural
3540,1.18,7065,62.54,https://magiceden.io/item-details/WPmSt5sdK1VKhNMCZGZtrcbo6vCA3m7UWjvyFBa5h4E,Emerald,,Standard,Bucket Hat Green,Smirk,Shirt Flannel Yellow,Natural
3544,2.33,617,84.5,https://magiceden.io/item-details/6zMmz5BfkHCJw1pSGYnt5Uk6k4X8mQRBJ1wGaGMoGXcL,Violet,,Wink,Halo,Stache,Scarf Red,Natural
3546,1.375,3485,79.16,https://magiceden.io/item-details/FeiYniSsFxtbacGRgRtvrUDdFS9vfzXRKWRfEtwLFdLw,Mint,,Synth,Sportsband,Smile,Sweater Green,Natural
3566,10,4195,0,https://magiceden.io/item-details/AeNPcQaBo15aLXJ6thtooWahhqi9nzWW5qCRL9b7eHav,Green,,Angry,None,Fangs,Astronaut Orange,Natural
3625,2,5741,61.21,https://magiceden.io/item-details/4wPJ6ez39nFEmR5Tib5ACTbrifje1gFtbJKepsFZFnip,Pink,,Standard,Backwards Cap Pink,Drool,Turtleneck Dark,Natural
3690,4,5008,45.01,https://magiceden.io/item-details/HLBj9Qz5jWKeqxWHgdnPLyTppzd567NXTxMX4qHwTP9s,Amaranth,,Blank,Headband White,Blep,Hoodie Green,Natural
3708,2,3993,70.28,https://magiceden.io/item-details/B3ec7ZZqjTZzcRVMX3xmwfLbzXswHWDBm8qv9w2LeW2C,Green,,Blank,Headband Patterned,Closed,Hoodie Light,Natural
3744,4.69,2021,53.61,https://magiceden.io/item-details/3Y8XgpYEuMsK1r3GzWE2BGTF4n1pRUw5MFBTqceVeEfg,Alabaster,,Solana,Cap Pink,Closed,T-Shirt Yellow,Natural
3807,1.69,2355,81.88,https://magiceden.io/item-details/5cWkzwqbQcrjSQRoJzkh1r1vaS48xqsS7AGQQeugXjrb,Green,,Blank,COPE,Smug,Shirt Flannel Blue,Natural
3832,6,5500,22.46,https://magiceden.io/item-details/4MckLpn7aMviiyWSbxfdhgY2FVbUr6ezuhD2wW14bZ8y,Green,,Mutated,Headband White,Closed,Tank Top Purple,Natural
3880,2.2,1318,82.16,https://magiceden.io/item-details/2mtBjyj63RbL6TnwVAMSZ9UufMz7Qef7VCok2ZkYj3yg,Sand,,Solana,Bucket Hat Ivory,Grin,Sweater Dark,Natural
3894,1.25,4586,74.7,https://magiceden.io/item-details/9kSBSGyp5WziNwYg8wxi14gZJ89KGaZrEwcw88tW2pdo,Rose,,Synth,Backwards Cap Pink,Drool,Shirt Green,Natural
4010,1.3,907,93.29,https://magiceden.io/item-details/EQMbiEz51EqAfe3zZmrGhXtBfWNSLdyqne3FrbjTEewx,Rose,,Spectacles,Headset,Grin,T-Shirt White,Natural
4033,1.45,6034,65.19,https://magiceden.io/item-details/AK4wZTsUbnGCY93o8TwYWQ94sdhoRQev6LcUWCuqNYHg,Rose,,Wink,Backwards Cap Camo,Smug,Sweater Purple,Natural
4057,1.22,6999,62.48,https://magiceden.io/item-details/FoyjiEeQH7Yv29yjgiwoY6p5MVaU2G9uZiRPPQWLDuSf,Sky,,Standard,Bucket Hat Ivory,Smug,Sweater Red,Natural
4063,1.4,3449,79.1,https://magiceden.io/item-details/5sf3u64ysnZfLW6qZhu5d9CW8E9MezVmPxWAHfL2NUUo,Rose,,Mutated,Headband White,Smug,Sweater Dark,Natural
4089,3,267,79.61,https://magiceden.io/item-details/9Y6ecPtaAqwFhegct39LbCyqimuxkzpDw7A43q56veKh,Alabaster,,Thug,Pirate,Stache,Hoodie Pink,Natural
4103,4.58,210,64.11,https://magiceden.io/item-details/HcnVUhNjs9sFN1theN385shZFKzp9f956uAFshdTTbWD,Mint,,Solana,Cap Pink,Blep,Captain Red,Natural
4133,9,1735,12,https://magiceden.io/item-details/FGjgf3gDFkmQ1Q7TTpaHBkbcCFeZhqY4j23bgD21Tkcq,Sky,,Standard,Cap Indigo,Fangs,Astronaut Orange,Natural
4155,3.5,1640,67.49,https://magiceden.io/item-details/75GCiQXnR4KbJgytrVVFR2ioo6Q5wHwdCSUf2nEqbUL7,Yellow,,Standard,Crown,Smirk,Shirt Flannel Blue,Natural
4177,1.99,6784,55.9,https://magiceden.io/item-details/4KZj17eJQN56TPecwPv8uhz31JWxsYhQ67R7Dyj1j7Zp,Persimmon,,Standard,Bucket Hat Green,Smirk,Sweater Light,Natural
4178,30,1280,0,https://magiceden.io/item-details/A4n4LBrNr34u5bZkuxdfDUtFGCRVPjGdJu9YwkMBFCj4,Green,,Wink,Bucket Hat Ivory,Blep,Astronaut Light,Natural
4260,1.25,4698,74.12,https://magiceden.io/item-details/BCAKFkQPjmGXEMs8RhGZtboYiCBANq3rC4t4fkVYuiMP,Emerald,,Mutated,Cap Blue,Smug,Tank Top Purple,Natural
4407,9,1040,15.6,https://magiceden.io/item-details/Gu7oCPEVcCu3p7bVq4cwWDU2zaZvJKq9JTuLAX6VN18a,Sky,,Wink,Bowler Dark,Smile,Astronaut Orange,Natural
4455,5,1841,51.45,https://magiceden.io/item-details/7T9uEVbjQbnSLEhDu8az96K4LJkY5RPxLsT1D6C5h9zN,Rose,,Jaded,Halo,Smirk,Sweater Purple,Natural
4558,1.25,6227,66.19,https://magiceden.io/item-details/AzYEBYJuQVdpw9sghoBMnxEZpwdCLhFwvPjcpsB1HZjB,Violet,,Standard,Cap Dark,Drool,Shirt Flannel Red,Natural
4575,1.19999,6832,63.55,https://magiceden.io/item-details/6xJcNoon5BUPntnHGu2wsGZByJcgxGXb59VqgeCRqpaA,Rose,,Standard,Headband White,Smirk,Scarf Purple,Natural
4595,3.69,608,70.94,https://magiceden.io/item-details/BKxxCkaw6aGxz64ofUYo3yu4Wh93EJJztZDMSQWUj6TS,Purple,,Eye Patch,Headband Patterned,Drool,Armor Light,Natural
4631,3,5212,53.95,https://magiceden.io/item-details/GtMnamMHERsyFpn5DgdsauipbjEt8gBQw6kxyKXcteAs,Persimmon,,Wink,Cap Dark,Fangs,Hoodie Green,Natural
4640,2.88,4885,56.85,https://magiceden.io/item-details/25woVvE6wbjr9VAdw5NfM9uTTx6LrpbXWe5MrS2v2oFL,Blue,,Jaded,None,Smug,Armor Dark,Natural
4648,100,6351,0,https://magiceden.io/item-details/7nwLEmdhUudiJiujwJSZRjsi2KPCRgfEeHRLQYuWiUzx,Emerald,,Standard,Cap Pink,Smile,Sweater Dark,Natural
4652,5.9,5887,21.45,https://magiceden.io/item-details/HofWcQTw1Nyyj6XKYEfLbgoXMZdUusQGNUKk97byng8f,Yellow,,Standard,Cap Indigo,Drool,Tank Top Dark,Natural
4822,1.26,7010,62.02,https://magiceden.io/item-details/2cAt5tG7KmRRUAFj9hLHqRAZLqbjwnVhWPnxda4Gpsuo,Alabaster,,Standard,Sportsband,Fangs,Sweater Red,Natural
4828,1.375,7637,57.62,https://magiceden.io/item-details/6Z23p2xWU3LK82wE8594qVSkZWbHVTCVEkfpK1gYdx3h,Rose,,Standard,None,Fangs,Sweater Dark,Natural
4843,4.5,357,64.15,https://magiceden.io/item-details/FaSY5ZmE2EQdFFWaMAX3Hj58dgWdB2adLtGHfSmJE2A9,Green,,Shades,Monster Trainer,Smug,Sweater Light,Natural
4875,3,4803,56.08,https://magiceden.io/item-details/BCBhfGENewwZGvUwyQVkxtJwsU9jVNUQunBwzwjKJ788,Alabaster,,Scar,Bucket Hat Green,Drool,Shirt Flannel Blue,Natural
4902,20,399,0,https://magiceden.io/item-details/DYCR6bqfNaB2zRWnTj1JvQpVXvFzQZ3BmRxbkoaa2M7X,Mint,,Synth,Viking Dark,Blep,Scarf Striped,Natural
4986,2,2494,78.06,https://magiceden.io/item-details/7yxa2kjQHB1xFMzysiLR2Xe6f8JnvAZKtgenrRQJR6xz,Champagne,,Angry,Safari,Smirk,Shirt Flannel Red,Natural
4996,3,1448,73.49,https://magiceden.io/item-details/JB5GWFghVd6nu3fJjmUJP5H1vTyskbqBYUW5oqoEYN6Y,Persimmon,,Wink,Pirate,Smug,Tank Top Purple,Natural
5029,1.15,6951,63.43,https://magiceden.io/item-details/BQnPL2wMZXrCphEznWhk7fR3eTWmWCfo2r2yHfWtqQ2Q,Persimmon,,Standard,Cap Pink,Smirk,Sweater Light,Natural
5051,2.9,7521,42.97,https://magiceden.io/item-details/H4mcbCJN4iMYsibkWLWAC1Kasv9SnUr2qox5M5Jxff1j,Yellow,,Blank,None,Smirk,Hoodie Blue,Natural
5066,1.75,3015,77.85,https://magiceden.io/item-details/EWvWiBQwnaRi5mBRE8n276nQiyTquSip8NY3DgcyPrdw,Straw,,Jaded,Bowler Light,Stache,Scarf Striped,Natural
5222,1.27,6753,63.26,https://magiceden.io/item-details/92FCpKWPHLRhmEqoHJKv6tvKXYKXDSSx3RriByiSG2wN,Blue,,Jaded,Bucket Hat Green,Grin,Shirt Flannel Yellow,Natural
5269,1.33,1927,87.7,https://magiceden.io/item-details/cFRmX514K525aZna4bZuQKQkkSwKZibWqfC8ibSaTa7,Sand,,Shades,Safari,Smile,Turtleneck Green,Natural
5300,1.5,1987,85.69,https://magiceden.io/item-details/5eowcFp7RQbLHoxQA9L4WcTsdhWAnTyvPXkhrJqFvbDD,Champagne,,Blank,Valet,Closed,Turtleneck Orange,Natural
5397,2.5,943,81.11,https://magiceden.io/item-details/8ok4qo3sEjmxyiNG7JxuFtmdjhZGkh3dhBaNYwq3ZDAT,Yellow,,Sleepy,Pirate,Smug,Scarf Red,Natural
5484,1.7,2238,82.39,https://magiceden.io/item-details/21JGj691wYciVCyFzKA5mVQFRihVBQ6G4xTHhmVw2sEP,Yellow,,Shades,Headset,Closed,Shirt Red,Natural
5530,3.3,3353,60.6,https://magiceden.io/item-details/AHWf9c8GSu2frFNQcMnTvt2U7rwPN5N8wrrU7fTM5fuM,Blue,,Jaded,Backwards Cap Pink,Drool,COPE,Natural
5597,10,57,10.7,https://magiceden.io/item-details/5wCqiHR5m2gtL3XMYFUew6ePnpku6HB8bxokWA1oL2mh,Violet,,Eye Patch,Viking Dark,Closed,Armor Dark,Natural
5725,1.24,4212,76.74,https://magiceden.io/item-details/BnZwZHhqBVUeaR9uEzQQsgiBH2XThmXANbMc59fozF6K,Champagne,,Wink,Backwards Cap Dark,Blep,Hoodie Light,Natural
5766,4,3974,50.38,https://magiceden.io/item-details/BNspkNUoMxYYRgQiQWzYitTHPvbLHeBonyL5pG4R3Vjs,Orange,,Sleepy,Bucket Hat Ivory,Drool,Sweater Purple,Natural
5787,2.88,6481,48.57,https://magiceden.io/item-details/DeByv6Lgkga6TvqViWVd9jRtbyaYmNqxdgfhMXBpPLPv,Green,,Standard,Backwards Cap Blue,Fangs,Shirt Flannel Blue,Natural
5798,2.63,833,80.38,https://magiceden.io/item-details/9UHT2QNxqH11WUShK1NJ8hVngMUxL3pnbrTnuJhxnLVb,Mint,,Sleepy,Viking Dark,Smirk,T-Shirt White,Natural
5800,1.85,1911,82.58,https://magiceden.io/item-details/7CZ15KU62dWC9Htfjg4PbfBV9UjR6VmWC3c21MdbqMqe,Purple,,Solana,Bucket Hat Green,Grin,T-Shirt White,Natural
5816,1.5,3671,76.95,https://magiceden.io/item-details/GVq2yKTP64AFcDxoDg4EJ2wpi3SbviSqxmnRNT1CqSKC,Sky,,Standard,COPE,Fangs,Sweater Purple,Natural
5821,1.99,5429,62.93,https://magiceden.io/item-details/7wCPcFzbbCR2826sHTDhJMYfksJtbVeCCgBUutufghDB,Pink,,Standard,Cap Blue,Smug,Turtleneck Dark,Natural
5871,4,1487,63.28,https://magiceden.io/item-details/2JEoY6GJMjKKv2RJzhNErKyYyiGx8BQrZtr9ny2sV9g4,Blue,,Jaded,Crown,Smirk,Shirt Flannel Red,Natural
5886,2,5242,63.8,https://magiceden.io/item-details/6Z4G4mPGraTbVNSgwXWMFEQ1CndSZTgyihq7fvPLCtQA,Alabaster,,Eye Patch,Backwards Cap Camo,Closed,Scarf Purple,Natural
5929,5,3561,42.52,https://magiceden.io/item-details/5oxjdCxauWr3cq2QxyVEvsQt9hR1zur9PEr1UV5ywsJb,Violet,,Jaded,None,Beard,Sweater Dark,Natural
5993,4.5,2099,55.11,https://magiceden.io/item-details/3prZPoNjq9QadimqckXAg9qYgFLRxswMGKPMgoAVMQ89,Orange,,Jaded,Halo,Drool,Tank Top Purple,Natural
6045,1.25,5147,71.79,https://magiceden.io/item-details/4SFhxmobGKLLAnyTJQRPEfjQ4R6f57hcLrvNn2EfPQcD,Champagne,,Shades,Headband Dark,Fangs,Scarf Red,Natural
6088,1.2,6139,67.14,https://magiceden.io/item-details/7CP1TXdKsCnk384FhXmQdXfwn9uy2z4mfYN9zpjRwHhE,Purple,,Wink,Backwards Cap Camo,Blep,Shirt Flannel Red,Natural
6090,2,1368,83.9,https://magiceden.io/item-details/7zznZ24theJm6dbwqqajuhytHAKeNDeeAZvcTi5odXaz,Pink,,Synth,Bucket Hat Green,Stache,Tank Top Dark,Natural
6132,2,7708,51,https://magiceden.io/item-details/5xswAoKDisfApFjknZyCpu41ECCmTSbQSQWkFzt7PQuh,Violet,,Standard,None,Smile,Turtleneck Orange,Natural
6151,12,1258,0,https://magiceden.io/item-details/4ahkU8rAimkZd3M4ATf5dUcQrnQtdYYaQUhTTBxkqPrX,Blue,,Jaded,Bowler Dark,Smug,Astronaut Orange,Natural
6170,1.99,2648,77.36,https://magiceden.io/item-details/AdpEbV7i8JegAtyWpgPJ4q6TUCXESVe268u4oNjc9Cca,Purple,,Scar,Backwards Cap Dark,Smirk,Hoodie Blue,Natural
6177,3.5,829,71.7,https://magiceden.io/item-details/BiG2WuARsgPGQV454KsbJSCqjr1vTodAaA18Y6vB1K9m,Pink,,Sleepy,Halo,Smile,Scarf Red,Natural
6201,14.99,186,0,https://magiceden.io/item-details/Fx3TomFT9e9Ezd2TqebJPnScN8yzQPmaKSTiKcvDUQde,Persimmon,,Solana,Backwards Cap Camo,Fangs,Captain Red,Natural
6234,15,182,0,https://magiceden.io/item-details/8udEw9fbpS4BDDW5uYYCHLzE6ZF9AghWGt3JzLZnUkvS,Violet,,Synth,Halo,Drool,COPE,Natural
6314,6,5776,21.03,https://magiceden.io/item-details/7q6rX1X31cvkGZHX3LMLTN32AK1fC1HUB5diyPDx4PFd,Blue,,Wink,Headband Patterned,Grin,Shirt Flannel Green,Natural
6357,3.5,3234,59.22,https://magiceden.io/item-details/2RHEnpYLKEZkJYQHoE3a7FYcBcRHuZ38qonUDFGoouNC,Emerald,,Sleepy,Backwards Cap Blue,Smirk,Sweater Light,Natural
6531,3,5569,52.1,https://magiceden.io/item-details/4Fn48Qnko89aiXPCCF21Sh7SBw1xNxMK3rSn4UsLD4LU,Champagne,,Angry,Headband Dark,Fangs,Hoodie Pink,Natural
6537,52,6378,0,https://magiceden.io/item-details/3pVR2qBHiHx24ZwxCAVANmoXJxswgPKy8yipqAU8tUBj,Orange,,Wink,Cap Pink,Grin,Shirt School,Natural
6557,1.35,1733,88.51,https://magiceden.io/item-details/qrbTzgZNQuP69PQEka3hXNcbAotiGLmC7utSTjLJQVC,Amaranth,,Synth,Headband White,Stache,Turtleneck Green,Natural
6583,1.15,5341,71.78,https://magiceden.io/item-details/3qHU7at5gQ8M4pVdkVFvKx2RmitBb2AQTo3nRFTJDKgb,Pink,,Angry,Sportsband,Closed,Sweater Red,Natural
6609,1.5,2890,81,https://magiceden.io/item-details/CdxbsW6WiA66VuCFcspMLDtHDTqfW6C5ZomnRnFieva8,Rose,,Sleepy,Cap Pink,Smile,Shirt Camo,Natural
6637,9.8,1964,2.81,https://magiceden.io/item-details/EnV7dkvNiQbWm8NNonM8xBFcgkGMazWZkmRZrgPKhXnv,Alabaster,,Standard,Backwards Cap Camo,Smirk,Astronaut Light,Natural
6642,1.13,4062,78.62,https://magiceden.io/item-details/Bn7Fcg45Ck2YB5YZJAbLcQU3wcqmcVJS6ozVBfXqXHa7,Emerald,,Synth,Headband White,Smile,Shirt Green,Natural
6652,1.5,4383,73.25,https://magiceden.io/item-details/EEgtjWehQLmHWPFNcwtS7N8VLAUb5anipCeCtHYocfmU,Green,,Eye Patch,Headband Patterned,Fangs,Shirt Flannel Red,Natural
6720,3.33,1053,72.24,https://magiceden.io/item-details/CYAyiv4sGTY52uwU7xzZZo3dZJPmt6XVoe7WycgLmc6v,Sky,,Angry,Bucket Hat Ivory,Blep,Captain Dark,Natural
6732,1.34567,6744,62.55,https://magiceden.io/item-details/5p8eoWNYMVoQtanRmLF7o9SQPnMsV5YzvSBvk36tS2wv,Pink,,Jaded,Headband White,Grin,Hoodie Pink,Natural
6751,2.2,1771,79.81,https://magiceden.io/item-details/ER7hem8GwgNKsJ1HFRMYE6DtJ2jBLMpw7zMCEbbKXPPn,Champagne,,Standard,Halo,Grin,Scarf Purple,Natural
6760,2,2613,77.44,https://magiceden.io/item-details/9fiQmhMZWvJmqkyJDWr6zHFFNuugpvq6aRbqxXcKr13F,Sky,,Standard,Afro,Fangs,Turtleneck Dark,Natural
6804,1.2,4422,76.05,https://magiceden.io/item-details/Cs31D2JhTjngdFiaXotBp4tbaHxB5LjSYiY9rvap1DJR,Purple,,Scar,Bowler Light,Blep,Hoodie Pink,Natural
6812,3,5928,50.24,https://magiceden.io/item-details/7w7Vf2j86zwdLQmcW1unZuiDMiH2VHExdhJe6PTRT9Fp,Pink,,Solana,None,Smug,T-Shirt White,Natural
6839,12,7184,0,https://magiceden.io/item-details/SWn6gWVP8fHhqLFCJMPwaWkCC17cMAMivQ1BdE4aiLb,Emerald,,Mutated,None,Blep,T-Shirt Yellow,Natural
6863,1.5,6473,62.41,https://magiceden.io/item-details/52WMMoZjnhcQVhPP4eHHxPgh8cLYXTGGGSfKXC2uccKM,Mint,,Thug,None,Drool,Turtleneck Dark,Natural
6902,2.9,355,80.16,https://magiceden.io/item-details/ChhhiNimHmRqV4dhEQ23hwSPpoofpP3eLrmvni5VaGXf,Blue,,Raised,Crown,Smile,Turtleneck Green,Natural
6990,1.27,6886,62.57,https://magiceden.io/item-details/4UrvgxR7a8cPLwEksWQ8voWbGZsom8FP8NKyqCggT22w,Mint,,Jaded,Backwards Cap Pink,Smirk,Hoodie Pink,Natural
6999,2,7526,51.94,https://magiceden.io/item-details/Hm8SwwQWzSqcAGDSNaNgJ5cVfn4FyELBWcyPmvAqTXcV,Sand,,Jaded,None,Blep,T-Shirt Dark,Natural
7075,10,491,8.45,https://magiceden.io/item-details/EMHNCZxEsVCiXDExtJEqd7CePtcEKg5a6FRcNCrkrkzE,Violet,,Synth,Backwards Cap Blue,Closed,Astronaut Light,Natural
7090,1.69,3310,76.92,https://magiceden.io/item-details/6L2erodbZqtaWiXC5thyweWggjJT1qLmVutTeLv8A15k,Orange,,Angry,Bowler Dark,Smile,T-Shirt White,Natural
7111,3.95,540,68.7,https://magiceden.io/item-details/6ATrUW6Qfx5e6UW7iGeeHkwQQUCjKzVk2yX4iFU8SEU8,Alabaster,,Synth,Backwards Cap Blue,Beard,Sweater Red,Natural
7119,1.5,7058,59.37,https://magiceden.io/item-details/6ZiA5PXedn2PN7r4btjEiNurupt5AZTz66WCjWQBiMsa,Green,,Standard,Bucket Hat Green,Drool,Shirt Flannel Red,Natural
7128,1.375,2970,81.84,https://magiceden.io/item-details/5P6QnmxFEzcZZoLzyE6JAMhPFrUuT1sSiDFnFZ5mQ5Y5,Amaranth,,Eye Patch,Headband Patterned,Grin,T-Shirt Yellow,Natural
7138,40,31,0,https://magiceden.io/item-details/HzkbZawCTEvUoq7xipdZwegRj9iqWNW5E93Y3wZT53ae,Sand,,Raised,Crown,Beard,Tank Top Purple,Natural
7174,6.5,918,41.24,https://magiceden.io/item-details/5bHQjKzYybA7woPpu5uR6nUCeLWQAaGkSgi2Entog2Ca,Yellow,,Angry,Backwards Cap Camo,Smirk,Astronaut Light,Natural
7186,1.9,1984,81.7,https://magiceden.io/item-details/Gz7oAMFrXotE2SpPPGcB2fUkJrhRazfXZCwCRJ2GyuFJ,Green,,Spectacles,Bucket Hat Ivory,Closed,Hoodie Blue,Natural
7208,1.98,994,86.04,https://magiceden.io/item-details/6BV2EjzsqysguqLPFo1vS928hejkTieCRtzqmxFoDur1,Sand,,Blank,Pirate,Grin,Shirt Blue,Natural
7243,5,793,56.88,https://magiceden.io/item-details/4LZXHzHKM1ZNivBXusUfYyWQuPwt48UyUgsxEv5D8hdf,Green,,Angry,Astronaut,Closed,Tank Top Pink,Natural
7308,2,6186,58.9,https://magiceden.io/item-details/8fpaqh23u6zyGhdNE1BBWW1Y9EgLSVZyL4oXbyiuN4wM,Sand,,Standard,Bucket Hat Blue,Closed,Shirt School,Natural
7328,2.25,4339,65.98,https://magiceden.io/item-details/9CSFoEcdw2Fh2EtvUB3f2XWbSG2zuHE1ZXAkvy14Z2qy,Yellow,,Jaded,COPE,Blep,Sweater Red,Natural
7339,5.5,11,55.94,https://magiceden.io/item-details/H3r81J8T4BKUwUL2UhEEnbHMzLfWub9MPiBPKvvgGT7D,Mint,,Solana,Headband Dark,Beard,Armor Dark,Natural
7362,1.25,3317,81.29,https://magiceden.io/item-details/HuJLHZepad567A3PfE5CHEg8PyvwBBJ82smz5yGtUMFz,Pink,,Blank,Bowler Dark,Blep,Scarf Red,Natural
7365,6,2078,40.22,https://magiceden.io/item-details/F8ufLemRbRTV1y8veoxnVdJwfLA8kc4tAWj9xxQ9exQ2,Sand,,Standard,Headband Dark,Blep,Captain Red,Natural
7391,6.35,971,42.46,https://magiceden.io/item-details/7MtgiRsCLa273HsenPYxSb9dgCckvkpGBADmv4V2cJY6,Sand,,Jaded,Backwards Cap Dark,Smile,Armor Dark,Natural
7397,4,705,67.34,https://magiceden.io/item-details/2pdRQ3J3diJUCwW8JR6VJ2raBDgR4QG2ac5wAz26neRE,Pink,,Thug,Pirate,Smug,Turtleneck Blue,Natural
7486,2.5,3146,69.67,https://magiceden.io/item-details/BRB9nJAki6ohh4337Q2d2jEnw4uXWWYvZ5WJhCSHK1A3,Violet,,Raised,Headband Patterned,Fangs,Shirt Flannel Yellow,Natural
7488,3,341,79.23,https://magiceden.io/item-details/HgQL2pRK5R4LFnMRaBBHAfeSCkqV33EJbdg7C8dpX14T,Pink,,Thug,Backwards Cap Camo,Beard,Hoodie Light,Natural
7493,5,65,60.66,https://magiceden.io/item-details/93xzsyGkVs9wCoUsYeN1KM8hagagAykG8z5PPWC85WvB,Pink,,Standard,Centurion,Beard,Shirt Camo,Natural
7522,3,664,77.55,https://magiceden.io/item-details/Bp5V1YP31rahjTxyFy2o3gP5KWyyXWL3t56UCJjQ4xBw,Orange,,Mutated,Captain,Blep,Sweater Red,Natural
7554,1.23456,4359,76.03,https://magiceden.io/item-details/Bg2ucKKJZn3psq7KmtFP8GASidyn5LmhSM3TdwkDA7b8,Sky,,Angry,Backwards Cap Dark,Closed,Shirt Flannel Yellow,Natural
7594,3.5,385,74,https://magiceden.io/item-details/R2iRPQFpRpqedMtpkXocDW5iJiWT1QkWu2a7gpgZXUi,Sand,,Thug,Captain,Drool,Sweater Purple,Natural
7605,1.5,2234,84.41,https://magiceden.io/item-details/6TWNcEb1D9mjKnDn3ZVw5zmNK3auAtRpGhMgQEPBEejN,Alabaster,,Sleepy,Backwards Cap Camo,Stache,Tank Top Purple,Natural
7612,100,8,0,https://magiceden.io/item-details/HhHfudzDFsiHgg5PRp3eUQ7DScNpu8acDaHmwM9SjPxC,,Devil,,,,,
7650,1.25,6316,65.72,https://magiceden.io/item-details/75tetbfcfU7YvtJegkjxacLSQNeCfYhBKykREqBrqULH,Sand,,Standard,Bucket Hat Green,Smile,T-Shirt Yellow,Natural
7676,1.29,1510,90.26,https://magiceden.io/item-details/75RouQyTCp8fRzbEQpmGeDRzn7NCVPG93Kk8obsnSkjn,Amaranth,,Synth,Backwards Cap Blue,Stache,Shirt Red,Natural
7677,4.25,775,64.48,https://magiceden.io/item-details/Fn4Rs3R539L8khhLn8jhsTApDfntP5Rm37pnu84LSJkd,Persimmon,,Eye Patch,Headband Patterned,Grin,Captain Dark,Natural
7703,1.12,6055,68.38,https://magiceden.io/item-details/HP5buLtfFr7Pf94MWx4om1mv5vecpticfyxJnfvp1GSm,Alabaster,,Standard,Bowler Dark,Blep,Turtleneck Green,Natural
7720,1.6,6094,63.38,https://magiceden.io/item-details/HBmLDmUGNAYyraQm5T7Spc8bPB2WMPWaTCEkTbgnQevW,Violet,,Jaded,Cap Indigo,Smile,T-Shirt White,Natural
7733,2.65,622,81.27,https://magiceden.io/item-details/GFueg56HAjTf4qCZCGxxpkWxtendLnvZxGUnZnMmLbgT,Champagne,,Eye Patch,Captain,Drool,Scarf Red,Natural
7761,5,326,59.31,https://magiceden.io/item-details/2tPxzUdKtjkUU17FEUaEMBh4nZNwsuaNPcaNf111nbtj,Emerald,,Scar,Viking Light,Smile,Hoodie Light,Natural
