id,price,moonRank,ðŸ’Ž score (%),storeURL,Accessories,Background Color,Background Design,Body Color,Eyes
1,25,1067,0,https://exchange.art/single/3w1DnMJpweLnBdwuvSK3LkgJf5kSqDvNVWDPhjbJY93Z,Bun Lyht,Red,1,Green,Sinister Purple Eyes
4,10,1084,4.96,https://solanart.io/search/?token=G2M19boWH8wuFWiv8RJdKGhGxu8qYfWyC2vgQwWG4Aed,Bun Lyht,Pink,None,Orange,Sinister Green Eyes
17,17,916,0,https://magiceden.io/item-details/BdPg4BcHt3V9YMZMwqaHWQpxxB33STU3Vo1qQ3ccU3q5,Mushies,Pink,None,Green,Sinister Green Eyes
18,30,517,0,https://alpha.art/t/6714KepKA8yB25CQ4Q6ptqbktjci3YcV5xsVUBwSL5A9,Bun Lyht,White,2,Red,Sinister Purple Eyes
32,7,425,58.82,https://magiceden.io/item-details/2zfiHAKMqkUxaSk3RHyxbT7mNYQwnd8dYAnX2SLBzoZ2,Tattoo,Pink,2,Green,Sinister Purple Eyes
34,10.5,1080,0.1,https://alpha.art/t/ieMqnNeKW7osSGGJzoVgBXkY3CuoGN9yzTF2Z6vbXio,Bun Lyht,Blue,None,Green,Sinister Green Eyes
35,15,26,0,https://magiceden.io/item-details/CzW8LziPhTtA96rXSZVr352s37dbUPZ8oacreqTVGyyr,CD,Pink,None,Green,Cute Green Eyes
43,18,38,0,https://magiceden.io/item-details/9YrYCeogcFRNfKyLdUHwsvSnJnc4Y5yoHjfwUh7Wogd4,King Crown,Green,None,Blue,Trippy Eyes Green
89,7,318,62.69,https://solanart.io/search/?token=GnzYDYWnfr98crMVboymNbGci6b7RB6fki6oFyBFrnCZ,King Crown,Green,None,Blue,Stoned Eyes Blue
101,55,45,0,https://solanart.io/search/?token=74hbkuHWwcyeSXAqGHSgAnwq17FAoQ9Gfqb3vrTHgrWW,J,White,3,Red,Stoned Eyes Green
103,70,208,0,https://alpha.art/t/4aGxKNJ4RraPcQawD6Rvnjr4hNwwGdpsZQDXhMo2Qmuj,J,Red,None,Red,Trippy Eyes Green
105,7,952,39.74,https://alpha.art/t/2vsEKaTHdMxzUtDgesuW4CVFjXQs6nCRg7F8DinMdzPH,J,Pink,None,Red,Stoned Eyes Blue
106,225,8,0,https://alpha.art/t/HcGSx1inAHjvpq9UfXkA72gtuHBPSqms4st2NrEUj33r,Mushies,White,None,Blue,Trippy Eyes Blue
114,30,62,0,https://alpha.art/t/AsJPwcVTJn2v4FnjF2ZQ3hoinkREg5jPYWhNpK6TCtZR,Mushies,Red,3,Green,Stoned Eyes Blue
123,9.75,1000,10.5,https://solanart.io/search/?token=5zydHRcD4WUeLD8WAaqHUptCpeCuTRgdCwNEP3iH7dCD,Bun Lyht,Blue,1,Green,Sinister Green Eyes
140,29.99,315,0,https://solanart.io/search/?token=Ae2zUd1uZPQTaLbWEvPoAZc2QUsb37hH8ggKpLvf21qo,Bun Lyht,Red,None,Green,Trippy Eyes Green
142,8,782,35.89,https://alpha.art/t/GTJA9BjsxbCQH9zsVKH4in9FyJQVKPVGBr8RqYgLEbdD,J,Red,None,Purple,Sinister Purple Eyes
143,6.969,573,53.77,https://alpha.art/t/HtP9fdLLTGwMLF5KiJv57vtccfkfR7VzXYERuEcFPakA,Bun Lyht,Blue,None,Blue,Stoned Eyes Red
160,10,496,26.25,https://alpha.art/t/CRxPPLQdrPduM7RxFiHXRRscZ1ApNjxFuRSFUvXjAwc8,J,Pink,None,Blue,Cute Blue Eyes
180,13,268,4.5,https://magiceden.io/item-details/DKjGiXa6RNSH4skmuuFNawC7D9zSUYgTd2zZpyY9zUgM,Mushies,Pink,1,Orange,Stoned Eyes Green
186,5.2,885,60.16,https://solanart.io/search/?token=4VT6ojdvoErZZkZM9dhn9qNzf6AuriedGYXRXdjiR1Mk,King Crown,Red,1,Green,Sinister Green Eyes
203,12.5,629,0,https://magiceden.io/item-details/Hfm8LrWCCqq7s6VNS3BBk4vtVrVCfAdemjTkPeNbypE4,Bun Lyht,Blue,1,Blue,Sinister Red Eyes
206,10,172,37.97,https://magiceden.io/item-details/4Z7FvkJehA6U4j7Y4y4QnqApVQPtPkFyVLD31Pj8tQxG,King Crown,Pink,3,Red,Sinister Red Eyes
211,15.69,353,0,https://solanart.io/search/?token=7TLL9Qp3KfF2u2XFhZcvWYHfReeHkvUtgmBPh6Kgg86T,Bun Lyht,Blue,2,Green,Cute Red Eyes
217,7,288,63.77,https://magiceden.io/item-details/DDFEcDgtx2ZmDMVyhNjm6MFxjx1d5EE9JVokamSkMxkC,J,Red,1,Purple,Stoned Eyes Purple
219,5.5,558,69,https://magiceden.io/item-details/HZ8DTNw6EfE6ZwAQ1EyRVCrDgkV65tdD35yTkvzpvjnG,Earring,Pink,None,Green,Cute Blue Eyes
231,7,127,69.6,https://magiceden.io/item-details/8iDaAdrhrGw7yQgojibv5SXKPbfogQhWos21ehK8ig1D,J,Green,1,Purple,Cute Red Eyes
237,9.69,935,13.45,https://magiceden.io/item-details/J5xp7ZbQpUHbDMrJAgYygbjYTDNrW9Y94AHEXhSmFxA1,Bun Lyht,Green,None,Orange,Sinister Green Eyes
242,10,146,38.91,https://magiceden.io/item-details/Ay8yriziEAZMfeQx3swUH54iG4PSrcTDCNuVbfNd9NGe,Tattoo,Red,2,Red,Stoned Eyes Blue
250,6.25,592,60.27,https://magiceden.io/item-details/5wvujPo1H5xgLTYtg2EevHizWyAXc2Gk5U66saQ9mwWt,Earring,Red,None,Green,Stoned Eyes Green
251,6.5,134,74.35,https://magiceden.io/item-details/7mQBTdMjpoD2yMLReBiMe3NEfTqASeDgwymDKGjtBfKh,King Crown,Red,2,Blue,Stoned Eyes Green
255,15,731,0,https://solanart.io/search/?token=HAZch9WYXFSA9Zd1toazPYXzjc9bc5ao9Sj6iuM77Dde,Bun Lyht,Pink,1,Purple,Sinister Green Eyes
261,25,888,0,https://solanart.io/search/?token=4j3FHfv7kGCUkCQkwwDrzfwNeVHCB915vqg9y4joExaY,J,Red,1,Orange,Sinister Green Eyes
263,42.69,95,0,https://alpha.art/t/Du7EMz1RimyaQmJtKxX7k3vjCNTVLUiBWHawjvFnjmbK,Bun Lyht,Pink,3,Blue,Stoned Eyes Red
269,75,30,0,https://solanart.io/search/?token=3yxLkQcqtmRigoHLnLgkrpmYcGTb7jR7FzFE6x4rj1Gt,Tattoo,White,2,Blue,Stoned Eyes Blue
280,30,260,0,https://solanart.io/search/?token=7vMRkaWVgfUQTGmbBiTi5ExoC2ZAcnyZB4eN3mwqkYXs,Tattoo,Green,None,Blue,Sinister Green Eyes
283,50,276,0,https://exchange.art/single/EYGjp1bQpFuh48HrqnJqDdhPWpFXoCGeDBLtAEovuYFs,Bun Lyht,Pink,3,Green,Stoned Eyes Blue
285,26,386,0,https://solanart.io/search/?token=6ZF6afn57f9cmi9WS7XjfDir8pTQurBU6S7Ms6eP4AqL,Earring,Pink,1,Orange,Stoned Eyes Red
287,5.8,505,67.92,https://alpha.art/t/3CHjn4ofPBHEegmVQ2JsNawJ7m6orH7dT8yPBNnTzmwm,King Crown,Blue,None,Red,Stoned Eyes Green
298,13.99,215,0,https://magiceden.io/item-details/D4JGk3RJQz4y3cnDj9vyEbbiyD7hceGr3k8WTU911kn3,Trippy Top Hat,Pink,1,Blue,Sinister Purple Eyes
299,12.5,171,13.01,https://magiceden.io/item-details/3RhgWNYzDCWz5oRApPiRAs82CL4BTwD9KeXtR1JNC5tb,Bun Lyht,White,2,Purple,Sinister Red Eyes
304,20,126,0,https://solanart.io/search/?token=9Dm46ZYbAhGAkbFod9u4nK86bAYrSTw28nxB9eBqhagF,Tattoo,Blue,None,Purple,Stoned Eyes Blue
319,8,476,46.97,https://magiceden.io/item-details/FeUrEhmC9SuYngewFKETjNj14UdSwQWQAh8HdT2GYYqw,Earring,Pink,2,Red,Sinister Green Eyes
342,30,5,0,https://alpha.art/t/7Kes2Whej2srxm78v1vnQdm2WZT8v7RHPnm2U7UzhQhV,Earring,Pink,2,Purple,Trippy Eyes Blue
346,5.45,581,68.67,https://solanart.io/search/?token=47YamRhaSZ9AYWgueLJJMBHz4issgXjaFLMLv1qLFX2U,King Crown,Red,None,Orange,Stoned Eyes Purple
349,30,249,0,https://magiceden.io/item-details/2kwzUNtE8cTonDtGsNfnxtfRfTYqSiCGPXVdSoYREVSH,Trippy Top Hat,Pink,None,Red,Stoned Eyes Purple
358,4.9,877,63.45,https://solanart.io/search/?token=Hst4LqnHvnpqMWyJEr7xjNiAgEHnk1g78EdhuQ1j96SD,Earring,Blue,None,Green,Sinister Purple Eyes
367,17,698,0,https://solanart.io/search/?token=6LQ226ZwauT32EvfRSbQkrSfZShkN6t7exoN1czwVGEn,J,Green,None,Red,Stoned Eyes Blue
370,42.689999,775,0,https://solanart.io/search/?token=EThws588byDruRwtU3zsSQKX3u8bqAUNa6h8o44QYZNf,J,Red,None,Green,Cute Blue Eyes
371,10,574,23.42,https://solanart.io/search/?token=3P9n4dbUDLWy4iujffk31NDUPE3j84tNQsJMawciBsST,Earring,Green,None,Red,Sinister Red Eyes
383,7.77,1102,26.61,https://magiceden.io/item-details/2R42imRuj4Yz5nixWNzNKP35YaE6CDSNiJ56PS1SMkSG,Bun Lyht,Pink,None,Red,Sinister Purple Eyes
385,12.39,287,9.91,https://solanart.io/search/?token=3ur8ozyDxV7M1gWiTFT1N6YMKUs1ktjzpMf54Qzxb7a7,J,Green,None,Purple,Stoned Eyes Red
386,4.5,815,69.7,https://magiceden.io/item-details/EmGZtgFhsZcGKkVGDCmPpakk1rQGkZg29dD8E5YNtNAz,Bun Lyht,Pink,1,Orange,Stoned Eyes Blue
389,11,708,8.57,https://magiceden.io/item-details/6eLmvf2zZJJSqNqohBCJ2hUH6PcfS3MU1gunR5JMgebJ,King Crown,Pink,2,Green,Sinister Green Eyes
390,8.4,446,44.06,https://magiceden.io/item-details/GTPShUoPWTz8j7xsmhb79FMkNHR9DFr6m4REbTGF6bdc,Earring,Green,None,Green,Stoned Eyes Red
394,33.689999,64,0,https://solanart.io/search/?token=5cjqqvAugNXTW34bitD3Ubn4JiW8cv23QY5DM51F317g,LSD Tongue,Red,1,Red,Cute Pink Eyes
396,99,201,0,https://solanart.io/search/?token=2hpZDG3wMGCsNfaSpiifHY2tmgLG31SrHdy2K2sFPT48,King Crown,Blue,None,Orange,Cute Green Eyes
398,17.690001,758,0,https://solanart.io/search/?token=7TfMtTozKctCyoR5uFbK6vt46tMQ4H4QoEswPLivpCXR,Bun Lyht,Red,None,Red,Cute Blue Eyes
402,44,16,0,https://solanart.io/search/?token=2VaWNh1VRUW16dR69UtM8SVYwJMtJFQkcWpk6gafbs4k,CD,White,None,Green,Stoned Eyes Yellow
405,12.97,177,8.09,https://solanart.io/search/?token=DqqCWbusiGbwUXCMHU1AJJAgTsZq1fm5g4CkgAywkJ2T,King Crown,Pink,1,Purple,Stoned Eyes Yellow
408,26,787,0,https://solanart.io/search/?token=8gvNPmmkTAeVGA874C4cidnhyAvPV9Bm5EMh63WLUNpN,Bun Lyht,Pink,2,Orange,Sinister Green Eyes
419,12.98,279,4.3,https://solanart.io/search/?token=E2sqatGzu2FqkmrCrBqFdUis4fQnLiPaNwWAVUPgQcv5,King Crown,Blue,1,Red,Cute Blue Eyes
421,9.9,7,44.95,https://solanart.io/search/?token=9YYBLkWSTaip3644CsR3MxvQusf1HuL6tx7QZ1SuaEoC,Trippy Top Hat,Green,2,Purple,Stoned Eyes Yellow
429,8,716,38.28,https://solanart.io/search/?token=2ZKUnTca7BD11jNtR9K31nKw59dfH7E9Aza4afXD6vvy,Bun Lyht,Green,2,Green,Sinister Purple Eyes
435,40,187,0,https://solanart.io/search/?token=7YYmeZVmfm5mMQQAYKW7oSW7VcrfE2wNDyvaVv9BpCDR,Tattoo,Red,1,Orange,Stoned Eyes Purple
443,27.690001,89,0,https://solanart.io/search/?token=F2kbVa2TbmLrawAmMuSspE2FDASzi9xwpAZiMD6gbmyV,LSD Tongue,Blue,1,Green,Cute Blue Eyes
459,30,450,0,https://exchange.art/single/C1SknSzdNr4FEHHcgCxfst7kPEYDnA7iawzCyfbgcm3B,King Crown,Pink,1,Orange,Stoned Eyes Green
467,9.5,691,24.19,https://magiceden.io/item-details/7twvpvJPrcFifiLvWqoDozfhj4u1Ud2S68w1fdMviPvf,Bun Lyht,Pink,None,Green,Cute Green Eyes
477,7.5,931,35.5,https://alpha.art/t/9PThmjFYsAFG6GNm9fsGFHJEu1CFHDYsAbcgWqrLSziK,King Crown,Red,None,Orange,Sinister Purple Eyes
478,49.990002,123,0,https://solanart.io/search/?token=BiQvbBqat8wFQ3aUne5CWsP6zFxHXYQWhUd3Pbqun87s,Trippy Top Hat,White,1,Red,Sinister Red Eyes
490,45,973,0,https://alpha.art/t/C2xwSE1Y6ZAB5uzofXCK2RorA35m5Bss898W1NuTkKk3,J,Red,None,Orange,Sinister Red Eyes
495,24,539,0,https://alpha.art/t/HXu6d8T95CXU8AhbVxDyNWGAVG1qVEhBfBPQc1hwyW28,Tattoo,Green,None,Green,Sinister Green Eyes
531,15,741,0,https://solanart.io/search/?token=5wxxtQ7ZshU9UjZwyh2L7omRwshwQSy8CgDzLUivE1Sf,J,Pink,None,Blue,Stoned Eyes Blue
547,4.69,430,81.73,https://solanart.io/search/?token=EDA1iy9ib6g7uLus8aeeceVkus23ypk95HoXBT9Jt2hG,Mushies,Red,1,Orange,Sinister Red Eyes
553,30,307,0,https://solanart.io/search/?token=2R9jb6Z2a8weEjVL1D6TZ4sx79ZKxv6BE2dUkdx8grT6,Trippy Top Hat,Pink,None,Red,Stoned Eyes Blue
555,15,796,0,https://solanart.io/search/?token=4n3BhcWuWPssnRkrUaYcuCMhqe6PmZp3TSkEDBLJZ4yy,J,Pink,None,Orange,Stoned Eyes Green
565,15,354,0,https://alpha.art/t/C3hvHJqp1NUs9rrTeARKoQThHgJNcVGuytaboya2sY57,J,Blue,1,Orange,Cute Blue Eyes
571,12.88,753,0,https://solanart.io/search/?token=7yQy2wVStK79sPEd5NKYK3pGWGVAmKqG3QYaXn5epjuw,Earring,Blue,None,Red,Sinister Green Eyes
573,35,328,0,https://solanart.io/search/?token=68VUNraV5vqFnt8SYew8E5VLJKzmGuavpCW2B1pX5Fz,Trippy Top Hat,Pink,None,Green,Stoned Eyes Red
587,9,767,26.44,https://solanart.io/search/?token=21kiXarEdyWB73EspoNmKYoEXLfeYs2obZc1NcQ65z8j,King Crown,Green,None,Red,Sinister Green Eyes
604,39,565,0,https://solanart.io/search/?token=3zv3a2WEYD5eMdGaL8ifognEsefEYLcfCZvQymu12Eq1,King Crown,Red,1,Green,Stoned Eyes Purple
605,20,1105,0,https://alpha.art/t/E9DQbdXRgG2ioHp9bivHpR14T6Q84d7dG9RkJkMr51MU,Bun Lyht,Red,None,Green,Sinister Purple Eyes
613,12,219,16.27,https://alpha.art/t/HKvuzZyFboWZJH7VtfSyNFycvQudvAQ3HpcDcf4c7Yak,Bun Lyht,Red,None,Purple,Cute Green Eyes
618,10.74,78,33.98,https://magiceden.io/item-details/9SbpY8Q1EM5NBqPpGbPCmL2qUKJ7RUDodcKfZELd1qNQ,Bun Lyht,Red,None,Orange,Trippy Eyes Red
621,6.6969,409,62.43,https://magiceden.io/item-details/Bic47qdxvHoWkPzwsmxPpyzvnv3wVXSX1d1iyJT4H9D3,Earring,Red,None,Red,Cute Red Eyes
626,48.889999,584,0,https://solanart.io/search/?token=FQGoSgNaxHHAXk3zDjjWT9BesyznACU4QBcCi8rUws8R,Bun Lyht,Red,1,Purple,Sinister Red Eyes
630,8.55,501,40.56,https://magiceden.io/item-details/9T6QLSejSpVDMY8agg3v2vgwdBxk5m3h2Q1dFvErE77C,J,White,None,Green,Cute Red Eyes
632,15,272,0,https://solanart.io/search/?token=FEpFrAz1A8jejuXVdv7qEG6iqe6mqJQkhsyqnUX4NnBQ,Bun Lyht,Blue,3,Green,Sinister Red Eyes
633,12.98,102,10.71,https://magiceden.io/item-details/TjU4dVf4Qz5RTZvgoKfAqWdW9NXeXz1D12gLNZt21V1,J,White,3,Orange,Sinister Green Eyes
634,9.9,387,31.19,https://solanart.io/search/?token=GjhWdHFybGBoqezeDbg8jhmhTa3GwpUszNKqsw5sKhpn,King Crown,White,1,Green,Stoned Eyes Blue
664,50,40,0,https://solanart.io/search/?token=AbB3y9ypRvTWN5sDH1iuk65wh6WjNSoJ3WMeRwtQfgCF,J,Blue,2,Orange,Trippy Eyes Green
675,10.75,294,26.06,https://alpha.art/t/HwPmtzWe79jSAhHAiTxsCYFZGhN8kbn5aqESxdCPmnWw,Earring,White,1,Green,Stoned Eyes Blue
685,34,656,0,https://solanart.io/search/?token=6v5ofPg8EPMxZSacCgndEvxyCxD8GFt8pjtQDFTyd5pc,Bun Lyht,Pink,1,Red,Cute Blue Eyes
710,27,793,0,https://alpha.art/t/EMQVXFzsZCuPz3NjeVwAU9cT8W2RgHVddNqRihDUBEaY,King Crown,Red,1,Red,Sinister Green Eyes
714,4.5,515,80.56,https://magiceden.io/item-details/J5W6WyTo8BWJZrs1pzD3wVTSaxGU1oRDK8Hbn9yRpkJp,Bun Lyht,Red,2,Green,Stoned Eyes Green
717,88,521,0,https://solanart.io/search/?token=71uQnU1uED1yTZQ5mw1e32xfQRQ4fJD4U6u9TUDKcdJD,J,Pink,2,Blue,Sinister Green Eyes
738,20,265,0,https://solanart.io/search/?token=5Kze5RePXQ8q9rLSUDJr2CVdnrYpBcaKRvWb9gKAZ9Kg,J,Pink,3,Red,Sinister Red Eyes
759,13,747,0,https://alpha.art/t/2ZhYdWNFNQxuHRrCFsvKTEhzyapS5pJriaYNzg1KVfbP,Mushies,Blue,None,Green,Sinister Green Eyes
761,5.7,402,72.65,https://alpha.art/t/5dT4ZKFgzEczG5fXZw8rVRTfxSyYfhE8oDfKd7nKBkTQ,J,Red,1,Blue,Stoned Eyes Purple
763,8,884,32.2,https://solanart.io/search/?token=AnWSwZv6MKwKJXkjV8MGBSRSQNx73jBhUGNUu18dSPG9,J,Blue,1,Red,Sinister Purple Eyes
764,764,566,0,https://magiceden.io/item-details/9Kr1jWQ1xvfQGMcJu6aoBmRKkRNLe9YWrUSMvWWRM2KU,J,Red,2,Orange,Sinister Red Eyes
776,45,179,0,https://solanart.io/search/?token=7o72LyfS5iKCzoJMruAyZQAdRDsR4bRDEyER2XuWcabN,Bun Lyht,White,1,Purple,Stoned Eyes Red
784,10,575,23.39,https://solanart.io/search/?token=AVgefcRBggcN9nSiBLG6tFtq4GWxJQVCSRjLBPXF1j5Y,J,Red,1,Purple,Sinister Green Eyes
789,9,740,27.41,https://magiceden.io/item-details/5hTnhfTMJmXAxVmsArhsCVgP1NpMZ68BdqHgKVgDFyPd,J,Red,2,Green,Sinister Red Eyes
791,15.99,429,0,https://solanart.io/search/?token=JBtgrLnG8r96647jQTUcEtpR9eXeZ4raRUAQvCi99NkE,Mushies,White,None,Orange,Sinister Purple Eyes
811,7.8,958,31.52,https://magiceden.io/item-details/23RXzX87vBYBXE9JRTQo6QYuPTedT5mdopsnZqm7urtm,Bun Lyht,Red,None,Red,Stoned Eyes Blue
816,17,671,0,https://alpha.art/t/8nqVaxhzqqQK7mSeJUcwUKMASHhKU7g6Y9DVLUV7FLWp,Mushies,Blue,None,Red,Sinister Purple Eyes
826,40,281,0,https://solanart.io/search/?token=BmyvFj8aqBF8TvECv7vQQtJkQAiBXAWXsqzjdASspo5D,J,Green,None,Blue,Cute Blue Eyes
829,17,152,0,https://magiceden.io/item-details/7sFrVGqLbHNab2bCfmdN1N1kHd2bEiUSpj7AdPpJy12v,Earring,Pink,None,Green,Trippy Eyes Green
831,10,949,9.85,https://magiceden.io/item-details/E155YwirBdRh3hAyu3RkkcZDa58uLaZ7ZENeRn4PvJJj,King Crown,Pink,None,Red,Sinister Red Eyes
837,108,567,0,https://solanart.io/search/?token=5RfG2HHbbP76sCqg44jzzKf3WaU3PecA6jFGMbNBMhLU,J,Green,None,Orange,Stoned Eyes Red
838,45,19,0,https://solanart.io/search/?token=EbGyqis5WtZ2AQbTb8WB2jCGikVzVkacBibCy9FiCSUw,Tattoo,White,3,Red,Sinister Red Eyes
839,13.69,703,0,https://alpha.art/t/35ZRTF8wF62hSBiX9Ffe8FpYMe9Q1F34PpAqX6YEbeD6,King Crown,Green,None,Orange,Sinister Green Eyes
854,19,1103,0,https://solanart.io/search/?token=G4i2inQ7am3qQBKYSjB22WgQZ5m475pGcqaQ2NEEp7sX,Bun Lyht,Pink,None,Red,Sinister Purple Eyes
858,41,27,0,https://solanart.io/search/?token=BpicHmu44LQCFDwQoXBP73jbo9RcxKDNitdhBexL4w6H,Mushies,Pink,3,Purple,Sinister Red Eyes
872,420,546,0,https://solanart.io/search/?token=9m1avWoiZtgk3ApuMXEY8swQLA6dx8Z2nEhu4ueaVXnS,King Crown,Pink,None,Orange,Stoned Eyes Yellow
876,14.5,485,0,https://solanart.io/search/?token=4MrDnwzxhdYxqYcmByRc82maiYx5j84YbmGW5MxMJMAF,Earring,Green,1,Red,Sinister Purple Eyes
889,8.69,1071,18.53,https://alpha.art/t/7M2onNSrWeWAtcQHSk3otMnjNEtdhc2F8uKGofGGTeFM,Bun Lyht,Red,None,Orange,Sinister Purple Eyes
895,4.8,233,87.77,https://solanart.io/search/?token=Lh6z8W3LFbzdTqrBUeLVcXWcBdSUrk6RAVCee5pWMji,Bun Lyht,Red,2,Purple,Stoned Eyes Blue
896,7.8,879,34.38,https://magiceden.io/item-details/AzbWvgjnEVm83UnVAuvjyCRNWRVhp8Sh8cXhMRCUTW6q,J,Pink,None,Red,Stoned Eyes Purple
898,10,52,42.32,https://magiceden.io/item-details/EcZ9bMNeJJBjSXDWmwzaakFrpXmqSDJwyZpwcsNXRfzk,Trippy Top Hat,Red,None,Blue,Cute Pink Eyes
904,6.5,636,56.18,https://magiceden.io/item-details/5oNDBGrbc1LdgbiUR5SbXheRH1nt7sQocc3LxreZGcP9,Bun Lyht,Blue,1,Red,Stoned Eyes Red
905,8.5,587,37.95,https://solanart.io/search/?token=9gUfX6mRD6QMoCqVgANQDMugvGGxmhG44Y5ouXEqurS6,Bun Lyht,Pink,None,Red,Cute Green Eyes
906,19,807,0,https://solanart.io/search/?token=D2VUpniKPEaGU7q7V7PFpbc6ATVGnj5xTEEQRL2mea1G,Bun Lyht,Blue,1,Green,Stoned Eyes Blue
907,8,876,32.49,https://magiceden.io/item-details/5AGcdnCGAqJAJiaVwknydNqfcbfntvwr4pW3pPQerzwj,Bun Lyht,Red,2,Green,Sinister Green Eyes
910,10,264,34.64,https://magiceden.io/item-details/3RQFir9BzP2v3kLhrhL2Bu4adMMSP8hGSDRL9D8Pfwf7,J,Pink,3,Red,Sinister Red Eyes
917,15,14,0,https://magiceden.io/item-details/3EANMuPr93px5aoH7AQZUQsUrNT8LpMzntPW6MZc6M7y,Bun Lyht,Green,3,Orange,Cute Green Eyes
922,70,856,0,https://solanart.io/search/?token=BmRUR1EomYd3pk6BVrD477wJ9H6DWW8SkBa6LB9D42zE,King Crown,Pink,1,Red,Sinister Green Eyes
936,4.8,699,70.9,https://solanart.io/search/?token=DxMg2U5BUetkcTFYFpwQBytMDR6hdWR3LWhddD2CYQmM,Bun Lyht,Green,1,Orange,Sinister Red Eyes
940,5,599,72.52,https://solanart.io/search/?token=24fzqVuvZxgZ9aGZX7WUZ5tVWw6JVQVS4JDU4KtCmKTT,Mushies,Red,None,Green,Stoned Eyes Blue
951,100,912,0,https://magiceden.io/item-details/HsvqVvDDop2U2FuSYXpHAUAp6sMyF3cf3HMD8pBLdHT2,Bun Lyht,Red,None,Blue,Sinister Red Eyes
985,90,1051,0,https://solanart.io/search/?token=8eLdDjHRyGrGV8RJSd76pBxU6jozQndR5Jb5zvtG3mNh,Bun Lyht,Pink,1,Green,Sinister Red Eyes
993,20,275,0,https://magiceden.io/item-details/5D5Vq4ZouckQVNi7qXjYcxNMFPJvDXryN1W2Gk51MRkb,Bun Lyht,Red,3,Orange,Sinister Green Eyes
1003,45,240,0,https://solanart.io/search/?token=51KRk1f5FtMCrfkWH2A73BzVLLFkC64dZEc5DQHsNrCU,Mushies,Pink,2,Blue,Sinister Purple Eyes
1012,14.9,1076,0,https://alpha.art/t/Dk3HsJSkFR6GLF99RHUBcBawCjBu6f7Jwk9hyeMmRHNc,Bun Lyht,Red,None,Red,Sinister Green Eyes
1016,33,497,0,https://solanart.io/search/?token=DPCGKcu5zxncYzC3U9eJcT17FnaP9oEY5DnL56yuzXVz,J,Pink,None,Blue,Cute Blue Eyes
1025,35,683,0,https://solanart.io/search/?token=DAQw6onsNZjQdTk9nJxJEJaUmj2ZV9snnkNb3JwRz5ZR,Bun Lyht,Pink,1,Red,Stoned Eyes Yellow
1036,14.99,562,0,https://solanart.io/search/?token=8mMNS6ULEC6ZGJRaq14nSiQNbUHnYb1TyvnmvukUcwmY,Mushies,Pink,1,Orange,Sinister Green Eyes
1058,14.5,365,0,https://alpha.art/t/3A2YoE8ejS8BmtXiZXNwtRcRmVWxshm7U6qUr1BPVuE3,Bun Lyht,Blue,None,Orange,Cute Green Eyes
1059,6.9,253,66.04,https://magiceden.io/item-details/2sB5AqLKx4qFtdt57M4B74JpmwdRwW3Mzk4c5uXjBQYh,Mushies,Green,None,Green,Cute Red Eyes
1060,20,54,0,https://solanart.io/search/?token=211pys9N4SiFNdq1BJADksgJZ5DqXQByc66YthL1T1Tk,Earring,Pink,3,Orange,Stoned Eyes Red
1065,4.42,821,70.28,https://magiceden.io/item-details/FXwL4F92gDu3vfVsRd682NjVznf6C76NHiCkcGAc2zRd,J,Red,None,Green,Stoned Eyes Yellow
1066,36,212,0,https://solanart.io/search/?token=D32M8CDtSQMEgBf8TrJg8aWa3qtShSn8kPG1iDvyhW7H,LSD Tongue,Pink,None,Purple,Sinister Green Eyes
1070,12,355,11.35,https://magiceden.io/item-details/J58tBZZ1ZcUGKH3XrD5GFtyjqASUXurzRZr8tqLxaAb9,Bun Lyht,Red,1,Red,Cute Green Eyes
1076,19.690001,295,0,https://solanart.io/search/?token=HxDaUwmeTLzpd9GVc5yYuFNCZ7bU3tUntabXaE4jvg5r,LSD Tongue,Blue,1,Green,Sinister Green Eyes
1085,5.4,734,63.63,https://solanart.io/search/?token=EF2L4a7rvpvUfbUBEcSVzffgCnokBDbhH3ukUDCth43V,Bun Lyht,White,None,Blue,Sinister Purple Eyes
1085,7.2,734,45.63,https://alpha.art/t/EF2L4a7rvpvUfbUBEcSVzffgCnokBDbhH3ukUDCth43V,Bun Lyht,White,None,Blue,Sinister Purple Eyes
1096,20.5,417,0,https://magiceden.io/item-details/45mZNJv2o1VmZbDGAum6Ui8bZEueKQuskDoPsqtCGPwb,Bun Lyht,White,1,Green,Cute Red Eyes
1098,20,175,0,https://solanart.io/search/?token=3QnMKY2iyLjvkas2hSdT7n6PKHwNEqZtJscF5mU6oRpK,King Crown,White,2,Blue,Sinister Purple Eyes
