id,price,moonRank,ðŸ’Ž score (%),storeURL,Background,Clothes,Eyes,Glasses,Hair,Head,Neck,Skin,Smoke,Type,Wing
Zaydin Hastings,9,1089,86.9,https://magiceden.io/item-details/E6ZuKzEbkUq35ontCURSptx2XwdxNnytL7Xp8eMA6pG8,Burgundy Desire,Classic Brown Vest,,,,White Ghetto Bandana,,Eared,Cigarette,Base,
Lucious Bradshaw,9.5,1463,77.4,https://magiceden.io/item-details/32Ms6bfJSRFkSKWcxnTWsHQH1ZGYB7z2rffVgjub2KDS,Garden Of Eden,Sailor Red,,Sunnies On,,Indiana Jones Hat,,Base,,Base,
Hagan Wahl,9.5,3118,57.49,https://magiceden.io/item-details/2SjsqPUQMqsNo9bE9yrWeB6comn7DGrgY93MJfze8Vng,Old White Bricks,Oldschool Tee,,,,,,Base,,Base,
Advik Durbin,9.5,2261,67.8,https://magiceden.io/item-details/Fbvga96fqjrTkVFH8rHbdYVUvrhWh6THm9cbCEXbd1X,Purple Frenzy,,,,,Snapback,Retro Pendant,Light Skin,,Base,
Taha Hillman,9.5,2718,62.3,https://magiceden.io/item-details/HWaCqwhRfUmHKdocGeAf3rRaKYL7MPBMSxYG4MxXY47z,Grey,,,,Bob Ross Hairstyle,,,Base,I Want My Cigar,Base,
Trevor Lee,9.95,671,82.43,https://magiceden.io/item-details/7yyyq11r58WKasopuQJ8vsQt47vZJ9iSksUioRhKh5jp,Orange Fever,Casual Brown Vest,,Sunnies On,Sam's old hairstyle,,,Base,Vape,Base,
Dontrell Ramsey,9.99,2541,59.53,https://magiceden.io/item-details/9nAckvSrMwByGmcEuiEpdXMqpGpmTj6j7um4e8b142Y9,Pink,Teenager,,,Sugar Daddy Hairstyle,,,Base,,Base,
Omega Samson,10,827,80.05,https://magiceden.io/item-details/HXL3d6JaE7sKUu11ukbP7tgy2pF5ya94MmsM5MzSyeN5,Garden Of Eden,,,,Sugar Daddy Hairstyle,,Silver Pendant,Without Shell,Cigarette,Base,
Warner Yee,10,1676,69.84,https://magiceden.io/item-details/CKCwvm62MDDBTth55X8gg5xwwAviCDbbkN1VUa4LGZJx,Cerulean Mornings,Autumn Leaves,,,,,Retro Pendant,Light Skin,,Base,
Desmond Lorenz,10,1865,67.56,https://magiceden.io/item-details/CV3Bb3itruQAbo6sRuVob531aT3UQQhSDwPnK2rsU8og,Pink,Solana Shirt,,Sunnies On,,,Overpriced Silver Pendant,Base,,Base,
Zac Dupre,10.1,1674,68.86,https://magiceden.io/item-details/DUuLgYTr78jrSYZYWr4hz4gsjeK4HVPRbXMVWBvAyZDd,Purple Frenzy,Sailor Red,,,,White Ghetto Bandana,,Dark Skin,,Base,
Itzae Cline,10.4,2870,51.47,https://magiceden.io/item-details/3X2J7c78QUHuH74kKdGFZgZzb7HtMt6pTbCeMoK85MjC,Cerulean Mornings,,,Eye Patch,,,Yee Haw,Base,,Base,
Bowman Shuler,10.49,2519,54.8,https://magiceden.io/item-details/Bhjz71KTsmorqgqQkZwrKur9fRU2WPsSNkPyYqtfMzZa,Old White Bricks,Thug,,,,Indiana Jones Hat,,Base,,Base,
Tim Custer,10.5,981,73.2,https://magiceden.io/item-details/DqycayhT1ojRmCcXK53Q4wAkz7PF4yTNAg3q7ogvo8vz,Burning Flames,,,Pit Viper,,Red Ghetto Bandana,,Base,Vape,Base,
Hagen Coates,10.5,2386,56.3,https://magiceden.io/item-details/5Sf8Ngcgt9Wp7uLzKecYfhGwsQKKdgFvkuPcYZr9FKWp,Grey,White Collar Shirt,,,Gentlemen's Hairstyle,,Retro Pendant,Base,,Base,
Makari Colburn,10.95,2429,51.28,https://magiceden.io/item-details/6DXjLxCaaAXFEGgosifJaeKorpjruibcyUTRLDsRTz4p,Grey,,,,Sam's old hairstyle,,,Base,Vape,Base,
Oswaldo Flanders,10.97,2903,45.38,https://magiceden.io/item-details/4JkZi1v79oo2iQbf5f5kf17BjUnTtnegzHzfrUh97RLt,Garden Of Eden,,,,,,Money On My Mind,Base,,Base,
Cayleb Kopp,10.99,2855,45.75,https://magiceden.io/item-details/CqUGj7eebhggMDBN376b6k29RDESxRyXQ4R96wAU4mZv,Orange Fever,White Collar Shirt,,,,,Silver Pendant,Base,,Base,
Hans Looney,11,2437,50.68,https://magiceden.io/item-details/FjjPTDLqjdXHWdqteuSgRZzSSKh9KW6JaCzHpLfwqvwe,Orange Fever,,,Solana Glasses,,,Overpriced Silver Pendant,Base,Cigarette,Base,
Cale Hoff,11.3,1535,58.53,https://magiceden.io/item-details/J7P72Z3r8ECZ6xtSQFUsftS7FbTjTg6zuVhp84kbUEGk,Light Blue,,,3D Glasses,,Snapback,,Dark Skin,,Base,
Soren Stallings,11.4,2561,45.19,https://magiceden.io/item-details/2pQocriwjkBosNrUxFxqVZ3tKvqY4xTfAMdHtmkmv3fa,Light Blue,Cowboy's Choice,,,,,Retro Pendant,Rocky,,Base,
Donavan Washington,11.45,1038,63.01,https://magiceden.io/item-details/92eCbfN5A4LFewsWhRhDkwVf1pu3XiUMJpkgVwGFztGP,Orange Fever,San Andreas,,,,Purple Ghetto Bandana,Overpriced Silver Pendant,Light Skin,,Base,
Kaine Mccarter,11.49,1597,55.89,https://magiceden.io/item-details/9SLgfirJwzbSpEeACo8kMW5UqTRkbzre8T4sGDPVxVvg,Cerulean Mornings,Thug,,,Sugar Daddy Hairstyle,,,Base,Vape,Base,
Cliff Neill,11.5,1951,51.53,https://magiceden.io/item-details/6mopSEvY9ezxdTCiDdfsPgxt9vJNzYAKT2ddC5KginVw,Pink,Cowboy's Choice,,,,,Overpriced Silver Pendant,Dark Skin,,Base,
Angus Cronin,11.5,3168,36.89,https://magiceden.io/item-details/HdDtU9zYDWtoaxwviy9qN2NQU28D5LBGgdJkNA5Hd7Ke,Pink,Cowboy's Choice,,,,,,Base,,Base,
Michelle Whitcomb,11.69,715,64.5,https://magiceden.io/item-details/J9JfjcfsvgtBosPnLvkaqdg9Vgr661keXGcTVkaFFDTo,Light Blue,,Devil's Spark Eyes,,,Purple Ghetto Bandana,,Woman,,Base,
Krishna Cabrera,11.75,2819,38.59,https://magiceden.io/item-details/AzkCBd26x4LC3r5CDDgDmvxREksWtX57hUUvoKtTN4qJ,Burgundy Desire,,,Solana Glasses,,,Overpriced Silver Pendant,Base,,Base,
Silas Gleason,11.78,596,65.03,https://magiceden.io/item-details/23h6ny3ZHPEFzm5Uw46gwBUz3zPuPvgW3VGmrBtWea5h,Pink,Classic Brown Vest,,,,Indiana Jones Hat,Silver Pendant,Rocky,Cigarette,Base,
Jeffery Mcgrew,11.99,2987,34.17,https://magiceden.io/item-details/4V9Qwi2waSnxfW5KxtxoBLwdrTQAk9YygapNmUhnyeAS,Purple Frenzy,,,,,Snapback,Yee Haw,Base,,Base,
Darius Brower,12,1859,47.64,https://magiceden.io/item-details/9ZE17jCQ4qaamNcofHTc4ng2MPL2ziiKM7Jhv8qvuwYa,Light Blue,Thrasher,,Vintage Sunglasses,,,Overpriced Silver Pendant,Base,,Base,
Akhil Hubbard,12,711,61.45,https://magiceden.io/item-details/GFU4fyFViS35dHnR32eajDYW2CEVC52CCoxsxS57Em7a,Orange Fever,Sailor Red,,Dracula Glasses,Gentlemen's Hairstyle,,Retro Pendant,Base,I Want My Cigar,Base,
Vicente Griswold,12,2551,39.31,https://magiceden.io/item-details/8VZsAAYcWtHG9TF6BXLzdaiLsZHU2CoTkuUxowUKQowa,Burning Flames,,,Sunnies On,,,Overpriced Silver Pendant,Base,,Base,
Manny Horowitz,12,696,61.63,https://magiceden.io/item-details/E7851QK2vQyx1oWMbWvA3ogSgfFtw9zxDjbvBwZtswW8,Garden Of Eden,Forest Green,,,Bob Ross Hairstyle,,Silver Pendant,Rocky,,Base,
Riley Gill,12.5,1915,41.96,https://magiceden.io/item-details/EQXCrhiazKyWCZAPzBHdeyDN9enwFaf31G488EVRCPqi,Light Blue,Classic Brown Vest,,,Gentlemen's Hairstyle,,Overpriced Silver Pendant,Base,,Base,
Earnest Carlin,12.69,575,56.18,https://magiceden.io/item-details/3ghfXKqavjjCp21CovZktE6rB9Bz6Vcq6qroDzQZNGeG,Burning Flames,White Collar Shirt,,Sunnies On,,Red Ghetto Bandana,,Rocky,,Base,
Susan Pena,12.69,678,54.94,https://magiceden.io/item-details/62TsM14DaBiE99ZRgQ26QeLZzgFp58U23VTHjFunQPMR,80's Retro Sunset,Oldschool Tee,,,,,Money On My Mind,Woman,,Base,
Bryant Bowers,12.8,733,53.18,https://magiceden.io/item-details/7Ctm28MMccqu5PBeGLYxYBhiJ2FM3a7JAkgKCegedZko,Burgundy Desire,Alternative Rock,,,,White Ghetto Bandana,,Blood Vessel,Cigarette,Base,
Greyson Wells,13,2909,25,https://magiceden.io/item-details/Ej7ibNncJwormJBZuLp2xgokutgWrvUzFaSd8zapYBTB,Grey,,,Solana Glasses,,,Yee Haw,Base,,Base,
Stockton Edmondson,13.5,2971,19.26,https://magiceden.io/item-details/DQajNXgZs1zMa7GYbS9Bnz84HaaYzjGFajf9hk95DAgs,Pink,,,,,Red Ghetto Bandana,,Base,Cigarette,Base,
Jaquan Khan,14,1016,37.78,https://magiceden.io/item-details/DXjEZP2twmWVWCa9qcscKpHHbqBdk3F4oybuzDNv3R25,Orange Fever,Cowboy's Choice,,,,King of the Kings,Silver Pendant,Base,Cigarette,Base,
Fausto Whitfield,14,1991,26.05,https://magiceden.io/item-details/BQRLBnDkt7gdCMB8CwDzZ6QwvDC7XYv2zzGKiGcPNPoE,Light Blue,,,Solana Glasses,,Pirate's Crown,Yee Haw,Base,,Base,
Kalani Willson,14,986,38.14,https://magiceden.io/item-details/GpGbLKt5VgwKQZ5AxW5rSKCtxUw1vLWTJTYfLdTQZX9K,Grey,,,Pit Viper,,Snapback,Gold Chain Pendant,Rocky,,Base,
Demitri Ulmer,14.5,1062,32.22,https://magiceden.io/item-details/GEssjRV8oXBiJBfNQiSvUYQrtUZDLPXsm7YwCEJt5djS,Purple Frenzy,,,,,King of the Kings,Silver Pendant,Light Skin,Cigarette,Base,
Adem Whitt,14.5,1631,25.38,https://magiceden.io/item-details/GF4NZSs3uzePfWWSkhAz3iyaDqQrhwtaiujMbsjCE24a,Castle In The Sky,,,,,,Solana White Gold,Eared,Cigarette,Base,
Lukas Wirth,14.95,1022,28.21,https://magiceden.io/item-details/Feh1RvPgWu6sni43zfW3PL3aDEiemcgztkcuy8WobBzo,Purple Frenzy,Cowboy's Choice,,,,Black Ghetto Bandana,Gold Chain Pendant,Base,Cigarette,Base,
X Ã† A-25,14.97,833,30.28,https://magiceden.io/item-details/ELDfGk4HTQCWNcDTzEhbW2ucFmCRmHzxKT3FZkFii49p,Light Blue,Thug,,Sunnies On,,,Overpriced Silver Pendant,Alien,,Base,
Trever Easter,15,994,28.04,https://magiceden.io/item-details/EnwjQwT6pwhVXckdfWc9umA2c8b5xC64zQtuNTjWp4Z4,Old White Bricks,Thug,,,,Solana Hat,,Light Skin,,Base,
Rishaan Gentry,15,3284,0.49,https://magiceden.io/item-details/7jtQBzUyE4QtBVggJ6Tu3sjTcUvMQRLkr3VNjCrG9drW,Grey,,,,,,Retro Pendant,Base,Cigarette,Base,
Jadyn Brothers,15,779,30.63,https://magiceden.io/item-details/GMuVU8kZNcexpkZXwM6NTUTGqb65JmLFcfJChPQ4QWkZ,Orange Fever,Forest Green,,Nerd One's Glasses,,Pirate's Crown,Silver Pendant,Base,,Base,
Christian Clifton,15,2194,13.61,https://magiceden.io/item-details/8PWr5zGe69czBXJh4SE3GLBtUAotmFJdNdAa8Js1T4LU,Purple Frenzy,Thug,,,,,Yee Haw,Cerulean,,Base,
Kaleb Goodrich,15,1718,19.33,https://magiceden.io/item-details/BEbX2buTL1HKPXNzbNMQJQi8aVR7yrrDUHesJsykKikZ,Pink,Forest Green,,Vintage Sunglasses,,,Yee Haw,Rocky,,Base,
Russell Briggs,15,1529,21.61,https://magiceden.io/item-details/3f9VsrkJcHU6CQZ8FsBPEXYNnhF8kXFokYjbjqaqaZB2,Orange Fever,,,Eye Patch,,,Retro Pendant,Light Skin,I Want My Cigar,Base,
Booker Guajardo,15,1992,16.04,https://magiceden.io/item-details/ACHKW7tGRY267sooLMY5qPcaejbqH1KSGbMC9v1FEUrx,Burgundy Desire,,,,,White Ghetto Bandana,Overpriced Silver Pendant,Without Shell,,Base,
Nahum Montano,15,1782,18.56,https://magiceden.io/item-details/EJC5z4GTv5cXZBJmgGtkk2rWG6SX1GLXxivfdxraemwX,Pink,Forest Green,,,Sugar Daddy Hairstyle,,Gold Chain Pendant,Base,,Base,
Brando Meeks,15,2046,15.39,https://magiceden.io/item-details/nDFcCYe6gMd4z6QivL6uEyBXd6XkkFJyHjwiPg5xzYw,Light Blue,,,Sunnies On,,,Yee Haw,Rocky,I Want My Cigar,Base,
Talyn Ralph,15,1921,16.89,https://magiceden.io/item-details/CXr73ngfnsLX3ceNxNZBd5MZSzcyeE6U2PfvGE9JHH8,Purple Frenzy,Casual Brown Vest,,,,,Silver Pendant,Base,Vape,Base,
Braxtyn Ahn,15,3059,3.2,https://magiceden.io/item-details/Gnm3BcdXnCpB4P529JNKiR3sGmbvEuzwKwNHtPe6pcBV,80's Retro Sunset,,,,,,,Base,Vape,Base,
Tavin Valdivia,15,1007,27.89,https://magiceden.io/item-details/FSXVLsSqE3bjLmxR3p2ohqRN2SBxkjkXiq1444GWEMvL,Burning Flames,Classic Brown Vest,,,Sugar Daddy Hairstyle,,,Base,I Want My Cigar,Base,
Emery Siler,15,3128,2.37,https://magiceden.io/item-details/549XYcav5BdaCRXuzH9ZnUBtcVHwFDadYaSX3UTAt3Jn,Old White Bricks,,,Dracula Glasses,,,,Base,,Base,
Jagger Rao,15.9,3083,0,https://magiceden.io/item-details/9Xtdritr5Q7sqxdKD3XqH2DHZMJ57ztSzbPNEbGSpeF7,Burgundy Desire,Forest Green,,,,,,Base,Cigarette,Base,
Van Koenig,16,738,21.12,https://magiceden.io/item-details/BckvLg3eddXc7wBC1uD1Ahtv8uy4FpxdYwcBvAfrWQes,Burgundy Desire,Sailor Red,,Solana Glasses,,Pirate's Crown,Yee Haw,Base,Cigarette,Base,
Bradford Rhoads,16,1094,16.84,https://magiceden.io/item-details/6WZp2YrkPwmg8nCYaGH42aoLTESrwKHgkSynhTwsiK3K,Light Blue,Oldschool Tee,,3D Glasses,Sugar Daddy Hairstyle,,Yee Haw,Base,,Base,
Dewitt Armstrong,16.66,438,18.13,https://magiceden.io/item-details/J4iPsSHcCB3eUnXQbb37vud7xgTfLSYa4kNFLcPvWCba,Burgundy Desire,Flaming Skull,,,,Red Ghetto Bandana,Solana White Gold,Rocky,,Base,
Basil Reeder,17,1101,6.75,https://magiceden.io/item-details/6Kccv6PhdFMuU1oSCLPbwWV9gMGwArJdeZBuskgSPBJb,Orange Fever,Casual Brown Vest,,,Bob Ross Hairstyle,,Silver Pendant,Base,Cigarette,Base,
Jonathan Cornett,17.1,2411,0,https://magiceden.io/item-details/AvAeaK7cTiWjCyuaZcz7nqCQSQQtqVcwUVVGfo9Cx4uk,Pink,Sailor Red,,,,,Yee Haw,Light Skin,,Base,
Laverne Dunaway,17.3,2874,0,https://magiceden.io/item-details/AMifxm73ypyf8eXp3vLgQrW2tYfZVznh5EMYCYDaJf9t,Grey,,,,,White Ghetto Bandana,,Rocky,,Base,
Edgardo Ezell,17.99,416,5.1,https://magiceden.io/item-details/GUu2aT35bcnzcB9dzTYKX5P53Q7fZzcNBp2kfPdMfxHh,Burgundy Desire,Pickle Rick,,Sunnies On,,Purple Ghetto Bandana,Yee Haw,Rocky,,Base,
Timmy Bacon,18,1309,0,https://magiceden.io/item-details/6RonRV5Y1sHuuVE4bHHr4CAXZGVGjuHC2mr9ucE4Z2iq,Burgundy Desire,,,Nerd One's Glasses,,White Ghetto Bandana,,Light Skin,,Base,
Frankie Duval,18,2326,0,https://magiceden.io/item-details/CZfgvMg65SK8LUu6Qtb5P41sP7d58r6jC9mtwxGA1Fw9,Cerulean Mornings,,,,Gentlemen's Hairstyle,,,Light Skin,,Base,
Terry Trotter,18,1217,0,https://magiceden.io/item-details/8XWnGSWyzXrsPerc7vVi1NdXW6H5ozqidUEZhPp5ofye,Grey,Forest Green,,,,Pirate's Crown,Yee Haw,Cerulean,,Base,
Mylo Mason,18.75,2810,0,https://magiceden.io/item-details/GQ1LG1zmFtVwdG7A6TZfXUKFXh59QEYWCEZwQeiqH9FJ,Cerulean Mornings,,,,Gentlemen's Hairstyle,,,Base,Cigarette,Base,
Raven Danner,19,803,0,https://magiceden.io/item-details/BN3VF3wi9hV9YDZXiKYPvUcVJDeLsWKqk8bjUWUarYS9,Burgundy Desire,Thug,,,,Snapback,Retro Pendant,Cerulean,Cigarette,Base,
Elian Murdock,19.5,316,0,https://magiceden.io/item-details/4Kx9V1GRbKBNbSKMa84mmMhpX6jCuWohUho5Bie8HsGB,Light Blue,Forest Green,,Eye Patch,,Purple Ghetto Bandana,Gold Chain Pendant,Rocky,,Base,
Shaya Miller,19.69,1142,0,https://magiceden.io/item-details/5f7aX6Uj7XqTM67gh6fib8ntSbW1HPJeBXKUd1Tqphp7,Purple Frenzy,White Collar Shirt,,Sunnies On,Bob Ross Hairstyle,,Overpriced Silver Pendant,Base,,Base,
Jc Dooley,19.69,1646,0,https://magiceden.io/item-details/6jY61ZoCpC2ozagFN6tcLrd9fCbbTLH76mPG8dnqTPjv,Orange Fever,,,Dracula Glasses,,,,Aquamarine,Vape,Base,
Hosea Brant,19.75,758,0,https://magiceden.io/item-details/FjhDLsF2uDQMueCg2uxKp4oWzHswa6QvLEaz6qUfvUjV,Burgundy Desire,,Devil's Spark Eyes,,,Black Ghetto Bandana,Overpriced Silver Pendant,Rocky,,Base,
Faris Kuykendall,19.79,650,0,https://magiceden.io/item-details/8FqE4fBZiEyTPQSMkMfiGxGabe7Vp55ragNwtfpo6BL2,Garden Of Eden,Cowboy's Choice,,,Gentlemen's Hairstyle,,Yee Haw,Dark Skin,,Base,
Walton Cox,19.91,866,0,https://magiceden.io/item-details/D4U42zuwoJCT8VdCw1CQjWRzRhoE7MGnm8myoL8rPGdh,80's Retro Sunset,,,Nerd One's Glasses,,Snapback,Gold Chain Pendant,Base,,Base,
Osiel Bermudez,20,418,0,https://magiceden.io/item-details/2fUWwdovaZGByTymM6nrRA182z8qEcYZjAGHHVkEEvU6,Grey,Classic Brown Vest,,,,Pirate's Crown,Silver Pendant,Dark Skin,Cigarette,Base,
Yash Crespo,20,2109,0,https://magiceden.io/item-details/5M7V6NRKCRU1AM6aRF6vjdrqJGE2HZkomsrZj92Un4ij,Old White Bricks,Solana Shirt,,,,,Yee Haw,Base,Cigarette,Base,
Paolo Templeton,20,769,0,https://magiceden.io/item-details/H8tgBsSuYxB7afApZi6qnLeMaPiisfN7ABJdrjExERib,Pink,San Andreas,,Deal With It,,King of the Kings,,Base,Vape,Base,
Corbin Ortiz,20,2600,0,https://magiceden.io/item-details/DNNRo45BkvPb3xuXNtjcDTA14hXk8XJ2NgiUmAzwnDmQ,Pink,,,,,Snapback,,Light Skin,,Base,
Theodore Hanson,20,2172,0,https://magiceden.io/item-details/866xE3DH8ApPSUi9RhDbdjv6iknK51yntr3e46sg6v8L,Burgundy Desire,Teenager,,,Gentlemen's Hairstyle,,Retro Pendant,Base,,Base,
Melvin Mckinley,20,1600,0,https://magiceden.io/item-details/3DgUVj5XhvrCQKfZ3fW24bMAhoqJHJME4u6r9rV4B8bZ,Burning Flames,Thug,,,,,Yee Haw,Eared,,Base,
Sherwood Arellano,20,470,0,https://magiceden.io/item-details/5CWd7r44LH86nUvQWidk9hVc4oLDTEmNGW9sb9R19Gs1,Lucky Luke,Casual Brown Vest,,Solana Glasses,,,Yee Haw,Rocky,,Base,
Salomon Pedroza,20,2817,0,https://magiceden.io/item-details/2iHBQASaVjcrE5BUbKaY4oimy4tyuQd3Lw7EWfP99qqR,Burgundy Desire,,,3D Glasses,,,Retro Pendant,Base,Cigarette,Base,
DOÄžRU Mayberry,21.69,1195,0,https://magiceden.io/item-details/DMwP2dBR5LzqUBvNS5F66Jf4MwJboKnw2Si6GmwBaZxN,Burgundy Desire,Solana Shirt,,Dracula Glasses,,,Retro Pendant,Rocky,,Base,
Newton Sepulveda,22,2159,0,https://magiceden.io/item-details/ANdSf4AA15g6B7RuZS9Scmv39QdEegcWTJ18pRpeSBrb,Pink,,,Deal With It,Sugar Daddy Hairstyle,,,Base,Cigarette,Base,
Heriberto Myrick,22,2729,0,https://magiceden.io/item-details/FqR1MUmu8svVpDGdzGvRqir6nz44uij8mzGrFV5pfkFM,Garden Of Eden,,,,,,Retro Pendant,Aquamarine,,Base,
Saylor Eggleston,22,195,0,https://magiceden.io/item-details/tYpU85hDpZMAXJXDbhTY16fVFWJmCMxa9hkaif9qkje,Light Blue,Solana Shirt,,,,Purple Ghetto Bandana,Solana White Gold,Light Skin,Cigarette,Base,
Thaddeus New,22.22,2885,0,https://magiceden.io/item-details/E34Yvu8AoDmGwux6vqujBSjDqSEycoMe1jZV1yFYr8WL,Purple Frenzy,,,Sunnies On,,,Silver Pendant,Base,,Base,
Jeffry Navarrete,22.5,2531,0,https://magiceden.io/item-details/5NFPXJw8Cx5XFupFiEkYFy6TZN5EVP3ZNnEneWxzRNoy,Pink,,,,Bob Ross Hairstyle,,Gold Chain Pendant,Base,,Base,
Jeff Rand,23,390,0,https://magiceden.io/item-details/C97q5E7EaN4FSVSHyWeTgaRkCKRTV7ZBT8yN83Uzg34i,Purple Frenzy,Autumn Leaves,,Vintage Sunglasses,,Solana Hat,Overpriced Silver Pendant,Base,,Base,
Joshua Allman,23.5,2573,0,https://magiceden.io/item-details/4LGxtuKp3CUMbov417YKyBz5BGuimMoPPpQP8TiNSmP4,Grey,,,Dracula Glasses,,Indiana Jones Hat,,Base,,Base,
Deshaun Sommers,24,1487,0,https://magiceden.io/item-details/A45U4KxiKvNAJ9t4AuYrTTw1KZgLZrakSqQUciKWY5Nm,Pink,Sweather Weather,,,,Indiana Jones Hat,,Base,I Want My Cigar,Base,
Trayvon Jarrett,24,1601,0,https://magiceden.io/item-details/GiC5BrG51EWKBNDenNAfXReKyYfJ93vGxGzgZHnraFUk,Old White Bricks,Pickle Rick,,3D Glasses,,,Retro Pendant,Base,,Base,
Corwin Bratton,24.5,168,0,https://magiceden.io/item-details/4g8McNEKSp3jUTmfr5mL6siGePzhwFwWHCfbS75E9rdd,Grey,Teenager,,Solana Glasses,,Pirate's Crown,Solana White Gold,Base,Vape,Base,
Jiovanni Kovacs,25,978,0,https://magiceden.io/item-details/5tshD653HBwqGLQ16wp8YGot58SgNF2AktzJMZHNa1BN,Burning Flames,Sailor Red,,Vintage Sunglasses,,Snapback,,Base,,Base,
Rupert Harter,25,870,0,https://magiceden.io/item-details/6DzAQCY84N2DkCcsmQxMg187yFDeXghhYFMDAeZkt31g,Orange Fever,Flaming Skull,,,,Pirate's Crown,Overpriced Silver Pendant,Base,Cigarette,Base,
Brenton Quinlan,25,2171,0,https://magiceden.io/item-details/Hh14ATUJ5MvrvdfR1iFqvE4ysZktpbw7mm74tPb9zkSk,Garden Of Eden,,,,Bob Ross Hairstyle,,Silver Pendant,Base,,Base,
Garrett Rangel,25,3325,0,https://magiceden.io/item-details/Hh7Yq36hKNGKdvdvZACaPDPRLEgdXvD2gDJ8dnyWCn3H,Cerulean Mornings,,,,,,,Base,,Base,
Reymundo Weinstein,25,603,0,https://magiceden.io/item-details/Dyz4gsogYq9gJEUZVnp5Ny1aPHpPNB3s6atF5boa5kfM,Cerulean Mornings,,,Sunnies On,,Red Ghetto Bandana,Silver Pendant,Cerulean,,Base,
Miller Akin,25,217,0,https://magiceden.io/item-details/F8rQ6ZUAK9Bxa38tDAJEePyVYBEMLShhTrbutjYmJrb5,80's Retro Sunset,Oldschool Tee,,,,Pirate's Crown,Retro Pendant,Cerulean,Vape,Base,
Naim Nielsen,25,2643,0,https://magiceden.io/item-details/CNZ1aLgAHfGDpiwdP6WGHxK9rTaaAybefZgknkXNqonT,Light Blue,,,Vintage Sunglasses,,Black Ghetto Bandana,,Base,,Base,
Nivaan Mercer,25,1292,0,https://magiceden.io/item-details/G96rXhpLM2wtp27uLL6dYz1AaVKGb3fk9De13J6f3uKr,Old White Bricks,San Andreas,,,,,Money On My Mind,Eared,,Base,
Rigoberto Castellano,25,1489,0,https://magiceden.io/item-details/BQjoutayJY75obc4A2MtXt3QCh8dNC2JDSjBPXnih96A,Purple Frenzy,,,Eye Patch,,Purple Ghetto Bandana,Gold Chain Pendant,Base,,Base,
Brad Newkirk,25,3222,0,https://magiceden.io/item-details/DvNSR87WHY6Kc7kMXcfUWU2qSFamzcsfMrTqA5C3SH2W,Light Blue,,,Pit Viper,,,,Base,,Base,
Boone Fox,25,2498,0,https://magiceden.io/item-details/94A6ow5z1kTr2bWRJbQ75ocaXjypPAbAV2bVa48mUSmM,Grey,,,,,,Overpriced Silver Pendant,Cerulean,Cigarette,Base,
Bryer Broussard,25,1571,0,https://magiceden.io/item-details/AtNFgPWfvQiBGYx8WRCSsY5kzwGFdopKXfLRbgev3cNf,Castle In The Sky,,,Pit Viper,,Black Ghetto Bandana,Retro Pendant,Base,,Base,
Enoch Whitlock,26.69,236,0,https://magiceden.io/item-details/Bjm1cL1WrugdsN14jKT3ESADcAXH6LFdtc4qgYtJYKuL,Purple Frenzy,Navy Hoodie,,Eye Patch,,,Gold Chain Pendant,Aquamarine,Cigarette,Base,
Emari Farr,27.1,1561,0,https://magiceden.io/item-details/4dKTnECof2bRXSH8kPxRC3YSKfwD78FmJbshhBWdJK1x,Pink,Solana Singlet,,3D Glasses,,,,Base,Cigarette,Base,
Amadou Gage,28,342,0,https://magiceden.io/item-details/Bv8eAWt2yVcXyaJNLanZS7XahJwBQNRyNbU4CzwdiFNM,Pink,,Devil's Spark Eyes,,,,Retro Pendant,Base,I Want My Cigar,Base,Beelzebub's Wings
Jibril Arias,28,1105,0,https://magiceden.io/item-details/AJwnGuZqKdzLAJZx5QtrRFPwnNinZJcqEh6qn4Lz2m1M,Orange Fever,Thug,,,,Archangel's Crown,,Without Shell,,Base,
Olin Mcarthur,28,1761,0,https://magiceden.io/item-details/7rexffkdgZdvwHH3FnV5QK8BnsCPPLZvL1XtW26js5mE,Grey,Teenager,,,,,Retro Pendant,Rocky,Vape,Base,
Catherine Cloud,29,352,0,https://magiceden.io/item-details/6MV7jTL3uJWKAnWGRSDXnWMDjKyp2ZtcQztqjChNmR11,Light Blue,,,Sunnies On,,Archangel's Crown,Yee Haw,Woman,Cigarette,Base,
Dong Thigpen,29.69,2940,0,https://magiceden.io/item-details/4ueSbzTE21UbKM4h7mZrhF3rnJvRJhb8Fjds6wPt9Yvr,Burgundy Desire,,,,,King of the Kings,Yee Haw,Base,,Base,
Gail Doyle,30,2375,0,https://magiceden.io/item-details/3yxcs7JnYEe2ibsdnm1mBiLgKNb6H6An9BcbWNHJgoTM,Orange Fever,,,,,Solana Hat,,Base,Vape,Base,
Huey Mchugh,30,2972,0,https://magiceden.io/item-details/4j9MPeHXXsEcxpQJwV8PNtfNXyQHbjhzfMLPyKUnRsua,Pink,,,Nerd One's Glasses,,,Retro Pendant,Base,,Base,
Fischer Heath,30,1988,0,https://magiceden.io/item-details/CvGTQebfchcnaF5Lbfyxpx4BtcCbW9EbkM6dmQY9AdYx,Orange Fever,Sailor Red,,,,Purple Ghetto Bandana,,Base,I Want My Cigar,Base,
Manual Baumann,32.5,199,0,https://magiceden.io/item-details/GWNumNQ13YsdmnrCtUwdG3fV6UDVPhpJJ2Moz688gqaW,Trick Or Treat,Teenager,,Sunnies On,,,,Base,Cigarette,Base,Archangel's Wings
Holden Ramey,34,493,0,https://magiceden.io/item-details/J3bTRwBHbs7r9t3iQ5P8ETypEwxwC67vrK78n6G8KuqN,Pink,San Andreas,,Eye Patch,,,,Base,Cigarette,Base,Archangel's Wings
Alfonso Bautista,35,1777,0,https://magiceden.io/item-details/5TV2tkbE2vjJDwWZYJisU2stdVQ4bYSqir2sJcouCdLF,Castle In The Sky,Green Ripped Tshirt,,,,,Retro Pendant,Base,,Base,
Bret Peak,35,768,0,https://magiceden.io/item-details/DsrBesf3A5jLSZiFYJHTNEuhsPbt9zcV1tCdXryaRdag,Pink,White Collar Shirt,,Solana Glasses,,Snapback,,Base,I Want My Cigar,Base,
Bodie Egan,35,928,0,https://magiceden.io/item-details/EwEf172vDiwxm8sKmWT8Cpu8TXASMkF8cnGjjPV5Fo91,Orange Fever,Sailor Red,,Eye Patch,Sam's old hairstyle,,Yee Haw,Base,,Base,
Arlie Rawls,35,1745,0,https://magiceden.io/item-details/HiX18LwDo9NgtsQ6YgAStGexiC9YJv5KKo2avaBoAVr5,Orange Fever,Abstract,,,,Solana Hat,,Base,,Base,
Junior Mcmillen,35,2594,0,https://magiceden.io/item-details/GLeghi1HNeV6rVt5n8Qfmq3K26mtmSomX4h4kWCBWfvM,Burgundy Desire,,Magenta Spark Eyes,,,,,Base,,Base,
Giovany Milner,37,775,0,https://magiceden.io/item-details/1L4Z1a9JmwToZe1FNa8LYRgPeST846LhCepq2tj1oNF,Cerulean Mornings,Navyblue Ripped Tshirt,,,,,,Dark Skin,Vape,Base,
Dean Mcgowan,39.99,459,0,https://magiceden.io/item-details/Fpxnz2FcP6Xuuw17ptwbemYVGwX7aumA92nXh5aZLaww,Cerulean Mornings,Solana Shirt,,,,,,Base,Vape,Base,Beelzebub's Wings
Makoa Cooper,40,1012,0,https://magiceden.io/item-details/GGfhmZN6MJJ518F51cpVjCz9qmpLC6LVqQaF2aeTjHdJ,80's Retro Sunset,,,Solana Glasses,,Solana Bandana,Retro Pendant,Base,,Base,
Xavier Gilmore,44,2927,0,https://magiceden.io/item-details/2irBTkrWiNHnSrYWjPrjumxvzCWm3VBxS96Nvwgyy2fd,Old White Bricks,,,,,Purple Ghetto Bandana,Retro Pendant,Base,,Base,
Bransen Bunn,45,615,0,https://magiceden.io/item-details/G66Ki1hbPpNVVVPik99EdUD86BmRDVBGLVrXt5d1a5C8,Old White Bricks,,,Eye Patch,,Red Ghetto Bandana,,Base,,Base,Beelzebub's Wings
Decker Cramer,50,187,0,https://magiceden.io/item-details/HDWFd1V6yFdaZ1mzn5q5XGG7vpiuVANkwLb9E5j8cmQj,Pink,Ice Ice Baby,,Nerd One's Glasses,,White Ghetto Bandana,,Rocky,Cigarette,Base,
Ty Castle,50,296,0,https://magiceden.io/item-details/4vQapgqtjxLQU8GSHtmGrXiYFrHQBiFQmEV8q8ejmfs6,Purple Frenzy,Thrasher,,Sunnies On,,,Retro Pendant,Base,Cigarette,Base,Beelzebub's Wings
Rayden Escalante,59.69,910,0,https://magiceden.io/item-details/674ZWbWidZb3Aw1FEafeR4MZxMwyENLFHuGwMVQwUuWk,Burgundy Desire,Ice Ice Baby,,,,King of the Kings,,Light Skin,,Base,
Rob Linares,60,558,0,https://magiceden.io/item-details/6jNx8QXUZCnkbJdf1ZX3xyopDP49ZFpnpABLiP5BRF6e,Burgundy Desire,Magenta Skull,,,,Pirate's Crown,Yee Haw,Cerulean,,Base,
Andre Lovejoy,69,297,0,https://magiceden.io/item-details/mUwbtH3jTuSPDXYh7Cmxizv6Htzr8D3TDLdSxw1KvB4,Grey,Frozen Skull,,,,Archangel's Crown,,Aquamarine,,Base,
Hilario Arsenault,69.42,433,0,https://magiceden.io/item-details/HjuaGuuM9uRpYDpoqFTaQvg3Ae3QMwWcSmBr3Qb1uXFS,Purple Frenzy,,,Solana Glasses,Gentlemen's Hairstyle,,Solana White Gold,Cerulean,,Base,
Barry England,69.6942,358,0,https://magiceden.io/item-details/HnQHhHxrf3R1k2NqVQMJwRpmE665UM6q3iaRju2pWM3B,Burgundy Desire,Cowboy's Choice,,Pit Viper,,King of the Kings,Overpriced Silver Pendant,Rocky,,Base,
Britt Sun,70,593,0,https://magiceden.io/item-details/9SErr1ZeJpP2zroDUFwV8VcBcZhKKGoMsbNpBSUcGo3G,Burgundy Desire,Pickle Rick,,Laser Flare Eyes,Sugar Daddy Hairstyle,,,Base,,Base,
Alan Lang,75,611,0,https://magiceden.io/item-details/CUS6do1eAxaxzrinAK598owHdMJhvmHybJWseUcD8CJx,Old White Bricks,Navyblue Ripped Tshirt,,,,Solana Bandana,Overpriced Silver Pendant,Base,,Base,
Sonny Valdes,95,80,0,https://magiceden.io/item-details/6auowp6nRLY5TtnukVhKWamYt4oMELBHR8JSiZtMDgKf,Grey,Autumn Leaves,,,,King of the Kings,Money On My Mind,Skin And Bones,,Base,
Aleczander Estrada,100,764,0,https://magiceden.io/item-details/8tqLwPTZbZoGvnLWvy7VGuqre7whXwZkr6oYhiPbRoSs,Cerulean Mornings,Flaming Skull,,,,,Yee Haw,Rocky,Vape,Base,
Mike Molina,150,12,0,https://magiceden.io/item-details/5wiuJBAscybbttxMvmkMmY7kiH58epgPS65gnFVKBgFY,Grey,Teenager,,Sunnies On,,Pirate's Crown,Yee Haw,Without Shell,Cigarette,Base,Beelzebub's Wings
Eivin Thorpe,200,68,0,https://magiceden.io/item-details/CEn4o9Qm4cBzWTW5xH6M4b3VUme4dxdCQRWXdWSXkbJ7,Orange Fever,Turquoise Ripped Tshirt,,Nerd One's Glasses,,Solana Hat,Yee Haw,Base,Cigarette,Base,
Boring Turtle,500,NaN,0,https://magiceden.io/item-details/BfbiA7SgpgWXVJUcVuSWJ3rYHoE6oS7ob3PGDJyQocZP,,,,,,,,,,,
Zapi,500,NaN,0,https://magiceden.io/item-details/AEqNBJ6mGMekdRKhqNNZRYe6STxGxd9BuoB7hfx1vbkj,,,,,,,,,,,
Nestor Littleton,666,1,0,https://magiceden.io/item-details/7a7ZTi5oSuuEmmRQYnWgR9SQ3LqVNU4FCo2fH1wfMoaW,Trick Or Treat,Gray Ripped Tshirt,,3D Glasses,,Solana Bandana,Yee Haw,Zombie,Cigarette,Base,Beelzebub's Wings
Issac Porter,666666,2687,0,https://magiceden.io/item-details/GrjbHRjQxdKjmXMU4n5cLYV8yusdW147wAbxURUFTrov,Pink,San Andreas,,,,Black Ghetto Bandana,,Base,,Base,
Allen Harrell,1000000,1757,0,https://magiceden.io/item-details/CFyBNxj9pNAKsoTw89CHx8Z2qtjE7RoBCW9NG3HFMUS1,Purple Frenzy,Forest Green,,,,,Overpriced Silver Pendant,Eared,Cigarette,Base,
Breyden Dorsey,18,439,4.72,https://solanart.io/search/?token=2XkHDFimZB6jKJVdvXcDnfDRWQqkcg3HvHcxw74ipHFp,Purple Frenzy,Casual Brown Vest,,Vintage Sunglasses,Bob Ross Hairstyle,,,Blood Vessel,,Base,
Kathleen Criswell,18,2078,0,https://solanart.io/search/?token=9bzH1k6G3DJFMskULieBRX1RxsWjCRdyw5TSqTBrdWDq,Burgundy Desire,,,,,White Ghetto Bandana,Retro Pendant,Woman,,Base,
Sachin Acuna,18.75,1005,0,https://solanart.io/search/?token=B2Ae2rUTBzqMV4Br3AsS2HWgZxWv2YiBTNZkwfzWAZ5S,Cerulean Mornings,Oldschool Tee,,Sunnies On,,,Yee Haw,Rocky,Cigarette,Base,
Grover Wiseman,19.99,2330,0,https://solanart.io/search/?token=CBtoWzWki5ApzHYxdtecue9Q4GL7xPuuJPyUwWcK2PPw,Purple Frenzy,Thug,,,,Black Ghetto Bandana,Yee Haw,Base,,Base,
Joesph Bolin,20,2441,0,https://solanart.io/search/?token=GpuFmJETnYQiwrJFGHPmwv3rhcY6ecGWdcksA1mwJSce,Trick Or Treat,,,,,Solana Bandana,,Base,,Base,
Kiernan Sullivan,21,2783,0,https://solanart.io/search/?token=583WEwKozEqTDbaCe8BhoVYZnx5efymujSEj2eEZp6XL,Burning Flames,,,,Gentlemen's Hairstyle,,,Base,,Base,
Kegan Zhang,22,3321,0,https://solanart.io/search/?token=Askv8ZU8xmgwiSKHC7PJWswveE27pnF1iyMEhD4LDt72,Grey,,,,,,Retro Pendant,Base,,Base,
Branch Schuster,22,1792,0,https://solanart.io/search/?token=9hKJj1aQrJz8UHn2WqmAfMQBHDznJv74K47EHHtE9hD7,Purple Frenzy,,,Sunnies On,,Black Ghetto Bandana,,Without Shell,,Base,
Chase Capps,22.9,1763,0,https://solanart.io/search/?token=3gNA52Piwi7AMVZ8wZQSqn57GqjfYemjHTU8tN3Htadr,Burgundy Desire,,,,,Indiana Jones Hat,,Base,,Base,Beelzebub's Wings
Malcolm Lemus,23,991,0,https://solanart.io/search/?token=xUt3hSt1nqNMu5xpBv9sm62HSs79WP7zCt8BvHRnJX2,80's Retro Sunset,,,Dracula Glasses,,White Ghetto Bandana,,Dark Skin,,Base,
Johan Haag,23.5,1670,0,https://solanart.io/search/?token=4HBhkoNb2RWY5acLvqhVrVQDcVAW9kp2Kzh2CFKnV4Mr,Garden Of Eden,Metalhead Outfit,,Sunnies On,,,,Rocky,,Base,
Niccolo Whitten,25,2582,0,https://solanart.io/search/?token=552GpJyFdPTDTaRVWwGeHQYbWZeocPux5kL8Vmu6gfKb,Orange Fever,Teenager,,Dracula Glasses,,,,Base,,Base,
Lance Jasso,25,2251,0,https://solanart.io/search/?token=7XkhztWns6M33Z3ueT6ceY9Eev6c2TGedSoz3U6Zw3Pa,Pink,Abstract,,,,,Retro Pendant,Base,I Want My Cigar,Base,
Gil Petty,25,1350,0,https://solanart.io/search/?token=HUXPg9TNhNttUxutdRs4Gjh7urpg28LStN9ikrQjcVqW,Orange Fever,,,Dracula Glasses,Sam's old hairstyle,,,Base,Vape,Base,
Dayson Vanhorn,25,3242,0,https://solanart.io/search/?token=pRAr6W5aoeKdQY7nKpNLoC68F8WuFZWFGTePZdXuZHZ,Burgundy Desire,,,Vintage Sunglasses,,,,Base,,Base,
Lael Hemphill,25.1,1704,0,https://solanart.io/search/?token=EJmxX5kz8EBFTQz8fdhJ9WZWNWGdZB5Bt8aLBvEwCbWG,Old White Bricks,Sailor Red,,Nerd One's Glasses,,,,Rocky,,Base,
Major Davey,25.5,2650,0,https://solanart.io/search/?token=G1zuTjWHqAfFMbVhYohicpUXAtCfVeNxukPEuN2c8msv,Orange Fever,,,,,Indiana Jones Hat,Retro Pendant,Rocky,,Base,
Kolton Longoria,26,2361,0,https://solanart.io/search/?token=EsKGZPFzBX9Ggu8ZwWYWb9LK4k6Zop1M8khdLeRidUxk,Burgundy Desire,Sailor Red,,,,,,Without Shell,Cigarette,Base,
Rodney Grayson,26,1531,0,https://solanart.io/search/?token=C6dFzuNUZzXb2YFNuQfcbLyJZdMULDVFJPVx9fZRtxqB,Trick Or Treat,,,,,Purple Ghetto Bandana,Retro Pendant,Eared,,Base,
Russel Martens,28,2502,0,https://solanart.io/search/?token=Dry817pgKSrNMjhm5hwrdN7Dc3nXgsk5Gut1obkodQyP,Old White Bricks,,,,,Purple Ghetto Bandana,Yee Haw,Base,Cigarette,Base,
Denzel Peebles,29,146,0,https://solanart.io/search/?token=BVNUW3YbTGrC3fe2oARkUBYRdNMJCWxfYL5kVuuh62z5,Purple Frenzy,Thrasher,,Vintage Sunglasses,Sugar Daddy Hairstyle,,,Base,,Base,Beelzebub's Wings
Amarion George,29,282,0,https://solanart.io/search/?token=SAGZVvxL4JqobjEjcZrEfwybRkjLmdpnmy3PmWEycgN,Light Blue,Navyblue Ripped Tshirt,,Dracula Glasses,,Black Ghetto Bandana,Retro Pendant,Base,Cigarette,Base,
Truitt Hampton,29.299999,1365,0,https://solanart.io/search/?token=ATnfGcVoEJytDSBZkwm6kue1uMP3SkGvV4oEoYBvNdVb,Trick Or Treat,,,,Gentlemen's Hairstyle,,Yee Haw,Without Shell,,Base,
Tobin Lawler,30,2802,0,https://solanart.io/search/?token=Ep9iixbVGN7xQ1xA7SLzj7Bp7sdUJaYsx3Xi5BEhoCUm,Burgundy Desire,Thug,,,,,Gold Chain Pendant,Base,,Base,
Ekam Stanford,30,260,0,https://solanart.io/search/?token=36x2PQifhzhJsqZTX8tqgiCpVa3644YMtt3Z5qy45CcH,Grey,,,Sunnies On,,Black Ghetto Bandana,Retro Pendant,Base,Vape,Base,Beelzebub's Wings
Talen Mcnulty,30,1334,0,https://solanart.io/search/?token=FaHGy1Gexgnry4aCwCi9SNwRMcRi3eFg1i6Hb1ETi2L9,Grey,Navy Hoodie,,,,Solana Hat,Overpriced Silver Pendant,Base,,Base,
Hanson Weems,30,2455,0,https://solanart.io/search/?token=7QjCrWWhAx7cwZXspbCWn4VrpKd1o1DwT29tUspr3Gyf,Grey,Thrasher,,Pit Viper,,,,Base,,Base,
Enoc Prewitt,30,220,0,https://solanart.io/search/?token=BavaF5Jsb8cmZXmVyiL59tpgcQgtXA23NReFauoN7VBm,Orange Fever,Sailor Red,,Nerd One's Glasses,,Indiana Jones Hat,,Without Shell,I Want My Cigar,Base,
Kyzer Zhao,30,1173,0,https://solanart.io/search/?token=5kNyyZH74XzQr1fdwisjDsJEQmFqdURD81MqYpmxuXkZ,Burgundy Desire,,,Nerd One's Glasses,,Purple Ghetto Bandana,Yee Haw,Base,I Want My Cigar,Base,
Everett Alicea,34,1167,0,https://solanart.io/search/?token=4E8KRUQKkuhStHZcLVvDsWJ8Y9DpymCibSXVEc1vhg4T,Purple Frenzy,Sailor Red,,Deal With It,,King of the Kings,Yee Haw,Base,,Base,
Boruch Burger,35,1494,0,https://solanart.io/search/?token=3PTDHkCP8xAGTxHWvEyJykNGfoUPvdhnfWczG4RvhSuh,80's Retro Sunset,Classic Brown Vest,,Pit Viper,,,,Base,Cigarette,Base,
Jimmie Duarte,38,3131,0,https://solanart.io/search/?token=MDsu5bEqz2jLyzDdAVF2W7mJZvjYVSCP5zp4MDMZSUD,Burgundy Desire,,,Nerd One's Glasses,,,,Base,,Base,
Leopoldo Montenegro,38.400002,862,0,https://solanart.io/search/?token=9nuTEyWKrm7bfft8uL9p51EcE8unBXRGUhGiTZZDJKLi,Purple Frenzy,Sailor Red,,Deal With It,Sugar Daddy Hairstyle,,Silver Pendant,Base,,Base,
Karver Pierre,39,571,0,https://solanart.io/search/?token=5maxbajdxikc8Tw3mvD69nWLU8ySAsNmx5ruCLdUTpxM,Burgundy Desire,White Collar Shirt,,Pit Viper,Sugar Daddy Hairstyle,,Yee Haw,Base,Vape,Base,
Braulio James,40,786,0,https://solanart.io/search/?token=56R5ua6x3HypWSgGb1QrEoMrYZCch561kuphuqoMTe6w,Burgundy Desire,Solana Singlet,,,,,Gold Chain Pendant,Rocky,I Want My Cigar,Base,
Kaizen Mccorkle,40,954,0,https://solanart.io/search/?token=C52CLvKudansZMdcnDbf8ZpD5ZUpyxN1CjqDA2Wg4uSB,Purple Frenzy,Cowboy's Choice,,Dracula Glasses,,,Overpriced Silver Pendant,Eared,,Base,
Faustino Call,40,1315,0,https://solanart.io/search/?token=Ejjn9ry7kMYPrywNNU6NiYQsPdL4A6z5gZgVWe7MsvQC,Old White Bricks,,,Vintage Sunglasses,Sugar Daddy Hairstyle,,Retro Pendant,Base,I Want My Cigar,Base,
Karmelo Machado,40,936,0,https://solanart.io/search/?token=55C4oNCvkbpCcgr9BwbUeR1ffFzgkRFZfLcVisGva2ke,Pink,Sailor Red,,Eye Patch,,Purple Ghetto Bandana,,Base,I Want My Cigar,Base,
Kalvin Iglesias,41,2459,0,https://solanart.io/search/?token=Bm8k1Z5ZBwb3vE7F7WRyqTdgYXHQNzUcL36DgiLyXmLA,Grey,Alternative Rock,,,,,Gold Chain Pendant,Base,,Base,
Shaquille Kunkel,44,3051,0,https://solanart.io/search/?token=uNB9Bbn9U1VH89uyej1WVNCWQUXKrm5tS8MmQhc9bzi,Cerulean Mornings,Cowboy's Choice,,,,,,Base,,Base,
Trey Donnelly,49,1340,0,https://solanart.io/search/?token=9xkWdbCfdWhPASx2gbDeu8pWZhkeurnTJPKCtv331BNi,Light Blue,Flaming Skull,,,,Snapback,Yee Haw,Base,,Base,
Preston Troy,49,2065,0,https://solanart.io/search/?token=2dstFDHcVPyK8wh1newAHYrMpD6XUcmzeMxpGC8Er3xz,80's Retro Sunset,Casual Brown Vest,,Pit Viper,,,,Base,,Base,
Freeman Rico,50,2506,0,https://solanart.io/search/?token=DeoxUR73UXkZkQWxRxngQVf5jGTPjyhpkS2Gt5pVqoSr,80's Retro Sunset,,,,Sugar Daddy Hairstyle,,Overpriced Silver Pendant,Base,,Base,
Nikolas Herrington,60,1404,0,https://solanart.io/search/?token=9oNaz66PUTd37baD1wdFGW6hZcaPKxPtJy7GWMqiEJDH,Purple Frenzy,,,,,Purple Ghetto Bandana,Retro Pendant,Without Shell,I Want My Cigar,Base,
Diego Paxton,60,2958,0,https://solanart.io/search/?token=G7d9Sd29QwssLwKAFpofY1aZG8HLxz17VBsyqkVJxZVL,Orange Fever,,,,,King of the Kings,Yee Haw,Base,,Base,
Gonzalo Bender,60,2507,0,https://solanart.io/search/?token=EpxURDcAXvdtjSgTdsReEKAWeX2bnc12rdTT2CrUmTer,Cerulean Mornings,Royalty Red,,,,,,Base,,Base,
Russ Mcneal,71,446,0,https://solanart.io/search/?token=HwTp3qRDoynqyGLYZ3sHBEYRTT7EWPRiozPvcuwk6B6b,Light Blue,Teenager,,Dracula Glasses,Gentlemen's Hairstyle,,,Blood Vessel,,Base,
Kaleo Russell,73,3069,0,https://solanart.io/search/?token=HhEB9CUsutEdXdkKQguCdx1rb6xxoxmc16yPcFTsMMwc,Pink,San Andreas,,,,,Yee Haw,Base,,Base,
Athan Alston,80,101,0,https://solanart.io/search/?token=9SyEYKD4kKSESYFCmfFnFs71jhCwUVFbpT2uLFDdZRUH,Pink,White Collar Shirt,,Dracula Glasses,Sugar Daddy Hairstyle,,Money On My Mind,Blood Vessel,,Base,
Nicholas Wing,81,232,0,https://solanart.io/search/?token=BWzFYmkBPAoay31DYq146vEw1S6HbDS8Xjh234ixeTEV,Grey,Oldschool Tee,,Pit Viper,,King of the Kings,,Blood Vessel,Cigarette,Base,
Cristofer Ammons,89,1202,0,https://solanart.io/search/?token=ATjPTYg13dsU5td35hi193kfpaEKLbwpok1R7GxEcJiE,Light Blue,,Devil's Spark Eyes,Deal With It,,,,Base,I Want My Cigar,Base,
Garret Fanning,95,134,0,https://solanart.io/search/?token=4R4n5fxaHHQutwrnon82PUrrsprhYooif1woe3bBXzzq,Old White Bricks,Alternative Rock,,,Sam's old hairstyle,,Yee Haw,Dark Skin,Vape,Base,
Damian Lutz,98,562,0,https://solanart.io/search/?token=AMR7jpPykBKkoDZuid2SFZXNqzyGZkQEjLTg9xoK5S5p,Purple Frenzy,Alternative Rock,,,,Red Ghetto Bandana,,Base,,Base,Beelzebub's Wings
Kyree Burgos,110,911,0,https://solanart.io/search/?token=jWLxXaWDeZKNUecCPJzYeESGRQGXcUjyHcF5Q45xrWb,Pink,,,Sunnies On,,Snapback,Yee Haw,Light Skin,Cigarette,Base,
Cordell Seay,150,136,0,https://solanart.io/search/?token=u1r3io9i5nLVxfhiX7tFw9qEawjXeVMQXELT6gJvec1,Light Blue,Casual Brown Vest,,Laser Flare Eyes,,White Ghetto Bandana,Gold Chain Pendant,Base,Cigarette,Base,
Isidro Parish,160,287,0,https://solanart.io/search/?token=8q6hBUHjXnbTf7wkNubhBHFkeJquT4Z29aEyS1biCx21,Orange Fever,,,Laser Flare Eyes,Bob Ross Hairstyle,,Solana White Gold,Dark Skin,,Base,
Wayde Hutson,200,1119,0,https://solanart.io/search/?token=5Uc58Ra8ENSmGBRZAxx8Hii9V49VBgxYYZzzPLC1RWgH,Purple Frenzy,Royalty Red,,,,Purple Ghetto Bandana,,Base,Cigarette,Base,
X Ã† A-39,222,184,0,https://solanart.io/search/?token=8QDvirmfTjzF3e9S5rgsnx6hhPp4BsakQHDwofH4WL5L,Burgundy Desire,Solana Singlet,,,Sugar Daddy Hairstyle,,Retro Pendant,Alien,Cigarette,Base,
Ridge Fiore,250,155,0,https://solanart.io/search/?token=H8xF8FGQ9PcCnkmD3Cs6KwAGGGhcHuoGhBusarjNho4,Purple Frenzy,Casual Brown Vest,,Sunnies On,,King of the Kings,Retro Pendant,Skin And Bones,,Base,
Matheo Huang,325,309,0,https://solanart.io/search/?token=F17i1kBZtB6niKYNDNKj6bXhinzRWrRjirMqK3PQemaH,Pink,Sailor Red,,,Sam's old hairstyle,,,Base,Cigarette,Base,Archangel's Wings
